ISO-10303-21;
HEADER;
FILE_DESCRIPTION (( 'STEP AP203' ),
    '1' );
FILE_NAME ('final.STEP',
    '2026-08-21T09:50:38',
    ( '' ),
    ( '' ),
    'SwSTEP 2.0',
    'SolidWorks 2025',
    '' );
FILE_SCHEMA (( 'CONFIG_CONTROL_DESIGN' ));
ENDSEC;

DATA;
#1 = ORIENTED_EDGE ( 'NONE', *, *, #633, .F. ) ;
#2 = PLANE ( 'NONE',  #476 ) ;
#3 = EDGE_CURVE ( 'NONE', #1689, #1137, #1190, .T. ) ;
#4 = DIRECTION ( 'NONE',  ( -1.000000000000000000, 0.000000000000000000, 0.000000000000000000 ) ) ;
#5 = DIRECTION ( 'NONE',  ( 0.3465986505270888252, -0.9380135262632415261, 0.000000000000000000 ) ) ;
#6 = ORIENTED_EDGE ( 'NONE', *, *, #1332, .T. ) ;
#7 = FACE_OUTER_BOUND ( 'NONE', #558, .T. ) ;
#8 = EDGE_CURVE ( 'NONE', #239, #3531, #2275, .T. ) ;
#9 = CARTESIAN_POINT ( 'NONE',  ( 42.28285014000000075, -95.40649841779999463, 1.500000000000000000 ) ) ;
#10 = ORIENTED_EDGE ( 'NONE', *, *, #419, .T. ) ;
#11 = FACE_OUTER_BOUND ( 'NONE', #70, .T. ) ;
#12 = VECTOR ( 'NONE', #1363, 999.9999999999998863 ) ;
#13 = LINE ( 'NONE', #2732, #3016 ) ;
#14 = CIRCLE ( 'NONE', #1839, 8.000000000000000000 ) ;
#15 = ORIENTED_EDGE ( 'NONE', *, *, #1162, .T. ) ;
#16 = DIRECTION ( 'NONE',  ( 1.000000000000000000, -1.010643099610000011E-15, 0.000000000000000000 ) ) ;
#17 = ORIENTED_EDGE ( 'NONE', *, *, #2594, .T. ) ;
#18 = AXIS2_PLACEMENT_3D ( 'NONE', #85, #1972, #3300 ) ;
#19 = DIRECTION ( 'NONE',  ( 0.000000000000000000, 0.000000000000000000, 1.000000000000000000 ) ) ;
#20 = AXIS2_PLACEMENT_3D ( 'NONE', #3466, #2115, #1588 ) ;
#21 = DIRECTION ( 'NONE',  ( 0.000000000000000000, 0.000000000000000000, 1.000000000000000000 ) ) ;
#22 = CARTESIAN_POINT ( 'NONE',  ( 245.2970493635999958, 9.503007930499999034, 23.00000000000000000 ) ) ;
#23 = CC_DESIGN_APPROVAL ( #1940, ( #813 ) ) ;
#24 = ORIENTED_EDGE ( 'NONE', *, *, #1685, .F. ) ;
#25 = CARTESIAN_POINT ( 'NONE',  ( 378.2907752560000176, 0.000000000000000000, 0.000000000000000000 ) ) ;
#26 = CARTESIAN_POINT ( 'NONE',  ( 9.551287654999990551, -75.78802504909999982, 0.000000000000000000 ) ) ;
#27 = VERTEX_POINT ( 'NONE', #1471 ) ;
#28 = EDGE_LOOP ( 'NONE', ( #2398, #3506, #836, #503, #1079, #2671, #2116, #1971 ) ) ;
#29 = DIRECTION ( 'NONE',  ( -1.000000000000000000, 0.000000000000000000, 0.000000000000000000 ) ) ;
#30 = EDGE_CURVE ( 'NONE', #384, #2884, #1530, .T. ) ;
#31 = AXIS2_PLACEMENT_3D ( 'NONE', #901, #2001, #2661 ) ;
#32 = DIRECTION ( 'NONE',  ( 0.000000000000000000, 0.000000000000000000, 1.000000000000000000 ) ) ;
#33 = VECTOR ( 'NONE', #1660, 1000.000000000000227 ) ;
#34 = EDGE_LOOP ( 'NONE', ( #2023, #1853, #2710, #197 ) ) ;
#35 = CARTESIAN_POINT ( 'NONE',  ( 189.1453876279999804, -174.7751453105999815, 23.00000000000000000 ) ) ;
#36 = ORIENTED_EDGE ( 'NONE', *, *, #785, .F. ) ;
#37 = FACE_OUTER_BOUND ( 'NONE', #770, .T. ) ;
#38 = CARTESIAN_POINT ( 'NONE',  ( 189.1453876279999804, 68.72485468940000430, 1.500000000000000000 ) ) ;
#39 = CARTESIAN_POINT ( 'NONE',  ( 322.7928180159999556, 8.092605675799998011, -14.00000000000000000 ) ) ;
#40 = ORIENTED_EDGE ( 'NONE', *, *, #846, .F. ) ;
#41 = EDGE_CURVE ( 'NONE', #752, #792, #1813, .T. ) ;
#42 = DIRECTION ( 'NONE',  ( 0.000000000000000000, 0.000000000000000000, 1.000000000000000000 ) ) ;
#43 = ORIENTED_EDGE ( 'NONE', *, *, #2686, .T. ) ;
#44 = ORIENTED_EDGE ( 'NONE', *, *, #2859, .T. ) ;
#45 = DIRECTION ( 'NONE',  ( 0.000000000000000000, 0.000000000000000000, 1.000000000000000000 ) ) ;
#46 = CARTESIAN_POINT ( 'NONE',  ( 379.0277546049999842, 21.20039767169999934, 0.000000000000000000 ) ) ;
#47 = PRODUCT_RELATED_PRODUCT_CATEGORY ( 'detail', '', ( #3120 ) ) ;
#48 = VECTOR ( 'NONE', #998, 1000.000000000000000 ) ;
#49 = ADVANCED_FACE ( 'NONE', ( #945 ), #99, .F. ) ;
#50 = CARTESIAN_POINT ( 'NONE',  ( 1.200314477999979923, -79.64823839119999604, 23.00000000000000000 ) ) ;
#51 = AXIS2_PLACEMENT_3D ( 'NONE', #3068, #2833, #1512 ) ;
#52 = VERTEX_POINT ( 'NONE', #1253 ) ;
#53 = CARTESIAN_POINT ( 'NONE',  ( 39.45037820199999601, 14.72874426789999980, 0.000000000000000000 ) ) ;
#54 = DIRECTION ( 'NONE',  ( -1.000000000000000000, 0.000000000000000000, 0.000000000000000000 ) ) ;
#55 = VECTOR ( 'NONE', #1179, 1000.000000000000000 ) ;
#56 = DIRECTION ( 'NONE',  ( 0.8464719258273608604, 0.5324333561922269809, 0.000000000000000000 ) ) ;
#57 = CARTESIAN_POINT ( 'NONE',  ( 83.85522893899999985, -103.7688094272999848, -20.00000000000000000 ) ) ;
#58 = EDGE_CURVE ( 'NONE', #3284, #2636, #2277, .T. ) ;
#59 = ORIENTED_EDGE ( 'NONE', *, *, #3170, .T. ) ;
#60 = CARTESIAN_POINT ( 'NONE',  ( 387.6430542350000223, -49.91952328353000468, 23.00000000000000000 ) ) ;
#61 = DIRECTION ( 'NONE',  ( 0.000000000000000000, 0.000000000000000000, 1.000000000000000000 ) ) ;
#62 = ORIENTED_EDGE ( 'NONE', *, *, #2688, .T. ) ;
#63 = DIRECTION ( 'NONE',  ( -1.000000000000000000, 0.000000000000000000, 0.000000000000000000 ) ) ;
#64 = AXIS2_PLACEMENT_3D ( 'NONE', #426, #158, #1810 ) ;
#65 = FACE_OUTER_BOUND ( 'NONE', #2821, .T. ) ;
#66 = EDGE_CURVE ( 'NONE', #385, #635, #1071, .T. ) ;
#67 = CARTESIAN_POINT ( 'NONE',  ( 69.74060213899998928, 20.03109304279999847, 23.00000000000000000 ) ) ;
#68 = EDGE_LOOP ( 'NONE', ( #2729, #2599, #1380, #109, #2399, #360, #3386, #3256, #1679, #3166, #2894, #173 ) ) ;
#69 = CARTESIAN_POINT ( 'NONE',  ( 189.1453876279999804, 59.72485468940000430, -14.00000000000000000 ) ) ;
#70 = EDGE_LOOP ( 'NONE', ( #2190, #1587, #2520, #885 ) ) ;
#71 = DIRECTION ( 'NONE',  ( 0.2704654923149051315, -0.9627296699836647154, 0.000000000000000000 ) ) ;
#72 = UNCERTAINTY_MEASURE_WITH_UNIT (LENGTH_MEASURE( 1.000000000000000082E-05 ), #2741, 'distance_accuracy_value', 'NONE');
#73 = AXIS2_PLACEMENT_3D ( 'NONE', #2787, #42, #1125 ) ;
#74 = DIRECTION ( 'NONE',  ( -1.000000000000000000, 0.000000000000000000, 0.000000000000000000 ) ) ;
#75 = ADVANCED_FACE ( 'NONE', ( #2683 ), #2632, .T. ) ;
#76 = CARTESIAN_POINT ( 'NONE',  ( 41.42612905999999384, 57.54289668739999541, 1.500000000000000000 ) ) ;
#77 = ADVANCED_FACE ( 'NONE', ( #3239 ), #2150, .F. ) ;
#78 = VERTEX_POINT ( 'NONE', #3452 ) ;
#79 = ORIENTED_EDGE ( 'NONE', *, *, #2873, .T. ) ;
#80 = DIRECTION ( 'NONE',  ( 0.000000000000000000, 0.000000000000000000, 1.000000000000000000 ) ) ;
#81 = AXIS2_PLACEMENT_3D ( 'NONE', #2807, #3078, #2276 ) ;
#82 = CYLINDRICAL_SURFACE ( 'NONE', #809, 8.000000000000000000 ) ;
#83 = EDGE_CURVE ( 'NONE', #902, #1320, #2345, .T. ) ;
#84 = ORIENTED_EDGE ( 'NONE', *, *, #2174, .T. ) ;
#85 = CARTESIAN_POINT ( 'NONE',  ( 92.78178915489999667, -30.80981157060000086, 23.00000000000000000 ) ) ;
#86 = CARTESIAN_POINT ( 'NONE',  ( 189.1453876279999804, -51.87514531060000422, -14.00000000000000000 ) ) ;
#87 = EDGE_CURVE ( 'NONE', #2855, #2918, #216, .T. ) ;
#88 = CARTESIAN_POINT ( 'NONE',  ( 300.8719208809999941, -6.501300608100000211, 23.00000000000000000 ) ) ;
#89 = ORIENTED_EDGE ( 'NONE', *, *, #529, .F. ) ;
#90 = DIRECTION ( 'NONE',  ( -0.8459707161212033366, 0.5332293572801282133, 0.000000000000000000 ) ) ;
#91 = ORIENTED_EDGE ( 'NONE', *, *, #1371, .F. ) ;
#92 = CARTESIAN_POINT ( 'NONE',  ( 189.1453876279999804, -165.7751453106000099, 23.00000000000000000 ) ) ;
#93 = VERTEX_POINT ( 'NONE', #1837 ) ;
#94 = DIRECTION ( 'NONE',  ( 0.000000000000000000, 0.000000000000000000, 1.000000000000000000 ) ) ;
#95 = CARTESIAN_POINT ( 'NONE',  ( 189.1453876279999804, -174.7751453105999815, 23.00000000000000000 ) ) ;
#96 = AXIS2_PLACEMENT_3D ( 'NONE', #2989, #2467, #56 ) ;
#97 = ORIENTED_EDGE ( 'NONE', *, *, #1422, .F. ) ;
#98 = CC_DESIGN_PERSON_AND_ORGANIZATION_ASSIGNMENT ( #3417, #2083, ( #813 ) ) ;
#99 = PLANE ( 'NONE',  #2903 ) ;
#100 = DIRECTION ( 'NONE',  ( 0.5332293572801281023, -0.8459707161212032256, 0.000000000000000000 ) ) ;
#101 = MANIFOLD_SOLID_BREP ( 'NONE', #3248 ) ;
#102 = VECTOR ( 'NONE', #2424, 1000.000000000000000 ) ;
#103 = DIRECTION ( 'NONE',  ( 0.3465986505270888252, -0.9380135262632416371, 0.000000000000000000 ) ) ;
#104 = ORIENTED_EDGE ( 'NONE', *, *, #293, .F. ) ;
#105 = DIRECTION ( 'NONE',  ( 0.9351352096859161245, 0.3542910379979681279, 0.000000000000000000 ) ) ;
#106 = ADVANCED_FACE ( 'NONE', ( #1053 ), #1000, .T. ) ;
#107 = FACE_OUTER_BOUND ( 'NONE', #3467, .T. ) ;
#108 = DIRECTION ( 'NONE',  ( 0.000000000000000000, 0.000000000000000000, 1.000000000000000000 ) ) ;
#109 = ORIENTED_EDGE ( 'NONE', *, *, #631, .T. ) ;
#110 = DIRECTION ( 'NONE',  ( 0.000000000000000000, 0.000000000000000000, 1.000000000000000000 ) ) ;
#111 = DIRECTION ( 'NONE',  ( 0.000000000000000000, 0.000000000000000000, 1.000000000000000000 ) ) ;
#112 = AXIS2_PLACEMENT_3D ( 'NONE', #1193, #2034, #128 ) ;
#113 = ORIENTED_EDGE ( 'NONE', *, *, #3065, .T. ) ;
#114 = CARTESIAN_POINT ( 'NONE',  ( 77.42528468200001157, 22.25497573119999828, 23.00000000000000000 ) ) ;
#115 = DIRECTION ( 'NONE',  ( 0.000000000000000000, 0.000000000000000000, 1.000000000000000000 ) ) ;
#116 = VERTEX_POINT ( 'NONE', #183 ) ;
#117 = VECTOR ( 'NONE', #2254, 1000.000000000000000 ) ;
#118 = EDGE_CURVE ( 'NONE', #1748, #3415, #3500, .T. ) ;
#119 = EDGE_CURVE ( 'NONE', #905, #2378, #1385, .T. ) ;
#120 = ORIENTED_EDGE ( 'NONE', *, *, #1496, .F. ) ;
#121 = PERSON_AND_ORGANIZATION_ROLE ( 'design_owner' ) ;
#122 = DIRECTION ( 'NONE',  ( -1.000000000000000000, 0.000000000000000000, 0.000000000000000000 ) ) ;
#123 = ORIENTED_EDGE ( 'NONE', *, *, #1348, .F. ) ;
#124 = CARTESIAN_POINT ( 'NONE',  ( 189.1453876279999804, -466.2751453106000099, 4.500000000000000000 ) ) ;
#125 = EDGE_CURVE ( 'NONE', #2220, #1824, #2476, .T. ) ;
#126 = CARTESIAN_POINT ( 'NONE',  ( 353.3360745710000401, -51.80407926460890167, -14.00000000000000000 ) ) ;
#127 = VECTOR ( 'NONE', #1285, 1000.000000000000000 ) ;
#128 = DIRECTION ( 'NONE',  ( -1.000000000000000000, 0.000000000000000000, 0.000000000000000000 ) ) ;
#129 = LINE ( 'NONE', #688, #1518 ) ;
#130 = DIRECTION ( 'NONE',  ( 0.000000000000000000, 0.000000000000000000, -1.000000000000000000 ) ) ;
#131 = VECTOR ( 'NONE', #1019, 1000.000000000000114 ) ;
#132 = ORIENTED_EDGE ( 'NONE', *, *, #2089, .T. ) ;
#133 = FACE_OUTER_BOUND ( 'NONE', #148, .T. ) ;
#134 = DIRECTION ( 'NONE',  ( 0.000000000000000000, 0.000000000000000000, 1.000000000000000000 ) ) ;
#135 = ORIENTED_EDGE ( 'NONE', *, *, #2910, .F. ) ;
#136 = ORIENTED_EDGE ( 'NONE', *, *, #1151, .T. ) ;
#137 = CARTESIAN_POINT ( 'NONE',  ( 247.6476446961999898, -32.19970726099999325, 23.00000000000000000 ) ) ;
#138 = ORIENTED_EDGE ( 'NONE', *, *, #2227, .T. ) ;
#139 = DIRECTION ( 'NONE',  ( 0.000000000000000000, 0.000000000000000000, 1.000000000000000000 ) ) ;
#140 = AXIS2_PLACEMENT_3D ( 'NONE', #2334, #1279, #1809 ) ;
#141 = DIRECTION ( 'NONE',  ( -0.6821139440933030595, -0.7312459006883240686, -0.000000000000000000 ) ) ;
#142 = ORIENTED_EDGE ( 'NONE', *, *, #1315, .F. ) ;
#143 = DIRECTION ( 'NONE',  ( 0.000000000000000000, 0.000000000000000000, -1.000000000000000000 ) ) ;
#144 = CARTESIAN_POINT ( 'NONE',  ( 48.78285014000000075, -95.40649841779999463, 0.000000000000000000 ) ) ;
#145 = DIRECTION ( 'NONE',  ( -0.9906290290583601443, 0.1365801112420496344, 0.000000000000000000 ) ) ;
#146 = DIRECTION ( 'NONE',  ( 0.000000000000000000, 0.000000000000000000, 1.000000000000000000 ) ) ;
#147 = DIRECTION ( 'NONE',  ( 0.000000000000000000, 0.000000000000000000, -1.000000000000000000 ) ) ;
#148 = EDGE_LOOP ( 'NONE', ( #2114, #472, #694, #3184 ) ) ;
#149 = ORIENTED_EDGE ( 'NONE', *, *, #1470, .F. ) ;
#150 = CALENDAR_DATE ( 2026, 21, 8 ) ;
#151 = AXIS2_PLACEMENT_3D ( 'NONE', #3328, #866, #3005 ) ;
#152 = CARTESIAN_POINT ( 'NONE',  ( 399.4911729280000259, -0.7369793489000050490, -20.00000000000000000 ) ) ;
#153 = AXIS2_PLACEMENT_3D ( 'NONE', #2874, #393, #2573 ) ;
#154 = ORIENTED_EDGE ( 'NONE', *, *, #2654, .T. ) ;
#155 = DIRECTION ( 'NONE',  ( 0.000000000000000000, 0.000000000000000000, -1.000000000000000000 ) ) ;
#156 = EDGE_CURVE ( 'NONE', #2470, #3017, #2082, .T. ) ;
#157 = EDGE_CURVE ( 'NONE', #2995, #252, #3167, .T. ) ;
#158 = DIRECTION ( 'NONE',  ( 0.000000000000000000, 0.000000000000000000, 1.000000000000000000 ) ) ;
#159 = EDGE_CURVE ( 'NONE', #699, #1733, #469, .T. ) ;
#160 = DIRECTION ( 'NONE',  ( -1.000000000000000000, 0.000000000000000000, 0.000000000000000000 ) ) ;
#161 = EDGE_CURVE ( 'NONE', #2556, #877, #201, .T. ) ;
#162 = DIRECTION ( 'NONE',  ( -0.7312459006883245127, -0.6821139440933026155, 0.000000000000000000 ) ) ;
#163 = ADVANCED_FACE ( 'NONE', ( #2382 ), #1016, .F. ) ;
#164 = VERTEX_POINT ( 'NONE', #489 ) ;
#165 = DIRECTION ( 'NONE',  ( -1.000000000000000000, 0.000000000000000000, 0.000000000000000000 ) ) ;
#166 = DIRECTION ( 'NONE',  ( -0.9605853178867271858, -0.2779853360529210282, -0.000000000000000000 ) ) ;
#167 = EDGE_CURVE ( 'NONE', #2971, #1873, #1570, .T. ) ;
#168 = VECTOR ( 'NONE', #2547, 1000.000000000000114 ) ;
#169 = VERTEX_POINT ( 'NONE', #504 ) ;
#170 = DIRECTION ( 'NONE',  ( 0.000000000000000000, 0.000000000000000000, -1.000000000000000000 ) ) ;
#171 = AXIS2_PLACEMENT_3D ( 'NONE', #1584, #234, #780 ) ;
#172 = FACE_OUTER_BOUND ( 'NONE', #257, .T. ) ;
#173 = ORIENTED_EDGE ( 'NONE', *, *, #1528, .T. ) ;
#174 = CARTESIAN_POINT ( 'NONE',  ( 92.78178915489999667, -30.80981157060000086, -14.00000000000000000 ) ) ;
#175 = CARTESIAN_POINT ( 'NONE',  ( 83.85522905799999194, -103.7688093832000078, 0.000000000000000000 ) ) ;
#176 = ORIENTED_EDGE ( 'NONE', *, *, #341, .F. ) ;
#177 = EDGE_LOOP ( 'NONE', ( #580, #1847, #1866, #2390 ) ) ;
#178 = CARTESIAN_POINT ( 'NONE',  ( 189.1453876279999804, -466.2751453106000099, 23.00000000000000000 ) ) ;
#179 = ORIENTED_EDGE ( 'NONE', *, *, #1225, .T. ) ;
#180 = CARTESIAN_POINT ( 'NONE',  ( 48.78285014000000075, -95.40649841779999463, 0.000000000000000000 ) ) ;
#181 = DIRECTION ( 'NONE',  ( 0.000000000000000000, 0.000000000000000000, 1.000000000000000000 ) ) ;
#182 = ORIENTED_EDGE ( 'NONE', *, *, #2100, .T. ) ;
#183 = CARTESIAN_POINT ( 'NONE',  ( 17.80326461400000326, -32.92818641579999905, -14.00000000000000000 ) ) ;
#184 = PERSON_AND_ORGANIZATION ( #2485, #195 ) ;
#185 = EDGE_CURVE ( 'NONE', #530, #857, #2591, .T. ) ;
#186 = ORIENTED_EDGE ( 'NONE', *, *, #578, .T. ) ;
#187 = DIRECTION ( 'NONE',  ( -1.000000000000000000, 0.000000000000000000, 0.000000000000000000 ) ) ;
#188 = ORIENTED_EDGE ( 'NONE', *, *, #3133, .F. ) ;
#189 = LINE ( 'NONE', #423, #424 ) ;
#190 = VECTOR ( 'NONE', #244, 1000.000000000000227 ) ;
#191 = LINE ( 'NONE', #1493, #2854 ) ;
#192 = AXIS2_PLACEMENT_3D ( 'NONE', #2181, #1890, #865 ) ;
#193 = AXIS2_PLACEMENT_3D ( 'NONE', #2104, #738, #1772 ) ;
#194 = VERTEX_POINT ( 'NONE', #541 ) ;
#195 = ORGANIZATION ( 'UNSPECIFIED', 'UNSPECIFIED', '' ) ;
#196 = DIRECTION ( 'NONE',  ( 0.000000000000000000, 0.000000000000000000, 1.000000000000000000 ) ) ;
#197 = ORIENTED_EDGE ( 'NONE', *, *, #3168, .F. ) ;
#198 = CARTESIAN_POINT ( 'NONE',  ( -2.228392043999995131, -72.29535337059999733, 4.500000000000000000 ) ) ;
#199 = CARTESIAN_POINT ( 'NONE',  ( 293.1936686440000130, -33.03369425900000067, 4.500000000000000000 ) ) ;
#200 = VERTEX_POINT ( 'NONE', #2484 ) ;
#201 = LINE ( 'NONE', #1288, #761 ) ;
#202 = CYLINDRICAL_SURFACE ( 'NONE', #297, 7.500000000000000000 ) ;
#203 = ORIENTED_EDGE ( 'NONE', *, *, #41, .F. ) ;
#204 = CARTESIAN_POINT ( 'NONE',  ( 330.3646461959999669, 57.54289668739999541, 1.500000000000000000 ) ) ;
#205 = DIRECTION ( 'NONE',  ( 0.000000000000000000, 0.000000000000000000, -1.000000000000000000 ) ) ;
#206 = CIRCLE ( 'NONE', #436, 438.0000000000000000 ) ;
#207 = VERTEX_POINT ( 'NONE', #555 ) ;
#208 = DIRECTION ( 'NONE',  ( 0.000000000000000000, 0.000000000000000000, -1.000000000000000000 ) ) ;
#209 = CYLINDRICAL_SURFACE ( 'NONE', #1417, 437.9999999999999432 ) ;
#210 = EDGE_LOOP ( 'NONE', ( #3363, #3483 ) ) ;
#211 = DIRECTION ( 'NONE',  ( 0.000000000000000000, 0.000000000000000000, 1.000000000000000000 ) ) ;
#212 = FACE_OUTER_BOUND ( 'NONE', #330, .T. ) ;
#213 = ORIENTED_EDGE ( 'NONE', *, *, #1186, .F. ) ;
#214 = EDGE_CURVE ( 'NONE', #2825, #2209, #3217, .T. ) ;
#215 = VERTEX_POINT ( 'NONE', #1959 ) ;
#216 = LINE ( 'NONE', #751, #1463 ) ;
#217 = VERTEX_POINT ( 'NONE', #254 ) ;
#218 = DIRECTION ( 'NONE',  ( 0.000000000000000000, 0.000000000000000000, 1.000000000000000000 ) ) ;
#219 = EDGE_CURVE ( 'NONE', #1575, #3407, #479, .T. ) ;
#220 = ADVANCED_FACE ( 'NONE', ( #37 ), #1138, .T. ) ;
#221 = AXIS2_PLACEMENT_3D ( 'NONE', #518, #2913, #2680 ) ;
#222 = ORIENTED_EDGE ( 'NONE', *, *, #1982, .F. ) ;
#223 = PLANE ( 'NONE',  #3101 ) ;
#224 = CARTESIAN_POINT ( 'NONE',  ( 322.7928180159999556, 8.092605675799998011, 23.00000000000000000 ) ) ;
#225 = AXIS2_PLACEMENT_3D ( 'NONE', #2796, #143, #3356 ) ;
#226 = VERTEX_POINT ( 'NONE', #3258 ) ;
#227 = LINE ( 'NONE', #2730, #718 ) ;
#228 = CIRCLE ( 'NONE', #1478, 7.500000000000007105 ) ;
#229 = ADVANCED_FACE ( 'NONE', ( #798 ), #2987, .T. ) ;
#230 = AXIS2_PLACEMENT_3D ( 'NONE', #544, #2770, #852 ) ;
#231 = DIRECTION ( 'NONE',  ( 0.000000000000000000, 0.000000000000000000, 1.000000000000000000 ) ) ;
#232 = CARTESIAN_POINT ( 'NONE',  ( 336.8646461959999669, 57.54289668739999541, -20.00000000000000000 ) ) ;
#233 = EDGE_CURVE ( 'NONE', #2220, #1390, #1909, .T. ) ;
#234 = DIRECTION ( 'NONE',  ( 0.000000000000000000, 0.000000000000000000, 1.000000000000000000 ) ) ;
#235 = ORIENTED_EDGE ( 'NONE', *, *, #2715, .F. ) ;
#236 = VERTEX_POINT ( 'NONE', #1120 ) ;
#237 = CARTESIAN_POINT ( 'NONE',  ( 189.1453876279999804, -475.2751453106000099, -20.00000000000000000 ) ) ;
#238 = AXIS2_PLACEMENT_3D ( 'NONE', #2831, #2087, #1544 ) ;
#239 = VERTEX_POINT ( 'NONE', #2435 ) ;
#240 = FACE_OUTER_BOUND ( 'NONE', #1474, .T. ) ;
#241 = ORIENTED_EDGE ( 'NONE', *, *, #685, .T. ) ;
#242 = DIRECTION ( 'NONE',  ( 0.000000000000000000, 0.000000000000000000, -1.000000000000000000 ) ) ;
#243 = CIRCLE ( 'NONE', #3031, 438.0000000000000000 ) ;
#244 = DIRECTION ( 'NONE',  ( -0.2779853360529210282, 0.9605853178867271858, 0.000000000000000000 ) ) ;
#245 = ORIENTED_EDGE ( 'NONE', *, *, #3514, .T. ) ;
#246 = CARTESIAN_POINT ( 'NONE',  ( 367.3278201940000258, 10.28657456620000055, 0.000000000000000000 ) ) ;
#247 = VECTOR ( 'NONE', #61, 1000.000000000000000 ) ;
#248 = DIRECTION ( 'NONE',  ( 0.000000000000000000, 0.000000000000000000, -1.000000000000000000 ) ) ;
#249 = VECTOR ( 'NONE', #3408, 1000.000000000000000 ) ;
#250 = DIRECTION ( 'NONE',  ( -1.000000000000000000, 0.000000000000000000, 0.000000000000000000 ) ) ;
#251 = LINE ( 'NONE', #2146, #1761 ) ;
#252 = VERTEX_POINT ( 'NONE', #2212 ) ;
#253 = ORIENTED_EDGE ( 'NONE', *, *, #1451, .F. ) ;
#254 = CARTESIAN_POINT ( 'NONE',  ( 39.45037820199999601, 14.72874426789999980, -20.00000000000000000 ) ) ;
#255 = ORIENTED_EDGE ( 'NONE', *, *, #2475, .F. ) ;
#256 = CARTESIAN_POINT ( 'NONE',  ( -0.7369793489999940661, 21.20039767169999934, 0.000000000000000000 ) ) ;
#257 = EDGE_LOOP ( 'NONE', ( #2273, #1906, #2366, #754 ) ) ;
#258 = DIRECTION ( 'NONE',  ( 0.000000000000000000, 0.000000000000000000, -1.000000000000000000 ) ) ;
#259 = CARTESIAN_POINT ( 'NONE',  ( 55.49795724000000519, 8.092605675799998011, 4.500000000000000000 ) ) ;
#260 = ORIENTED_EDGE ( 'NONE', *, *, #1109, .F. ) ;
#261 = CARTESIAN_POINT ( 'NONE',  ( 189.1453876279999804, -466.2751453106000099, 4.500000000000000000 ) ) ;
#262 = EDGE_CURVE ( 'NONE', #1266, #1917, #3293, .T. ) ;
#263 = AXIS2_PLACEMENT_3D ( 'NONE', #35, #2449, #2210 ) ;
#264 = EDGE_CURVE ( 'NONE', #1957, #1780, #2360, .T. ) ;
#265 = EDGE_CURVE ( 'NONE', #2378, #2401, #3004, .T. ) ;
#266 = VECTOR ( 'NONE', #2818, 1000.000000000000000 ) ;
#267 = CARTESIAN_POINT ( 'NONE',  ( 322.5759519860000069, -114.1667688990000045, 0.000000000000000000 ) ) ;
#268 = CYLINDRICAL_SURFACE ( 'NONE', #2048, 7.999999999999996447 ) ;
#269 = EDGE_LOOP ( 'NONE', ( #321, #136, #1482, #3273 ) ) ;
#270 = CARTESIAN_POINT ( 'NONE',  ( 24.95470068500000238, -51.80407926460890167, 23.00000000000000000 ) ) ;
#271 = DIRECTION ( 'NONE',  ( 0.000000000000000000, 0.000000000000000000, 1.000000000000000000 ) ) ;
#272 = EDGE_CURVE ( 'NONE', #2157, #27, #811, .T. ) ;
#273 = DIRECTION ( 'NONE',  ( -1.000000000000000000, 0.000000000000000000, 0.000000000000000000 ) ) ;
#274 = CARTESIAN_POINT ( 'NONE',  ( 248.7161790719000294, -24.27138875780000049, 23.00000000000000000 ) ) ;
#275 = ORIENTED_EDGE ( 'NONE', *, *, #1681, .T. ) ;
#276 = PLANE ( 'NONE',  #2136 ) ;
#277 = FACE_OUTER_BOUND ( 'NONE', #3227, .T. ) ;
#278 = AXIS2_PLACEMENT_3D ( 'NONE', #2133, #713, #1034 ) ;
#279 = ORIENTED_EDGE ( 'NONE', *, *, #2226, .T. ) ;
#280 = FACE_OUTER_BOUND ( 'NONE', #3446, .T. ) ;
#281 = AXIS2_PLACEMENT_3D ( 'NONE', #336, #32, #1421 ) ;
#282 = AXIS2_PLACEMENT_3D ( 'NONE', #3146, #94, #74 ) ;
#283 = CARTESIAN_POINT ( 'NONE',  ( 352.6243759399999931, 36.59708727969999842, 0.000000000000000000 ) ) ;
#284 = ORIENTED_EDGE ( 'NONE', *, *, #1109, .T. ) ;
#285 = CARTESIAN_POINT ( 'NONE',  ( 77.42528468200001157, 22.25497573119999828, -14.00000000000000000 ) ) ;
#286 = ORIENTED_EDGE ( 'NONE', *, *, #1372, .F. ) ;
#287 = DIRECTION ( 'NONE',  ( -0.9380135262632416371, 0.3465986505270888807, 0.000000000000000000 ) ) ;
#288 = CARTESIAN_POINT ( 'NONE',  ( 338.8403970540000500, 14.72874426789999980, -20.00000000000000000 ) ) ;
#289 = PLANE ( 'NONE',  #1597 ) ;
#290 = CIRCLE ( 'NONE', #1430, 8.000000000000007105 ) ;
#291 = ORIENTED_EDGE ( 'NONE', *, *, #2853, .F. ) ;
#292 = DIRECTION ( 'NONE',  ( 0.000000000000000000, 0.000000000000000000, 1.000000000000000000 ) ) ;
#293 = EDGE_CURVE ( 'NONE', #52, #1608, #2451, .T. ) ;
#294 = LINE ( 'NONE', #1379, #1150 ) ;
#295 = VERTEX_POINT ( 'NONE', #3306 ) ;
#296 = CARTESIAN_POINT ( 'NONE',  ( 137.4996284165999896, -23.17874786790000030, 23.00000000000000000 ) ) ;
#297 = AXIS2_PLACEMENT_3D ( 'NONE', #1306, #2917, #3203 ) ;
#298 = DIRECTION ( 'NONE',  ( 0.2779853360529210282, -0.9605853178867271858, 0.000000000000000000 ) ) ;
#299 = CIRCLE ( 'NONE', #3404, 438.0000000000000000 ) ;
#300 = ORIENTED_EDGE ( 'NONE', *, *, #1238, .F. ) ;
#301 = EDGE_CURVE ( 'NONE', #2971, #2356, #2812, .T. ) ;
#302 = DIRECTION ( 'NONE',  ( -1.000000000000000000, 0.000000000000000000, 0.000000000000000000 ) ) ;
#303 = EDGE_LOOP ( 'NONE', ( #2988, #3148, #2006, #2546 ) ) ;
#304 = AXIS2_PLACEMENT_3D ( 'NONE', #1188, #2763, #29 ) ;
#305 = CARTESIAN_POINT ( 'NONE',  ( 353.3360745710000401, -51.80407926460890167, 23.00000000000000000 ) ) ;
#306 = VECTOR ( 'NONE', #1822, 1000.000000000000000 ) ;
#307 = DIRECTION ( 'NONE',  ( -1.000000000000000000, 0.000000000000000000, 0.000000000000000000 ) ) ;
#308 = PLANE ( 'NONE',  #1700 ) ;
#309 = CIRCLE ( 'NONE', #3394, 8.000000000000000000 ) ;
#310 = ORIENTED_EDGE ( 'NONE', *, *, #2611, .T. ) ;
#311 = CARTESIAN_POINT ( 'NONE',  ( 189.1453876279999804, 59.72485468940000430, 23.00000000000000000 ) ) ;
#312 = DIRECTION ( 'NONE',  ( 0.000000000000000000, 0.000000000000000000, 1.000000000000000000 ) ) ;
#313 = ADVANCED_FACE ( 'NONE', ( #1939 ), #2, .F. ) ;
#314 = EDGE_LOOP ( 'NONE', ( #492, #1239, #255, #1353 ) ) ;
#315 = CARTESIAN_POINT ( 'NONE',  ( 77.41885437500000933, -6.501300608100000211, 23.00000000000000000 ) ) ;
#316 = AXIS2_PLACEMENT_3D ( 'NONE', #92, #2558, #2574 ) ;
#317 = EDGE_CURVE ( 'NONE', #1821, #645, #1274, .T. ) ;
#318 = LINE ( 'NONE', #283, #3191 ) ;
#319 = ORIENTED_EDGE ( 'NONE', *, *, #1054, .F. ) ;
#320 = DIRECTION ( 'NONE',  ( -1.000000000000000000, 0.000000000000000000, 0.000000000000000000 ) ) ;
#321 = ORIENTED_EDGE ( 'NONE', *, *, #2358, .F. ) ;
#322 = DIRECTION ( 'NONE',  ( -1.000000000000000000, 0.000000000000000000, 0.000000000000000000 ) ) ;
#323 = PLANE ( 'NONE',  #2887 ) ;
#324 = PLANE ( 'NONE',  #1755 ) ;
#325 = ORIENTED_EDGE ( 'NONE', *, *, #783, .T. ) ;
#326 = DIRECTION ( 'NONE',  ( 0.3465986505270888807, 0.9380135262632416371, 0.000000000000000000 ) ) ;
#327 = ADVANCED_FACE ( 'NONE', ( #567 ), #1659, .F. ) ;
#328 = EDGE_CURVE ( 'NONE', #3415, #2914, #922, .T. ) ;
#329 = LINE ( 'NONE', #1699, #1095 ) ;
#330 = EDGE_LOOP ( 'NONE', ( #2965, #1500, #863, #3199 ) ) ;
#331 = FACE_OUTER_BOUND ( 'NONE', #1278, .T. ) ;
#332 = CARTESIAN_POINT ( 'NONE',  ( 294.4355463169999894, -103.7688094272999848, -20.00000000000000000 ) ) ;
#333 = VECTOR ( 'NONE', #2928, 1000.000000000000000 ) ;
#334 = EDGE_CURVE ( 'NONE', #2995, #3057, #2820, .T. ) ;
#335 = EDGE_CURVE ( 'NONE', #376, #727, #14, .T. ) ;
#336 = CARTESIAN_POINT ( 'NONE',  ( 329.5079251159999671, -95.40649841779999463, -20.00000000000000000 ) ) ;
#337 = ORIENTED_EDGE ( 'NONE', *, *, #1097, .F. ) ;
#338 = CYLINDRICAL_SURFACE ( 'NONE', #3175, 7.999999999999996447 ) ;
#339 = DIRECTION ( 'NONE',  ( -0.6821139440933026155, 0.7312459006883245127, 0.000000000000000000 ) ) ;
#340 = AXIS2_PLACEMENT_3D ( 'NONE', #776, #516, #2961 ) ;
#341 = EDGE_CURVE ( 'NONE', #603, #3094, #1499, .T. ) ;
#342 = LINE ( 'NONE', #800, #33 ) ;
#343 = FACE_OUTER_BOUND ( 'NONE', #2175, .T. ) ;
#344 = AXIS2_PLACEMENT_3D ( 'NONE', #3128, #3092, #623 ) ;
#345 = ORIENTED_EDGE ( 'NONE', *, *, #681, .F. ) ;
#346 = ORIENTED_EDGE ( 'NONE', *, *, #1704, .T. ) ;
#347 = DIRECTION ( 'NONE',  ( -0.7069188772472305704, 0.7072946352062307040, 0.000000000000000000 ) ) ;
#348 = LINE ( 'NONE', #1947, #861 ) ;
#349 = ADVANCED_FACE ( 'NONE', ( #2304 ), #1212, .F. ) ;
#350 = VERTEX_POINT ( 'NONE', #1426 ) ;
#351 = PLANE ( 'NONE',  #3275 ) ;
#352 = CARTESIAN_POINT ( 'NONE',  ( 294.4355463169999894, -103.7688094272999848, 0.000000000000000000 ) ) ;
#353 = AXIS2_PLACEMENT_3D ( 'NONE', #3405, #2278, #3370 ) ;
#354 = CARTESIAN_POINT ( 'NONE',  ( 257.7279841202000625, 41.09212283899999818, 23.00000000000000000 ) ) ;
#355 = ORIENTED_EDGE ( 'NONE', *, *, #118, .T. ) ;
#356 = DIRECTION ( 'NONE',  ( -1.000000000000000000, 0.000000000000000000, 0.000000000000000000 ) ) ;
#357 = ORIENTED_EDGE ( 'NONE', *, *, #1348, .T. ) ;
#358 = DIRECTION ( 'NONE',  ( 0.8464719258273608604, 0.5324333561922269809, 0.000000000000000000 ) ) ;
#359 = VECTOR ( 'NONE', #824, 1000.000000000000000 ) ;
#360 = ORIENTED_EDGE ( 'NONE', *, *, #1321, .F. ) ;
#361 = CARTESIAN_POINT ( 'NONE',  ( 385.7907752559999608, 0.000000000000000000, 1.500000000000000000 ) ) ;
#362 = CARTESIAN_POINT ( 'NONE',  ( -12.07120233999999925, -51.18737806875800089, -14.00000000000000000 ) ) ;
#363 = EDGE_CURVE ( 'NONE', #2463, #2209, #957, .T. ) ;
#364 = AXIS2_PLACEMENT_3D ( 'NONE', #124, #2352, #3388 ) ;
#365 = ORIENTED_EDGE ( 'NONE', *, *, #2693, .F. ) ;
#366 = EDGE_LOOP ( 'NONE', ( #1402, #1155, #3503, #1550 ) ) ;
#367 = DIRECTION ( 'NONE',  ( -1.000000000000000000, 0.000000000000000000, 0.000000000000000000 ) ) ;
#368 =( GEOMETRIC_REPRESENTATION_CONTEXT ( 3 ) GLOBAL_UNCERTAINTY_ASSIGNED_CONTEXT ( ( #72 ) ) GLOBAL_UNIT_ASSIGNED_CONTEXT ( ( #2741, #590, #3059 ) ) REPRESENTATION_CONTEXT ( 'NONE', 'WORKASPACE' ) );
#369 = CARTESIAN_POINT ( 'NONE',  ( 249.8029518877000044, 42.18476372899999660, -14.00000000000000000 ) ) ;
#370 = VERTEX_POINT ( 'NONE', #378 ) ;
#371 = FACE_OUTER_BOUND ( 'NONE', #3176, .T. ) ;
#372 = LINE ( 'NONE', #2713, #2228 ) ;
#373 = EDGE_CURVE ( 'NONE', #1067, #603, #2015, .T. ) ;
#374 = EDGE_CURVE ( 'NONE', #2950, #705, #1383, .T. ) ;
#375 = LINE ( 'NONE', #88, #2844 ) ;
#376 = VERTEX_POINT ( 'NONE', #2022 ) ;
#377 = LINE ( 'NONE', #2557, #3179 ) ;
#378 = CARTESIAN_POINT ( 'NONE',  ( 356.7435950020000632, -17.40723874029999863, -14.00000000000000000 ) ) ;
#379 = VERTEX_POINT ( 'NONE', #2835 ) ;
#380 = LINE ( 'NONE', #2522, #2109 ) ;
#381 = CARTESIAN_POINT ( 'NONE',  ( 17.47361900800000001, -54.63840756859000436, 4.500000000000000000 ) ) ;
#382 = CIRCLE ( 'NONE', #598, 8.000000000000007105 ) ;
#383 = EDGE_CURVE ( 'NONE', #3299, #2344, #299, .T. ) ;
#384 = VERTEX_POINT ( 'NONE', #3089 ) ;
#385 = VERTEX_POINT ( 'NONE', #3125 ) ;
#386 = PERSON_AND_ORGANIZATION ( #2485, #195 ) ;
#387 = CIRCLE ( 'NONE', #1005, 8.000000000000000000 ) ;
#388 = DIRECTION ( 'NONE',  ( 0.000000000000000000, 0.000000000000000000, 1.000000000000000000 ) ) ;
#389 = ORIENTED_EDGE ( 'NONE', *, *, #1378, .T. ) ;
#390 = CARTESIAN_POINT ( 'NONE',  ( 50.77751819799999566, 14.55151078789999985, 4.500000000000000000 ) ) ;
#391 = LINE ( 'NONE', #1754, #3428 ) ;
#392 = DIRECTION ( 'NONE',  ( -1.000000000000000000, 0.000000000000000000, 0.000000000000000000 ) ) ;
#393 = DIRECTION ( 'NONE',  ( 0.000000000000000000, 0.000000000000000000, 1.000000000000000000 ) ) ;
#394 = CARTESIAN_POINT ( 'NONE',  ( 132.9937258923999934, 9.503007930499999034, 23.00000000000000000 ) ) ;
#395 = VECTOR ( 'NONE', #2983, 1000.000000000000000 ) ;
#396 = ORIENTED_EDGE ( 'NONE', *, *, #1438, .F. ) ;
#397 = CARTESIAN_POINT ( 'NONE',  ( 65.83209919899999818, -54.99210629891000224, -10.00000000000000000 ) ) ;
#398 = CARTESIAN_POINT ( 'NONE',  ( 300.8654905740000345, 22.25497573119999828, 4.500000000000000000 ) ) ;
#399 = EDGE_LOOP ( 'NONE', ( #1624, #1615 ) ) ;
#400 = CIRCLE ( 'NONE', #1995, 438.0000000000000000 ) ;
#401 = DIRECTION ( 'NONE',  ( -1.000000000000000000, 0.000000000000000000, 0.000000000000000000 ) ) ;
#402 = LINE ( 'NONE', #2863, #468 ) ;
#403 = ORIENTED_EDGE ( 'NONE', *, *, #2124, .F. ) ;
#404 = CYLINDRICAL_SURFACE ( 'NONE', #987, 7.500000000000007105 ) ;
#405 = DIRECTION ( 'NONE',  ( 0.000000000000000000, 0.000000000000000000, -1.000000000000000000 ) ) ;
#406 = CIRCLE ( 'NONE', #1770, 7.999999999999992895 ) ;
#407 = DIRECTION ( 'NONE',  ( 0.000000000000000000, 0.000000000000000000, -1.000000000000000000 ) ) ;
#408 = DIRECTION ( 'NONE',  ( 0.000000000000000000, 0.000000000000000000, 1.000000000000000000 ) ) ;
#409 = DIRECTION ( 'NONE',  ( -1.000000000000000000, 0.000000000000000000, 0.000000000000000000 ) ) ;
#410 = CIRCLE ( 'NONE', #577, 438.0000000000000000 ) ;
#411 = ORIENTED_EDGE ( 'NONE', *, *, #966, .T. ) ;
#412 = DIRECTION ( 'NONE',  ( 0.000000000000000000, 0.000000000000000000, 1.000000000000000000 ) ) ;
#413 = CARTESIAN_POINT ( 'NONE',  ( 130.6431305597999994, -32.19970726099999325, -14.00000000000000000 ) ) ;
#414 = ADVANCED_FACE ( 'NONE', ( #917 ), #2781, .F. ) ;
#415 = VERTEX_POINT ( 'NONE', #2286 ) ;
#416 = VERTEX_POINT ( 'NONE', #2593 ) ;
#417 = VECTOR ( 'NONE', #838, 1000.000000000000000 ) ;
#418 = DATE_AND_TIME ( #1768, #2815 ) ;
#419 = EDGE_CURVE ( 'NONE', #295, #1038, #1744, .T. ) ;
#420 = DIRECTION ( 'NONE',  ( 0.000000000000000000, 0.000000000000000000, -1.000000000000000000 ) ) ;
#421 = EDGE_CURVE ( 'NONE', #2257, #2817, #3240, .T. ) ;
#422 = ORIENTED_EDGE ( 'NONE', *, *, #3281, .F. ) ;
#423 = CARTESIAN_POINT ( 'NONE',  ( 304.8114544749999482, 29.21409700420000277, 4.500000000000000000 ) ) ;
#424 = VECTOR ( 'NONE', #683, 1000.000000000000000 ) ;
#425 = EDGE_CURVE ( 'NONE', #1917, #215, #1233, .T. ) ;
#426 = CARTESIAN_POINT ( 'NONE',  ( 329.5079251159999671, -95.40649841779999463, 0.000000000000000000 ) ) ;
#427 = ADVANCED_FACE ( 'NONE', ( #1709 ), #604, .F. ) ;
#428 = CYLINDRICAL_SURFACE ( 'NONE', #1303, 6.499999999999999112 ) ;
#429 = DIRECTION ( 'NONE',  ( -1.000000000000000000, 0.000000000000000000, 0.000000000000000000 ) ) ;
#430 = FACE_OUTER_BOUND ( 'NONE', #68, .T. ) ;
#431 = ORIENTED_EDGE ( 'NONE', *, *, #2498, .T. ) ;
#432 = PLANE ( 'NONE',  #962 ) ;
#433 = CYLINDRICAL_SURFACE ( 'NONE', #2224, 7.999999999999977796 ) ;
#434 = ORIENTED_EDGE ( 'NONE', *, *, #8, .T. ) ;
#435 = VERTEX_POINT ( 'NONE', #3071 ) ;
#436 = AXIS2_PLACEMENT_3D ( 'NONE', #554, #1156, #302 ) ;
#437 = CYLINDRICAL_SURFACE ( 'NONE', #2070, 234.5000000000000000 ) ;
#438 = VECTOR ( 'NONE', #1025, 1000.000000000000000 ) ;
#439 = ORIENTED_EDGE ( 'NONE', *, *, #3282, .F. ) ;
#440 = CARTESIAN_POINT ( 'NONE',  ( 65.83209919400000842, -54.99210628144000168, 0.000000000000000000 ) ) ;
#441 = EDGE_CURVE ( 'NONE', #2876, #645, #2253, .T. ) ;
#442 = DIRECTION ( 'NONE',  ( 0.000000000000000000, 0.000000000000000000, 1.000000000000000000 ) ) ;
#443 = ORIENTED_EDGE ( 'NONE', *, *, #1851, .F. ) ;
#444 = ORIENTED_EDGE ( 'NONE', *, *, #2137, .T. ) ;
#445 = CARTESIAN_POINT ( 'NONE',  ( 189.1453876279999804, -475.2751453106000099, -20.00000000000000000 ) ) ;
#446 = ADVANCED_FACE ( 'NONE', ( #3360 ), #1446, .F. ) ;
#447 = EDGE_CURVE ( 'NONE', #1342, #78, #938, .T. ) ;
#448 = FACE_OUTER_BOUND ( 'NONE', #1413, .T. ) ;
#449 = ORIENTED_EDGE ( 'NONE', *, *, #881, .T. ) ;
#450 = CARTESIAN_POINT ( 'NONE',  ( -13.59132443000001977, -47.92746572494999668, 23.00000000000000000 ) ) ;
#451 = LINE ( 'NONE', #2412, #667 ) ;
#452 = ORIENTED_EDGE ( 'NONE', *, *, #1602, .F. ) ;
#453 = DIRECTION ( 'NONE',  ( 0.000000000000000000, 0.000000000000000000, 1.000000000000000000 ) ) ;
#454 = CIRCLE ( 'NONE', #2624, 8.000000000000007105 ) ;
#455 = DIRECTION ( 'NONE',  ( 0.000000000000000000, 0.000000000000000000, -1.000000000000000000 ) ) ;
#456 = VECTOR ( 'NONE', #2803, 1000.000000000000000 ) ;
#457 = ORIENTED_EDGE ( 'NONE', *, *, #1900, .T. ) ;
#458 = FACE_OUTER_BOUND ( 'NONE', #1656, .T. ) ;
#459 = CARTESIAN_POINT ( 'NONE',  ( 241.2818026031999921, 46.27541904319999588, -14.00000000000000000 ) ) ;
#460 = EDGE_CURVE ( 'NONE', #2309, #905, #2660, .T. ) ;
#461 = EDGE_LOOP ( 'NONE', ( #1434, #3339, #1123, #1213 ) ) ;
#462 = CARTESIAN_POINT ( 'NONE',  ( 189.1453876279999804, -466.2751453106000099, 4.500000000000000000 ) ) ;
#463 = EDGE_CURVE ( 'NONE', #1394, #194, #3180, .T. ) ;
#464 = ORIENTED_EDGE ( 'NONE', *, *, #3157, .T. ) ;
#465 = CARTESIAN_POINT ( 'NONE',  ( 143.3724549428999921, 55.21417755740000644, -14.00000000000000000 ) ) ;
#466 = CARTESIAN_POINT ( 'NONE',  ( 189.1453876279999804, -466.2751453106000099, 23.00000000000000000 ) ) ;
#467 = ORIENTED_EDGE ( 'NONE', *, *, #2223, .F. ) ;
#468 = VECTOR ( 'NONE', #946, 1000.000000000000000 ) ;
#469 = LINE ( 'NONE', #1551, #1954 ) ;
#470 = EDGE_CURVE ( 'NONE', #2728, #3241, #3162, .T. ) ;
#471 = CARTESIAN_POINT ( 'NONE',  ( 189.1453876279999804, -51.87514531060000422, -14.00000000000000000 ) ) ;
#472 = ORIENTED_EDGE ( 'NONE', *, *, #593, .T. ) ;
#473 = CARTESIAN_POINT ( 'NONE',  ( 330.3646461959999669, 57.54289668739999541, -20.00000000000000000 ) ) ;
#474 = CIRCLE ( 'NONE', #3036, 8.000000000000007105 ) ;
#475 = CARTESIAN_POINT ( 'NONE',  ( 0.000000000000000000, 0.000000000000000000, -20.00000000000000000 ) ) ;
#476 = AXIS2_PLACEMENT_3D ( 'NONE', #2736, #287, #1370 ) ;
#477 = VECTOR ( 'NONE', #3173, 1000.000000000000114 ) ;
#478 = VERTEX_POINT ( 'NONE', #2108 ) ;
#479 = CIRCLE ( 'NONE', #927, 438.0000000000000000 ) ;
#480 = CIRCLE ( 'NONE', #646, 8.000000000000007105 ) ;
#481 = CARTESIAN_POINT ( 'NONE',  ( 367.3278201940000258, 10.28657456620000055, -20.00000000000000000 ) ) ;
#482 = EDGE_CURVE ( 'NONE', #1052, #2703, #2940, .T. ) ;
#483 = EDGE_CURVE ( 'NONE', #1608, #699, #1563, .T. ) ;
#484 = ORIENTED_EDGE ( 'NONE', *, *, #233, .T. ) ;
#485 = LINE ( 'NONE', #1548, #844 ) ;
#486 = LINE ( 'NONE', #3519, #968 ) ;
#487 = EDGE_LOOP ( 'NONE', ( #2142, #1425 ) ) ;
#488 = VERTEX_POINT ( 'NONE', #3143 ) ;
#489 = CARTESIAN_POINT ( 'NONE',  ( 11.88242043099999989, 58.46543029139999703, -20.00000000000000000 ) ) ;
#490 = VERTEX_POINT ( 'NONE', #2627 ) ;
#491 = CARTESIAN_POINT ( 'NONE',  ( 63.18263978400000269, 10.31648836419999959, -14.00000000000000000 ) ) ;
#492 = ORIENTED_EDGE ( 'NONE', *, *, #2348, .T. ) ;
#493 = CARTESIAN_POINT ( 'NONE',  ( 354.9178643420000299, -8.914553354700000654, 4.500000000000000000 ) ) ;
#494 = AXIS2_PLACEMENT_3D ( 'NONE', #978, #1047, #2409 ) ;
#495 = DIRECTION ( 'NONE',  ( -0.000000000000000000, -0.000000000000000000, -1.000000000000000000 ) ) ;
#496 = VECTOR ( 'NONE', #851, 1000.000000000000000 ) ;
#497 = ORIENTED_EDGE ( 'NONE', *, *, #3084, .F. ) ;
#498 = DIRECTION ( 'NONE',  ( 0.000000000000000000, 0.000000000000000000, 1.000000000000000000 ) ) ;
#499 = DIRECTION ( 'NONE',  ( 0.4369264371650808942, 0.8994972420781670586, 0.000000000000000000 ) ) ;
#500 = ORIENTED_EDGE ( 'NONE', *, *, #2374, .F. ) ;
#501 = LINE ( 'NONE', #728, #3137 ) ;
#502 = CARTESIAN_POINT ( 'NONE',  ( 387.4256155670000226, -11.99185942650000136, -20.00000000000000000 ) ) ;
#503 = ORIENTED_EDGE ( 'NONE', *, *, #1222, .T. ) ;
#504 = CARTESIAN_POINT ( 'NONE',  ( 83.85522905799999194, -103.7688093832000078, -20.00000000000000000 ) ) ;
#505 = ORIENTED_EDGE ( 'NONE', *, *, #535, .F. ) ;
#506 = DIRECTION ( 'NONE',  ( 0.000000000000000000, 0.000000000000000000, 1.000000000000000000 ) ) ;
#507 = AXIS2_PLACEMENT_3D ( 'NONE', #642, #2615, #3075 ) ;
#508 = ORIENTED_EDGE ( 'NONE', *, *, #802, .F. ) ;
#509 = CARTESIAN_POINT ( 'NONE',  ( 334.8216727870000113, -53.21047732000000252, 23.00000000000000000 ) ) ;
#510 = CARTESIAN_POINT ( 'NONE',  ( 338.8403970540000500, 14.72874426789999980, -20.00000000000000000 ) ) ;
#511 = AXIS2_PLACEMENT_3D ( 'NONE', #3032, #1066, #3288 ) ;
#512 = ORIENTED_EDGE ( 'NONE', *, *, #2604, .F. ) ;
#513 = CARTESIAN_POINT ( 'NONE',  ( 189.1453876279999804, -28.27514531059999925, 4.500000000000000000 ) ) ;
#514 = VECTOR ( 'NONE', #2111, 1000.000000000000000 ) ;
#515 = AXIS2_PLACEMENT_3D ( 'NONE', #1180, #3400, #2272 ) ;
#516 = DIRECTION ( 'NONE',  ( -0.9351352096859160135, -0.3542910379979685165, -0.000000000000000000 ) ) ;
#517 = LINE ( 'NONE', #3253, #1654 ) ;
#518 = CARTESIAN_POINT ( 'NONE',  ( 29.02826193199999949, -14.57291043640000083, -14.00000000000000000 ) ) ;
#519 = ORIENTED_EDGE ( 'NONE', *, *, #1898, .T. ) ;
#520 = ORIENTED_EDGE ( 'NONE', *, *, #1004, .F. ) ;
#521 = CARTESIAN_POINT ( 'NONE',  ( 189.1453876279999804, -466.2751453106000099, 4.500000000000000000 ) ) ;
#522 = CIRCLE ( 'NONE', #2516, 8.000000000000000000 ) ;
#523 = ORIENTED_EDGE ( 'NONE', *, *, #3528, .F. ) ;
#524 = LINE ( 'NONE', #1612, #2126 ) ;
#525 = ADVANCED_FACE ( 'NONE', ( #1264 ), #3195, .T. ) ;
#526 = ORIENTED_EDGE ( 'NONE', *, *, #293, .T. ) ;
#527 = DIRECTION ( 'NONE',  ( 0.3027929204949124653, 0.9530563715217277299, 0.000000000000000000 ) ) ;
#528 = CARTESIAN_POINT ( 'NONE',  ( 189.1453876279999804, -466.2751453106000099, 23.00000000000000000 ) ) ;
#529 = EDGE_CURVE ( 'NONE', #1338, #435, #1027, .T. ) ;
#530 = VERTEX_POINT ( 'NONE', #1798 ) ;
#531 = CARTESIAN_POINT ( 'NONE',  ( 42.28285014000000075, -95.40649841779999463, -20.00000000000000000 ) ) ;
#532 = ADVANCED_FACE ( 'NONE', ( #3496 ), #689, .T. ) ;
#533 = AXIS2_PLACEMENT_3D ( 'NONE', #2866, #2919, #2068 ) ;
#534 = EDGE_CURVE ( 'NONE', #1055, #1917, #1779, .T. ) ;
#535 = EDGE_CURVE ( 'NONE', #1937, #2463, #1307, .T. ) ;
#536 = CIRCLE ( 'NONE', #2534, 8.000000000000007105 ) ;
#537 = CARTESIAN_POINT ( 'NONE',  ( 303.4471111870000186, -79.38045786309999130, -20.00000000000000000 ) ) ;
#538 = CARTESIAN_POINT ( 'NONE',  ( 76.39798081600001467, 68.63314725239999348, 0.000000000000000000 ) ) ;
#539 = ORIENTED_EDGE ( 'NONE', *, *, #745, .T. ) ;
#540 = CARTESIAN_POINT ( 'NONE',  ( 189.1453876279999804, -466.2751453106000099, 23.00000000000000000 ) ) ;
#541 = CARTESIAN_POINT ( 'NONE',  ( 22.66288947299999990, -0.6272485393000040155, 0.000000000000000000 ) ) ;
#542 = ORIENTED_EDGE ( 'NONE', *, *, #1786, .F. ) ;
#543 = DIRECTION ( 'NONE',  ( 0.000000000000000000, 0.000000000000000000, 1.000000000000000000 ) ) ;
#544 = CARTESIAN_POINT ( 'NONE',  ( 17.47361900800000001, -54.63840756859000436, -14.00000000000000000 ) ) ;
#545 = EDGE_LOOP ( 'NONE', ( #2056, #1931 ) ) ;
#546 = CARTESIAN_POINT ( 'NONE',  ( 189.1453876279999804, -51.87514531060000422, 0.000000000000000000 ) ) ;
#547 = CARTESIAN_POINT ( 'NONE',  ( 77.42528468200001157, 22.25497573119999828, 4.500000000000000000 ) ) ;
#548 = ORIENTED_EDGE ( 'NONE', *, *, #2237, .T. ) ;
#549 = DIRECTION ( 'NONE',  ( 0.000000000000000000, 0.000000000000000000, -1.000000000000000000 ) ) ;
#550 = CIRCLE ( 'NONE', #2832, 438.0000000000000000 ) ;
#551 = FACE_OUTER_BOUND ( 'NONE', #1012, .T. ) ;
#552 = EDGE_CURVE ( 'NONE', #1832, #1182, #1650, .T. ) ;
#553 = EDGE_LOOP ( 'NONE', ( #3048, #1611, #999, #2423 ) ) ;
#554 = CARTESIAN_POINT ( 'NONE',  ( 189.1453876279999804, -466.2751453106000099, -14.00000000000000000 ) ) ;
#555 = CARTESIAN_POINT ( 'NONE',  ( 240.7911468393999996, -23.17874786790000030, -14.00000000000000000 ) ) ;
#556 = FACE_OUTER_BOUND ( 'NONE', #2351, .T. ) ;
#557 = CARTESIAN_POINT ( 'NONE',  ( 189.1453876279999804, -51.87514531060000422, -14.00000000000000000 ) ) ;
#558 = EDGE_LOOP ( 'NONE', ( #1284, #644, #1945, #3440 ) ) ;
#559 = DIRECTION ( 'NONE',  ( 0.000000000000000000, 0.000000000000000000, 1.000000000000000000 ) ) ;
#560 = DIRECTION ( 'NONE',  ( 0.000000000000000000, 0.000000000000000000, -1.000000000000000000 ) ) ;
#561 = EDGE_LOOP ( 'NONE', ( #1074, #365, #1168, #500, #120, #2800, #3359, #1696 ) ) ;
#562 = DIRECTION ( 'NONE',  ( 0.8464719258273608604, 0.5324333561922269809, 0.000000000000000000 ) ) ;
#563 = CIRCLE ( 'NONE', #1592, 234.5000000000000000 ) ;
#564 = CARTESIAN_POINT ( 'NONE',  ( 47.92612905999999384, 57.54289668739999541, 1.500000000000000000 ) ) ;
#565 = ORIENTED_EDGE ( 'NONE', *, *, #3255, .F. ) ;
#566 = DIRECTION ( 'NONE',  ( 0.9906290290583601443, -0.1365801112420493291, 0.000000000000000000 ) ) ;
#567 = FACE_OUTER_BOUND ( 'NONE', #3325, .T. ) ;
#568 = ADVANCED_FACE ( 'NONE', ( #430 ), #2092, .T. ) ;
#569 = DIRECTION ( 'NONE',  ( 0.000000000000000000, 0.000000000000000000, -1.000000000000000000 ) ) ;
#570 = DIRECTION ( 'NONE',  ( 0.000000000000000000, 0.000000000000000000, 1.000000000000000000 ) ) ;
#571 = AXIS2_PLACEMENT_3D ( 'NONE', #86, #1703, #2814 ) ;
#572 = ORIENTED_EDGE ( 'NONE', *, *, #2011, .F. ) ;
#573 = CARTESIAN_POINT ( 'NONE',  ( 154.4464970043999870, -21.62698441310000064, -14.00000000000000000 ) ) ;
#574 = CARTESIAN_POINT ( 'NONE',  ( 189.1453876279999804, -466.2751453106000099, -14.00000000000000000 ) ) ;
#575 = ORIENTED_EDGE ( 'NONE', *, *, #265, .T. ) ;
#576 = CARTESIAN_POINT ( 'NONE',  ( 69.74060213899998928, 20.03109304279999847, -14.00000000000000000 ) ) ;
#577 = AXIS2_PLACEMENT_3D ( 'NONE', #1002, #2102, #735 ) ;
#578 = EDGE_CURVE ( 'NONE', #3473, #2157, #563, .T. ) ;
#579 = LINE ( 'NONE', #2998, #2507 ) ;
#580 = ORIENTED_EDGE ( 'NONE', *, *, #2952, .F. ) ;
#581 = DIRECTION ( 'NONE',  ( -1.000000000000000000, 0.000000000000000000, 0.000000000000000000 ) ) ;
#582 = AXIS2_PLACEMENT_3D ( 'NONE', #261, #498, #1903 ) ;
#583 = CARTESIAN_POINT ( 'NONE',  ( 189.1453876279999804, -466.2751453106000099, -14.00000000000000000 ) ) ;
#584 = EDGE_CURVE ( 'NONE', #3111, #1771, #3427, .T. ) ;
#585 = ADVANCED_FACE ( 'NONE', ( #448 ), #209, .F. ) ;
#586 = VECTOR ( 'NONE', #2668, 1000.000000000000000 ) ;
#587 = CARTESIAN_POINT ( 'NONE',  ( 349.2625133239999968, -14.57291043640000083, 23.00000000000000000 ) ) ;
#588 = CARTESIAN_POINT ( 'NONE',  ( 344.9635085319999916, -48.50024547803000274, 23.00000000000000000 ) ) ;
#589 = ORIENTED_EDGE ( 'NONE', *, *, #1166, .T. ) ;
#590 =( NAMED_UNIT ( * ) PLANE_ANGLE_UNIT ( ) SI_UNIT ( $, .RADIAN. ) );
#591 = CARTESIAN_POINT ( 'NONE',  ( 23.37291091399999843, -8.914553354700000654, 4.500000000000000000 ) ) ;
#592 = ADVANCED_FACE ( 'NONE', ( #2909 ), #2641, .T. ) ;
#593 = EDGE_CURVE ( 'NONE', #696, #3017, #400, .T. ) ;
#594 = ORIENTED_EDGE ( 'NONE', *, *, #2853, .T. ) ;
#595 = CARTESIAN_POINT ( 'NONE',  ( 94.51028419469999164, -38.62084894709999361, 23.00000000000000000 ) ) ;
#596 = PLANE ( 'NONE',  #974 ) ;
#597 = EDGE_CURVE ( 'NONE', #2674, #877, #1333, .T. ) ;
#598 = AXIS2_PLACEMENT_3D ( 'NONE', #1758, #617, #2300 ) ;
#599 = CARTESIAN_POINT ( 'NONE',  ( 288.1354770222999946, 46.80710277629999894, -10.00000000000000000 ) ) ;
#600 = AXIS2_PLACEMENT_3D ( 'NONE', #2176, #1365, #2695 ) ;
#601 = ORIENTED_EDGE ( 'NONE', *, *, #1676, .F. ) ;
#602 = LINE ( 'NONE', #3340, #3055 ) ;
#603 = VERTEX_POINT ( 'NONE', #1869 ) ;
#604 = CYLINDRICAL_SURFACE ( 'NONE', #1688, 234.5000000000000000 ) ;
#605 = PLANE ( 'NONE',  #1236 ) ;
#606 = LOCAL_TIME ( 17, 50, 38.00000000000000000, #3150 ) ;
#607 = DIRECTION ( 'NONE',  ( 0.3542910379979684610, 0.9351352096859159024, 0.000000000000000000 ) ) ;
#608 = EDGE_LOOP ( 'NONE', ( #3423, #2441, #179, #1658 ) ) ;
#609 = ORIENTED_EDGE ( 'NONE', *, *, #2321, .F. ) ;
#610 = DIRECTION ( 'NONE',  ( -1.000000000000000000, 0.000000000000000000, 0.000000000000000000 ) ) ;
#611 = ORIENTED_EDGE ( 'NONE', *, *, #1791, .T. ) ;
#612 = CYLINDRICAL_SURFACE ( 'NONE', #2418, 8.000000000000000000 ) ;
#613 = PLANE ( 'NONE',  #571 ) ;
#614 = AXIS2_PLACEMENT_3D ( 'NONE', #3505, #2966, #2367 ) ;
#615 = VECTOR ( 'NONE', #830, 1000.000000000000000 ) ;
#616 = ADVANCED_FACE ( 'NONE', ( #3516 ), #3231, .F. ) ;
#617 = DIRECTION ( 'NONE',  ( 0.000000000000000000, 0.000000000000000000, 1.000000000000000000 ) ) ;
#618 = VERTEX_POINT ( 'NONE', #2698 ) ;
#619 = CARTESIAN_POINT ( 'NONE',  ( 391.8820996859999468, -47.92746572494999668, 23.00000000000000000 ) ) ;
#620 = DIRECTION ( 'NONE',  ( 0.000000000000000000, 0.000000000000000000, 1.000000000000000000 ) ) ;
#621 = VERTEX_POINT ( 'NONE', #641 ) ;
#622 = DIRECTION ( 'NONE',  ( -0.000000000000000000, -0.000000000000000000, -1.000000000000000000 ) ) ;
#623 = DIRECTION ( 'NONE',  ( -0.2160618799849425009, -0.9763796720627546666, 0.000000000000000000 ) ) ;
#624 = VERTEX_POINT ( 'NONE', #3380 ) ;
#625 = DIRECTION ( 'NONE',  ( -1.000000000000000000, 0.000000000000000000, 0.000000000000000000 ) ) ;
#626 = PLANE ( 'NONE',  #990 ) ;
#627 = CARTESIAN_POINT ( 'NONE',  ( 41.42612905999999384, 57.54289668739999541, -20.00000000000000000 ) ) ;
#628 = ORIENTED_EDGE ( 'NONE', *, *, #2058, .F. ) ;
#629 = ORIENTED_EDGE ( 'NONE', *, *, #1533, .T. ) ;
#630 = PLANE ( 'NONE',  #2247 ) ;
#631 = EDGE_CURVE ( 'NONE', #226, #958, #1711, .T. ) ;
#632 = LINE ( 'NONE', #1721, #853 ) ;
#633 = EDGE_CURVE ( 'NONE', #3241, #2500, #675, .T. ) ;
#634 = FACE_BOUND ( 'NONE', #487, .T. ) ;
#635 = VERTEX_POINT ( 'NONE', #3364 ) ;
#636 = CARTESIAN_POINT ( 'NONE',  ( 10.96295506200000069, 10.28657456620000055, 0.000000000000000000 ) ) ;
#637 = ORIENTED_EDGE ( 'NONE', *, *, #3, .T. ) ;
#638 = CARTESIAN_POINT ( 'NONE',  ( 68.51777805599999738, -36.89771249779999351, 4.500000000000000000 ) ) ;
#639 = AXIS2_PLACEMENT_3D ( 'NONE', #1880, #2974, #2657 ) ;
#640 = ORIENTED_EDGE ( 'NONE', *, *, #2625, .F. ) ;
#641 = CARTESIAN_POINT ( 'NONE',  ( 315.1081354720000149, 10.31648836419999959, 23.00000000000000000 ) ) ;
#642 = CARTESIAN_POINT ( 'NONE',  ( 0.000000000000000000, 0.000000000000000000, -20.00000000000000000 ) ) ;
#643 = VECTOR ( 'NONE', #1068, 1000.000000000000000 ) ;
#644 = ORIENTED_EDGE ( 'NONE', *, *, #2422, .T. ) ;
#645 = VERTEX_POINT ( 'NONE', #3127 ) ;
#646 = AXIS2_PLACEMENT_3D ( 'NONE', #3369, #559, #367 ) ;
#647 = CARTESIAN_POINT ( 'NONE',  ( 137.0089726527999971, 46.27541904319999588, -14.00000000000000000 ) ) ;
#648 = ORIENTED_EDGE ( 'NONE', *, *, #821, .T. ) ;
#649 = CARTESIAN_POINT ( 'NONE',  ( 63.18263978400000269, 10.31648836419999959, 23.00000000000000000 ) ) ;
#650 = DIRECTION ( 'NONE',  ( 0.000000000000000000, 0.000000000000000000, -1.000000000000000000 ) ) ;
#651 = CARTESIAN_POINT ( 'NONE',  ( 17.80326461400000326, -32.92818641579999905, 4.500000000000000000 ) ) ;
#652 = LINE ( 'NONE', #1778, #1635 ) ;
#653 = DIRECTION ( 'NONE',  ( 0.000000000000000000, 0.000000000000000000, 1.000000000000000000 ) ) ;
#654 = ORIENTED_EDGE ( 'NONE', *, *, #2788, .T. ) ;
#655 = DIRECTION ( 'NONE',  ( -1.000000000000000000, 0.000000000000000000, 0.000000000000000000 ) ) ;
#656 = DIRECTION ( 'NONE',  ( 0.8645488787142462384, 0.5025487402371431322, 0.000000000000000000 ) ) ;
#657 = EDGE_CURVE ( 'NONE', #902, #2434, #3367, .T. ) ;
#658 = VECTOR ( 'NONE', #1938, 1000.000000000000000 ) ;
#659 = ORIENTED_EDGE ( 'NONE', *, *, #272, .T. ) ;
#660 = DIRECTION ( 'NONE',  ( -1.000000000000000000, 0.000000000000000000, 0.000000000000000000 ) ) ;
#661 = DIRECTION ( 'NONE',  ( 0.000000000000000000, 0.000000000000000000, 1.000000000000000000 ) ) ;
#662 = ORIENTED_EDGE ( 'NONE', *, *, #2107, .T. ) ;
#663 = CARTESIAN_POINT ( 'NONE',  ( 189.1453876279999804, -466.2751453106000099, -14.00000000000000000 ) ) ;
#664 = FACE_OUTER_BOUND ( 'NONE', #366, .T. ) ;
#665 = EDGE_CURVE ( 'NONE', #1862, #1381, #941, .T. ) ;
#666 = DIRECTION ( 'NONE',  ( -1.000000000000000000, 0.000000000000000000, 0.000000000000000000 ) ) ;
#667 = VECTOR ( 'NONE', #1871, 1000.000000000000114 ) ;
#668 = DIRECTION ( 'NONE',  ( 0.000000000000000000, 0.000000000000000000, 1.000000000000000000 ) ) ;
#669 = DIRECTION ( 'NONE',  ( 0.000000000000000000, 0.000000000000000000, 1.000000000000000000 ) ) ;
#670 = CIRCLE ( 'NONE', #281, 6.500000000000005329 ) ;
#671 = ORIENTED_EDGE ( 'NONE', *, *, #1740, .T. ) ;
#672 = DIRECTION ( 'NONE',  ( -1.000000000000000000, 0.000000000000000000, 0.000000000000000000 ) ) ;
#673 = FACE_OUTER_BOUND ( 'NONE', #1522, .T. ) ;
#674 = ORIENTED_EDGE ( 'NONE', *, *, #421, .F. ) ;
#675 = CIRCLE ( 'NONE', #1534, 234.5000000000000000 ) ;
#676 = CC_DESIGN_DATE_AND_TIME_ASSIGNMENT ( #1202, #3403, ( #2021 ) ) ;
#677 = ORIENTED_EDGE ( 'NONE', *, *, #1151, .F. ) ;
#678 = APPLICATION_PROTOCOL_DEFINITION ( 'international standard', 'config_control_design', 1994, #3268 ) ;
#679 = CARTESIAN_POINT ( 'NONE',  ( 189.1453876279999804, -51.87514531060000422, 0.000000000000000000 ) ) ;
#680 = AXIS2_PLACEMENT_3D ( 'NONE', #1802, #2131, #711 ) ;
#681 = EDGE_CURVE ( 'NONE', #1505, #2918, #380, .T. ) ;
#682 = ORIENTED_EDGE ( 'NONE', *, *, #1003, .T. ) ;
#683 = DIRECTION ( 'NONE',  ( 0.000000000000000000, 0.000000000000000000, -1.000000000000000000 ) ) ;
#684 = CARTESIAN_POINT ( 'NONE',  ( 62.64066339799999383, 90.45919172840000044, -20.00000000000000000 ) ) ;
#685 = EDGE_CURVE ( 'NONE', #3398, #3296, #920, .T. ) ;
#686 = VECTOR ( 'NONE', #710, 1000.000000000000114 ) ;
#687 = CARTESIAN_POINT ( 'NONE',  ( 189.1453876279999804, -165.7751453106000099, 0.000000000000000000 ) ) ;
#688 = CARTESIAN_POINT ( 'NONE',  ( 247.6476446961999898, -32.19970726099999325, 4.500000000000000000 ) ) ;
#689 = CYLINDRICAL_SURFACE ( 'NONE', #1132, 438.0000000000000568 ) ;
#690 = AXIS2_PLACEMENT_3D ( 'NONE', #1185, #455, #2117 ) ;
#691 = ORIENTED_EDGE ( 'NONE', *, *, #1222, .F. ) ;
#692 = CARTESIAN_POINT ( 'NONE',  ( 55.28285014000000785, -95.40649841779999463, -20.00000000000000000 ) ) ;
#693 = CARTESIAN_POINT ( 'NONE',  ( 360.4875106420000179, -32.92818641579999905, 4.500000000000000000 ) ) ;
#694 = ORIENTED_EDGE ( 'NONE', *, *, #1004, .T. ) ;
#695 = EDGE_CURVE ( 'NONE', #1006, #624, #2024, .T. ) ;
#696 = VERTEX_POINT ( 'NONE', #2856 ) ;
#697 = AXIS2_PLACEMENT_3D ( 'NONE', #259, #756, #1846 ) ;
#698 = CARTESIAN_POINT ( 'NONE',  ( 294.4355463169999894, -103.7688094272999848, -20.00000000000000000 ) ) ;
#699 = VERTEX_POINT ( 'NONE', #1730 ) ;
#700 = DIRECTION ( 'NONE',  ( 0.8464719258273608604, 0.5324333561922269809, 0.000000000000000000 ) ) ;
#701 = VECTOR ( 'NONE', #1753, 1000.000000000000000 ) ;
#702 = LINE ( 'NONE', #1525, #2066 ) ;
#703 = EDGE_CURVE ( 'NONE', #3262, #2459, #1362, .T. ) ;
#704 = ADVANCED_FACE ( 'NONE', ( #3413 ), #959, .F. ) ;
#705 = VERTEX_POINT ( 'NONE', #692 ) ;
#706 = DIRECTION ( 'NONE',  ( 0.8459707161212033366, 0.5332293572801282133, 0.000000000000000000 ) ) ;
#707 = EDGE_CURVE ( 'NONE', #2884, #236, #1160, .T. ) ;
#708 = CARTESIAN_POINT ( 'NONE',  ( 189.1453876279999804, -174.7751453105999815, 23.00000000000000000 ) ) ;
#709 = ORIENTED_EDGE ( 'NONE', *, *, #789, .T. ) ;
#710 = DIRECTION ( 'NONE',  ( -0.3542910379979684610, 0.9351352096859159024, 0.000000000000000000 ) ) ;
#711 = DIRECTION ( 'NONE',  ( -0.9605853178867265196, 0.2779853360529229156, 0.000000000000000000 ) ) ;
#712 = VERTEX_POINT ( 'NONE', #2543 ) ;
#713 = DIRECTION ( 'NONE',  ( -0.4226182617411953779, -0.9063077870364186772, -0.000000000000000000 ) ) ;
#714 = APPROVAL_DATE_TIME ( #2899, #2061 ) ;
#715 = EDGE_CURVE ( 'NONE', #2280, #1069, #1781, .T. ) ;
#716 = CIRCLE ( 'NONE', #1572, 7.999999999999992895 ) ;
#717 = CARTESIAN_POINT ( 'NONE',  ( 27.57441748199999765, -124.5647284148000011, -20.00000000000000000 ) ) ;
#718 = VECTOR ( 'NONE', #2958, 999.9999999999998863 ) ;
#719 = ORIENTED_EDGE ( 'NONE', *, *, #2654, .F. ) ;
#720 = LINE ( 'NONE', #2031, #701 ) ;
#721 = DIRECTION ( 'NONE',  ( -1.000000000000000000, 0.000000000000000000, 0.000000000000000000 ) ) ;
#722 = ORIENTED_EDGE ( 'NONE', *, *, #1528, .F. ) ;
#723 = CC_DESIGN_DATE_AND_TIME_ASSIGNMENT ( #418, #1540, ( #936 ) ) ;
#724 = ORIENTED_EDGE ( 'NONE', *, *, #214, .F. ) ;
#725 = DIRECTION ( 'NONE',  ( 0.000000000000000000, 0.000000000000000000, 1.000000000000000000 ) ) ;
#726 = EDGE_CURVE ( 'NONE', #27, #1545, #2822, .T. ) ;
#727 = VERTEX_POINT ( 'NONE', #1198 ) ;
#728 = CARTESIAN_POINT ( 'NONE',  ( 85.09710661200000459, -33.03369425900000067, 4.500000000000000000 ) ) ;
#729 = DIRECTION ( 'NONE',  ( 0.5332293572801281023, 0.8459707161212032256, 0.000000000000000000 ) ) ;
#730 = AXIS2_PLACEMENT_3D ( 'NONE', #925, #1714, #660 ) ;
#731 = ORIENTED_EDGE ( 'NONE', *, *, #2535, .T. ) ;
#732 = CARTESIAN_POINT ( 'NONE',  ( 137.4996284165999896, -23.17874786790000030, 4.500000000000000000 ) ) ;
#733 = CIRCLE ( 'NONE', #1477, 234.5000000000000000 ) ;
#734 = EDGE_LOOP ( 'NONE', ( #1145, #654, #2772, #2512 ) ) ;
#735 = DIRECTION ( 'NONE',  ( -1.000000000000000000, 0.000000000000000000, 0.000000000000000000 ) ) ;
#736 = AXIS2_PLACEMENT_3D ( 'NONE', #2003, #412, #2560 ) ;
#737 = ORIENTED_EDGE ( 'NONE', *, *, #2386, .F. ) ;
#738 = DIRECTION ( 'NONE',  ( 0.000000000000000000, 0.000000000000000000, 1.000000000000000000 ) ) ;
#739 = PLANE ( 'NONE',  #639 ) ;
#740 = ORIENTED_EDGE ( 'NONE', *, *, #1225, .F. ) ;
#741 = EDGE_CURVE ( 'NONE', #3296, #1398, #1192, .T. ) ;
#742 = EDGE_CURVE ( 'NONE', #3448, #2914, #1984, .T. ) ;
#743 = AXIS2_PLACEMENT_3D ( 'NONE', #981, #2077, #3235 ) ;
#744 = DIRECTION ( 'NONE',  ( -0.9063077870364186772, -0.4226182617411953224, 0.000000000000000000 ) ) ;
#745 = EDGE_CURVE ( 'NONE', #1667, #2002, #3193, .T. ) ;
#746 = ORIENTED_EDGE ( 'NONE', *, *, #2100, .F. ) ;
#747 = LINE ( 'NONE', #1819, #2120 ) ;
#748 = CARTESIAN_POINT ( 'NONE',  ( 285.5089861011000494, -30.80981157060000086, -14.00000000000000000 ) ) ;
#749 = ORIENTED_EDGE ( 'NONE', *, *, #1681, .F. ) ;
#750 = CIRCLE ( 'NONE', #2979, 234.5000000000000000 ) ;
#751 = CARTESIAN_POINT ( 'NONE',  ( 33.32726672399999757, -48.50024547803000274, 4.500000000000000000 ) ) ;
#752 = VERTEX_POINT ( 'NONE', #1746 ) ;
#753 = LINE ( 'NONE', #1861, #2461 ) ;
#754 = ORIENTED_EDGE ( 'NONE', *, *, #1010, .T. ) ;
#755 = DIRECTION ( 'NONE',  ( 0.000000000000000000, 0.000000000000000000, -1.000000000000000000 ) ) ;
#756 = DIRECTION ( 'NONE',  ( 0.000000000000000000, 0.000000000000000000, 1.000000000000000000 ) ) ;
#757 = VECTOR ( 'NONE', #130, 1000.000000000000000 ) ;
#758 = AXIS2_PLACEMENT_3D ( 'NONE', #3527, #2388, #258 ) ;
#759 = EDGE_LOOP ( 'NONE', ( #3357, #1187, #871, #724 ) ) ;
#760 = DIRECTION ( 'NONE',  ( -1.000000000000000000, 0.000000000000000000, 0.000000000000000000 ) ) ;
#761 = VECTOR ( 'NONE', #2949, 1000.000000000000000 ) ;
#762 = DIRECTION ( 'NONE',  ( 0.000000000000000000, 0.000000000000000000, 1.000000000000000000 ) ) ;
#763 = ORIENTED_EDGE ( 'NONE', *, *, #3122, .F. ) ;
#764 = CARTESIAN_POINT ( 'NONE',  ( 20.55293324300000180, -62.02202618280000479, 23.00000000000000000 ) ) ;
#765 = LINE ( 'NONE', #2946, #1872 ) ;
#766 = ORIENTED_EDGE ( 'NONE', *, *, #419, .F. ) ;
#767 = ORIENTED_EDGE ( 'NONE', *, *, #2604, .T. ) ;
#768 = DIRECTION ( 'NONE',  ( 0.4369264371650808942, 0.8994972420781670586, 0.000000000000000000 ) ) ;
#769 = DIRECTION ( 'NONE',  ( -1.000000000000000000, 0.000000000000000000, 0.000000000000000000 ) ) ;
#770 = EDGE_LOOP ( 'NONE', ( #396, #1585, #2540, #2076 ) ) ;
#771 = CYLINDRICAL_SURFACE ( 'NONE', #2986, 8.000000000000003553 ) ;
#772 = CARTESIAN_POINT ( 'NONE',  ( 308.5982250650000083, -12.17867072259999972, 23.00000000000000000 ) ) ;
#773 = AXIS2_PLACEMENT_3D ( 'NONE', #1461, #2284, #392 ) ;
#774 = ORIENTED_EDGE ( 'NONE', *, *, #2840, .F. ) ;
#775 = DIRECTION ( 'NONE',  ( -0.07780020319190715516, -0.9969689706221041003, 0.000000000000000000 ) ) ;
#776 = CARTESIAN_POINT ( 'NONE',  ( 33.32726672399999757, -48.50024547803000274, 23.00000000000000000 ) ) ;
#777 = EDGE_CURVE ( 'NONE', #236, #2426, #228, .T. ) ;
#778 = DIRECTION ( 'NONE',  ( -0.9380135262632416371, -0.3465986505270888807, -0.000000000000000000 ) ) ;
#779 = ADVANCED_FACE ( 'NONE', ( #133 ), #1214, .T. ) ;
#780 = DIRECTION ( 'NONE',  ( -1.000000000000000000, 0.000000000000000000, 0.000000000000000000 ) ) ;
#781 = VERTEX_POINT ( 'NONE', #465 ) ;
#782 = DIRECTION ( 'NONE',  ( -1.000000000000000000, 0.000000000000000000, 0.000000000000000000 ) ) ;
#783 = EDGE_CURVE ( 'NONE', #1628, #93, #2912, .T. ) ;
#784 = FACE_OUTER_BOUND ( 'NONE', #1765, .T. ) ;
#785 = EDGE_CURVE ( 'NONE', #169, #3398, #485, .T. ) ;
#786 = VECTOR ( 'NONE', #3198, 1000.000000000000000 ) ;
#787 = ORIENTED_EDGE ( 'NONE', *, *, #2625, .T. ) ;
#788 = DIRECTION ( 'NONE',  ( 0.000000000000000000, 0.000000000000000000, 1.000000000000000000 ) ) ;
#789 = EDGE_CURVE ( 'NONE', #1964, #1052, #3463, .T. ) ;
#790 = LINE ( 'NONE', #1561, #2640 ) ;
#791 = ADVANCED_FACE ( 'NONE', ( #1583 ), #432, .T. ) ;
#792 = VERTEX_POINT ( 'NONE', #2927 ) ;
#793 = PLANE ( 'NONE',  #2723 ) ;
#794 = AXIS2_PLACEMENT_3D ( 'NONE', #2397, #3165, #2431 ) ;
#795 = DIRECTION ( 'NONE',  ( -0.3465986505270888252, -0.9380135262632416371, 0.000000000000000000 ) ) ;
#796 = CARTESIAN_POINT ( 'NONE',  ( 83.85522893899999985, -103.7688094272999848, -10.00000000000000000 ) ) ;
#797 = VERTEX_POINT ( 'NONE', #3449 ) ;
#798 = FACE_OUTER_BOUND ( 'NONE', #2685, .T. ) ;
#799 = VECTOR ( 'NONE', #795, 999.9999999999998863 ) ;
#800 = CARTESIAN_POINT ( 'NONE',  ( 245.2970493635999958, 9.503007930499999034, -14.00000000000000000 ) ) ;
#801 = LINE ( 'NONE', #1340, #131 ) ;
#802 = EDGE_CURVE ( 'NONE', #2239, #1194, #1566, .T. ) ;
#803 = VERTEX_POINT ( 'NONE', #1049 ) ;
#804 = DIRECTION ( 'NONE',  ( 0.6821139440933030595, 0.7312459006883240686, 0.000000000000000000 ) ) ;
#805 = AXIS2_PLACEMENT_3D ( 'NONE', #679, #2828, #1473 ) ;
#806 = DIRECTION ( 'NONE',  ( -1.000000000000000000, 0.000000000000000000, 0.000000000000000000 ) ) ;
#807 = VERTEX_POINT ( 'NONE', #232 ) ;
#808 = FACE_OUTER_BOUND ( 'NONE', #177, .T. ) ;
#809 = AXIS2_PLACEMENT_3D ( 'NONE', #2258, #890, #1787 ) ;
#810 = EDGE_CURVE ( 'NONE', #1912, #996, #501, .T. ) ;
#811 = CIRCLE ( 'NONE', #1723, 8.000000000000007105 ) ;
#812 = AXIS2_PLACEMENT_3D ( 'NONE', #3336, #1994, #1720 ) ;
#813 = PRODUCT_DEFINITION_FORMATION_WITH_SPECIFIED_SOURCE ( 'ANY', '', #3120, .NOT_KNOWN. ) ;
#814 = PLANE ( 'NONE',  #511 ) ;
#815 = ORIENTED_EDGE ( 'NONE', *, *, #1527, .F. ) ;
#816 = CARTESIAN_POINT ( 'NONE',  ( 129.5745961840999882, -24.27138875780000049, 4.500000000000000000 ) ) ;
#817 = EDGE_LOOP ( 'NONE', ( #97, #2416, #300, #2542, #2250, #2652, #2767, #36, #1359, #2631, #3188, #2071, #203, #2762, #104, #1218, #2244, #628, #2551, #2148, #2580, #1636, #337, #1263, #1228, #2026, #89, #91, #2734, #24 ) ) ;
#818 = DIRECTION ( 'NONE',  ( -1.000000000000000000, 0.000000000000000000, 0.000000000000000000 ) ) ;
#819 = CARTESIAN_POINT ( 'NONE',  ( 146.5214647719000141, -22.71962530309999906, 4.500000000000000000 ) ) ;
#820 = FACE_OUTER_BOUND ( 'NONE', #2134, .T. ) ;
#821 = EDGE_CURVE ( 'NONE', #2855, #1862, #2771, .T. ) ;
#822 = EDGE_LOOP ( 'NONE', ( #2707, #1949, #2888, #149 ) ) ;
#823 = FACE_OUTER_BOUND ( 'NONE', #2786, .T. ) ;
#824 = DIRECTION ( 'NONE',  ( 0.000000000000000000, 0.000000000000000000, -1.000000000000000000 ) ) ;
#825 = ORIENTED_EDGE ( 'NONE', *, *, #2712, .T. ) ;
#826 = ORIENTED_EDGE ( 'NONE', *, *, #1305, .T. ) ;
#827 = FACE_OUTER_BOUND ( 'NONE', #2490, .T. ) ;
#828 = CIRCLE ( 'NONE', #151, 6.499999999999999112 ) ;
#829 = AXIS2_PLACEMENT_3D ( 'NONE', #1443, #2539, #899 ) ;
#830 = DIRECTION ( 'NONE',  ( 0.000000000000000000, 0.000000000000000000, 1.000000000000000000 ) ) ;
#831 = ORIENTED_EDGE ( 'NONE', *, *, #3, .F. ) ;
#832 = DIRECTION ( 'NONE',  ( -0.9906290290583601443, -0.1365801112420497732, 0.000000000000000000 ) ) ;
#833 = CARTESIAN_POINT ( 'NONE',  ( 144.9340048852000109, 47.36805993320000141, 23.00000000000000000 ) ) ;
#834 = CARTESIAN_POINT ( 'NONE',  ( 189.1453876279999804, -37.27514531060000280, -20.00000000000000000 ) ) ;
#835 = DIRECTION ( 'NONE',  ( 0.3542910379979684610, 0.9351352096859159024, 0.000000000000000000 ) ) ;
#836 = ORIENTED_EDGE ( 'NONE', *, *, #2370, .T. ) ;
#837 = CYLINDRICAL_SURFACE ( 'NONE', #2649, 437.9999999999999432 ) ;
#838 = DIRECTION ( 'NONE',  ( 0.000000000000000000, 0.000000000000000000, 1.000000000000000000 ) ) ;
#839 = EDGE_LOOP ( 'NONE', ( #452, #2559, #1261, #3481 ) ) ;
#840 = ORIENTED_EDGE ( 'NONE', *, *, #2869, .T. ) ;
#841 = LINE ( 'NONE', #2552, #1783 ) ;
#842 = EDGE_CURVE ( 'NONE', #2616, #624, #2410, .T. ) ;
#843 = VECTOR ( 'NONE', #2764, 1000.000000000000000 ) ;
#844 = VECTOR ( 'NONE', #1299, 999.9999999999998863 ) ;
#845 = ADVANCED_FACE ( 'NONE', ( #2629 ), #1318, .T. ) ;
#846 = EDGE_CURVE ( 'NONE', #2209, #1052, #747, .T. ) ;
#847 = CARTESIAN_POINT ( 'NONE',  ( 189.1453876279999804, -174.7751453105999815, 23.00000000000000000 ) ) ;
#848 = ORIENTED_EDGE ( 'NONE', *, *, #932, .T. ) ;
#849 = CARTESIAN_POINT ( 'NONE',  ( 355.6278857829999538, -0.6272485393000040155, -10.00000000000000000 ) ) ;
#850 = DIRECTION ( 'NONE',  ( 0.000000000000000000, 0.000000000000000000, 1.000000000000000000 ) ) ;
#851 = DIRECTION ( 'NONE',  ( 0.000000000000000000, 0.000000000000000000, -1.000000000000000000 ) ) ;
#852 = DIRECTION ( 'NONE',  ( -1.000000000000000000, 0.000000000000000000, 0.000000000000000000 ) ) ;
#853 = VECTOR ( 'NONE', #650, 1000.000000000000000 ) ;
#854 = VERTEX_POINT ( 'NONE', #3197 ) ;
#855 = LINE ( 'NONE', #3349, #2700 ) ;
#856 = EDGE_CURVE ( 'NONE', #807, #2765, #3316, .T. ) ;
#857 = VERTEX_POINT ( 'NONE', #2396 ) ;
#858 = DIRECTION ( 'NONE',  ( 0.000000000000000000, 0.000000000000000000, -1.000000000000000000 ) ) ;
#859 = AXIS2_PLACEMENT_3D ( 'NONE', #471, #1556, #2653 ) ;
#860 = DIRECTION ( 'NONE',  ( 0.1365801112420496066, 0.9906290290583600333, 0.000000000000000000 ) ) ;
#861 = VECTOR ( 'NONE', #1433, 1000.000000000000227 ) ;
#862 = CARTESIAN_POINT ( 'NONE',  ( 132.9937258923999934, 9.503007930499999034, -14.00000000000000000 ) ) ;
#863 = ORIENTED_EDGE ( 'NONE', *, *, #2981, .T. ) ;
#864 = DIRECTION ( 'NONE',  ( 0.4226182617411953224, 0.9063077870364186772, 0.000000000000000000 ) ) ;
#865 = DIRECTION ( 'NONE',  ( -1.000000000000000000, 0.000000000000000000, 0.000000000000000000 ) ) ;
#866 = DIRECTION ( 'NONE',  ( 0.000000000000000000, 0.000000000000000000, 1.000000000000000000 ) ) ;
#867 = CARTESIAN_POINT ( 'NONE',  ( 43.46910246899999919, -53.21047732000000252, 23.00000000000000000 ) ) ;
#868 = VERTEX_POINT ( 'NONE', #450 ) ;
#869 = DIRECTION ( 'NONE',  ( 0.000000000000000000, 0.000000000000000000, 1.000000000000000000 ) ) ;
#870 = DIRECTION ( 'NONE',  ( 0.000000000000000000, 0.000000000000000000, 1.000000000000000000 ) ) ;
#871 = ORIENTED_EDGE ( 'NONE', *, *, #363, .T. ) ;
#872 = CARTESIAN_POINT ( 'NONE',  ( -9.134840311000010260, -11.99185942650000136, -20.00000000000000000 ) ) ;
#873 = DIRECTION ( 'NONE',  ( 0.9380135262632416371, -0.3465986505270888807, 0.000000000000000000 ) ) ;
#874 = AXIS2_PLACEMENT_3D ( 'NONE', #816, #1958, #3050 ) ;
#875 = CARTESIAN_POINT ( 'NONE',  ( 24.95470068500000238, -51.80407926460890167, -14.00000000000000000 ) ) ;
#876 = CIRCLE ( 'NONE', #3160, 234.5000000000000000 ) ;
#877 = VERTEX_POINT ( 'NONE', #1250 ) ;
#878 = DIRECTION ( 'NONE',  ( -1.000000000000000000, 0.000000000000000000, 0.000000000000000000 ) ) ;
#879 = VERTEX_POINT ( 'NONE', #2342 ) ;
#880 = DIRECTION ( 'NONE',  ( 0.000000000000000000, 0.000000000000000000, 1.000000000000000000 ) ) ;
#881 = EDGE_CURVE ( 'NONE', #2378, #3512, #3478, .T. ) ;
#882 = VERTEX_POINT ( 'NONE', #1801 ) ;
#883 = DIRECTION ( 'NONE',  ( 0.000000000000000000, 0.000000000000000000, 1.000000000000000000 ) ) ;
#884 = CARTESIAN_POINT ( 'NONE',  ( 304.8114544749999482, 29.21409700420000277, 23.00000000000000000 ) ) ;
#885 = ORIENTED_EDGE ( 'NONE', *, *, #2314, .F. ) ;
#886 = EDGE_CURVE ( 'NONE', #52, #1733, #2895, .T. ) ;
#887 = ORIENTED_EDGE ( 'NONE', *, *, #810, .T. ) ;
#888 = EDGE_CURVE ( 'NONE', #488, #1135, #1603, .T. ) ;
#889 = DIRECTION ( 'NONE',  ( 0.000000000000000000, 0.000000000000000000, 1.000000000000000000 ) ) ;
#890 = DIRECTION ( 'NONE',  ( 0.000000000000000000, 0.000000000000000000, 1.000000000000000000 ) ) ;
#891 = EDGE_LOOP ( 'NONE', ( #15, #2205, #2330, #176 ) ) ;
#892 = ORIENTED_EDGE ( 'NONE', *, *, #1294, .T. ) ;
#893 = FACE_OUTER_BOUND ( 'NONE', #822, .T. ) ;
#894 = EDGE_CURVE ( 'NONE', #2309, #1266, #997, .T. ) ;
#895 = CARTESIAN_POINT ( 'NONE',  ( 380.5191671059999976, -72.29535328040000763, 4.500000000000000000 ) ) ;
#896 = AXIS2_PLACEMENT_3D ( 'NONE', #2665, #1050, #1268 ) ;
#897 = PLANE ( 'NONE',  #2319 ) ;
#898 = ORIENTED_EDGE ( 'NONE', *, *, #3255, .T. ) ;
#899 = DIRECTION ( 'NONE',  ( -1.000000000000000000, 0.000000000000000000, 0.000000000000000000 ) ) ;
#900 = ORIENTED_EDGE ( 'NONE', *, *, #2716, .F. ) ;
#901 = CARTESIAN_POINT ( 'NONE',  ( 47.92612905999999384, 57.54289668739999541, -20.00000000000000000 ) ) ;
#902 = VERTEX_POINT ( 'NONE', #3215 ) ;
#903 = CARTESIAN_POINT ( 'NONE',  ( 43.46910246899999919, -53.21047732000000252, 4.500000000000000000 ) ) ;
#904 = CYLINDRICAL_SURFACE ( 'NONE', #2514, 234.4999999999999432 ) ;
#905 = VERTEX_POINT ( 'NONE', #764 ) ;
#906 = VERTEX_POINT ( 'NONE', #2679 ) ;
#907 = CARTESIAN_POINT ( 'NONE',  ( 234.9183203130999971, 55.21417755740000644, 23.00000000000000000 ) ) ;
#908 = DIRECTION ( 'NONE',  ( -1.000000000000000000, 0.000000000000000000, 0.000000000000000000 ) ) ;
#909 = VECTOR ( 'NONE', #1870, 1000.000000000000000 ) ;
#910 = ORIENTED_EDGE ( 'NONE', *, *, #1003, .F. ) ;
#911 = CARTESIAN_POINT ( 'NONE',  ( 146.5214647719000141, -22.71962530309999906, 23.00000000000000000 ) ) ;
#912 = DIRECTION ( 'NONE',  ( 0.000000000000000000, 0.000000000000000000, 1.000000000000000000 ) ) ;
#913 = VECTOR ( 'NONE', #3096, 1000.000000000000000 ) ;
#914 = EDGE_CURVE ( 'NONE', #2434, #3112, #1622, .T. ) ;
#915 = DIRECTION ( 'NONE',  ( -1.000000000000000000, 0.000000000000000000, 0.000000000000000000 ) ) ;
#916 = CARTESIAN_POINT ( 'NONE',  ( 50.77751819799999566, 14.55151078789999985, 23.00000000000000000 ) ) ;
#917 = FACE_OUTER_BOUND ( 'NONE', #3098, .T. ) ;
#918 = CIRCLE ( 'NONE', #2809, 8.000000000000007105 ) ;
#919 = ORIENTED_EDGE ( 'NONE', *, *, #1864, .T. ) ;
#920 = LINE ( 'NONE', #397, #456 ) ;
#921 = CARTESIAN_POINT ( 'NONE',  ( 223.2218766261000269, -29.60273617809999891, 4.500000000000000000 ) ) ;
#922 = CIRCLE ( 'NONE', #2298, 438.0000000000000000 ) ;
#923 = CIRCLE ( 'NONE', #1152, 438.0000000000000000 ) ;
#924 = ORIENTED_EDGE ( 'NONE', *, *, #483, .T. ) ;
#925 = CARTESIAN_POINT ( 'NONE',  ( 378.2907752560000176, 0.000000000000000000, 0.000000000000000000 ) ) ;
#926 = DATE_AND_TIME ( #2827, #3103 ) ;
#927 = AXIS2_PLACEMENT_3D ( 'NONE', #1404, #3019, #54 ) ;
#928 = VECTOR ( 'NONE', #1966, 1000.000000000000000 ) ;
#929 = LINE ( 'NONE', #2007, #913 ) ;
#930 = ORIENTED_EDGE ( 'NONE', *, *, #2475, .T. ) ;
#931 = CARTESIAN_POINT ( 'NONE',  ( 146.5214647719000141, -22.71962530309999906, -14.00000000000000000 ) ) ;
#932 = EDGE_CURVE ( 'NONE', #752, #2879, #2980, .T. ) ;
#933 = DIRECTION ( 'NONE',  ( 0.2779853360529210282, 0.9605853178867271858, 0.000000000000000000 ) ) ;
#934 = LOCAL_TIME ( 17, 50, 38.00000000000000000, #3435 ) ;
#935 = CARTESIAN_POINT ( 'NONE',  ( 360.4875106420000179, -32.92818641579999905, 23.00000000000000000 ) ) ;
#936 = PRODUCT_DEFINITION ( 'UNKNOWN', '', #813, #2324 ) ;
#937 = DIRECTION ( 'NONE',  ( 0.000000000000000000, 0.000000000000000000, -1.000000000000000000 ) ) ;
#938 = CIRCLE ( 'NONE', #31, 6.499999999999999112 ) ;
#939 = CARTESIAN_POINT ( 'NONE',  ( 48.78285014000000075, -95.40649841779999463, -20.00000000000000000 ) ) ;
#940 = ORIENTED_EDGE ( 'NONE', *, *, #1864, .F. ) ;
#941 = LINE ( 'NONE', #903, #3307 ) ;
#942 = FACE_OUTER_BOUND ( 'NONE', #3027, .T. ) ;
#943 = VECTOR ( 'NONE', #3034, 1000.000000000000000 ) ;
#944 = ORIENTED_EDGE ( 'NONE', *, *, #1904, .F. ) ;
#945 = FACE_OUTER_BOUND ( 'NONE', #2798, .T. ) ;
#946 = DIRECTION ( 'NONE',  ( 0.000000000000000000, 0.000000000000000000, -1.000000000000000000 ) ) ;
#947 = ADVANCED_FACE ( 'NONE', ( #107 ), #1686, .T. ) ;
#948 = ORIENTED_EDGE ( 'NONE', *, *, #1533, .F. ) ;
#949 = DIRECTION ( 'NONE',  ( 0.000000000000000000, 0.000000000000000000, 1.000000000000000000 ) ) ;
#950 = PLANE ( 'NONE',  #2287 ) ;
#951 = EDGE_LOOP ( 'NONE', ( #1701, #275, #3192, #1520 ) ) ;
#952 = EDGE_CURVE ( 'NONE', #164, #2448, #517, .T. ) ;
#953 = EDGE_CURVE ( 'NONE', #3057, #2694, #372, .T. ) ;
#954 = CARTESIAN_POINT ( 'NONE',  ( 189.1453876279999804, -165.7751453106000099, 0.000000000000000000 ) ) ;
#955 = CIRCLE ( 'NONE', #507, 7.500000000000000000 ) ;
#956 = CARTESIAN_POINT ( 'NONE',  ( 55.71482326999999657, -114.1667688990000045, -20.00000000000000000 ) ) ;
#957 = LINE ( 'NONE', #2269, #757 ) ;
#958 = VERTEX_POINT ( 'NONE', #1416 ) ;
#959 = CYLINDRICAL_SURFACE ( 'NONE', #736, 8.000000000000010658 ) ;
#960 = CARTESIAN_POINT ( 'NONE',  ( 304.8114544749999482, 29.21409700420000277, -14.00000000000000000 ) ) ;
#961 = ORIENTED_EDGE ( 'NONE', *, *, #119, .F. ) ;
#962 = AXIS2_PLACEMENT_3D ( 'NONE', #1833, #2945, #3498 ) ;
#963 = ORIENTED_EDGE ( 'NONE', *, *, #1420, .T. ) ;
#964 = APPROVAL_DATE_TIME ( #2564, #1940 ) ;
#965 = EDGE_CURVE ( 'NONE', #2616, #1578, #1170, .T. ) ;
#966 = EDGE_CURVE ( 'NONE', #877, #1006, #1885, .T. ) ;
#967 = FACE_OUTER_BOUND ( 'NONE', #951, .T. ) ;
#968 = VECTOR ( 'NONE', #1014, 1000.000000000000000 ) ;
#969 = ORIENTED_EDGE ( 'NONE', *, *, #447, .F. ) ;
#970 = DIRECTION ( 'NONE',  ( -0.7312459006883245127, 0.6821139440933026155, 0.000000000000000000 ) ) ;
#971 = ADVANCED_FACE ( 'NONE', ( #2777 ), #613, .T. ) ;
#972 = DIRECTION ( 'NONE',  ( -0.5332293572801282133, -0.8459707161212033366, 0.000000000000000000 ) ) ;
#973 = ORIENTED_EDGE ( 'NONE', *, *, #1564, .T. ) ;
#974 = AXIS2_PLACEMENT_3D ( 'NONE', #332, #873, #3083 ) ;
#975 = VERTEX_POINT ( 'NONE', #1605 ) ;
#976 = CARTESIAN_POINT ( 'NONE',  ( 231.7693104841000036, -22.71962530309999906, 23.00000000000000000 ) ) ;
#977 = ADVANCED_FACE ( 'NONE', ( #65 ), #2263, .T. ) ;
#978 = CARTESIAN_POINT ( 'NONE',  ( 233.3567703708000067, 47.36805993320000141, -14.00000000000000000 ) ) ;
#979 = AXIS2_PLACEMENT_3D ( 'NONE', #1072, #218, #1056 ) ;
#980 = ORIENTED_EDGE ( 'NONE', *, *, #301, .T. ) ;
#981 = CARTESIAN_POINT ( 'NONE',  ( 40.80834840200000002, -45.66591717405000139, 23.00000000000000000 ) ) ;
#982 = CARTESIAN_POINT ( 'NONE',  ( 234.9183203130999971, 55.21417755740000644, 4.500000000000000000 ) ) ;
#983 = ORIENTED_EDGE ( 'NONE', *, *, #657, .T. ) ;
#984 = DIRECTION ( 'NONE',  ( 0.000000000000000000, 0.000000000000000000, 1.000000000000000000 ) ) ;
#985 = AXIS2_PLACEMENT_3D ( 'NONE', #475, #1634, #806 ) ;
#986 = FACE_OUTER_BOUND ( 'NONE', #2897, .T. ) ;
#987 = AXIS2_PLACEMENT_3D ( 'NONE', #1492, #949, #2045 ) ;
#988 = ORIENTED_EDGE ( 'NONE', *, *, #470, .T. ) ;
#989 = CARTESIAN_POINT ( 'NONE',  ( 189.1453876279999804, -37.27514531060000280, 23.00000000000000000 ) ) ;
#990 = AXIS2_PLACEMENT_3D ( 'NONE', #2471, #326, #1432 ) ;
#991 = CARTESIAN_POINT ( 'NONE',  ( -9.352278979000040238, -49.91952328353000468, 23.00000000000000000 ) ) ;
#992 = EDGE_CURVE ( 'NONE', #3039, #1320, #1026, .T. ) ;
#993 = EDGE_LOOP ( 'NONE', ( #1775, #449, #1201, #565 ) ) ;
#994 = ORIENTED_EDGE ( 'NONE', *, *, #2167, .T. ) ;
#995 = DIRECTION ( 'NONE',  ( 0.000000000000000000, 0.000000000000000000, 1.000000000000000000 ) ) ;
#996 = VERTEX_POINT ( 'NONE', #1334 ) ;
#997 = LINE ( 'NONE', #198, #127 ) ;
#998 = DIRECTION ( 'NONE',  ( 0.000000000000000000, 0.000000000000000000, 1.000000000000000000 ) ) ;
#999 = ORIENTED_EDGE ( 'NONE', *, *, #1982, .T. ) ;
#1000 = CYLINDRICAL_SURFACE ( 'NONE', #2138, 438.0000000000000568 ) ;
#1001 = VECTOR ( 'NONE', #90, 1000.000000000000000 ) ;
#1002 = CARTESIAN_POINT ( 'NONE',  ( 189.1453876279999804, -475.2751453106000099, -20.00000000000000000 ) ) ;
#1003 = EDGE_CURVE ( 'NONE', #2694, #3039, #406, .T. ) ;
#1004 = EDGE_CURVE ( 'NONE', #3017, #2975, #1952, .T. ) ;
#1005 = AXIS2_PLACEMENT_3D ( 'NONE', #3012, #2675, #760 ) ;
#1006 = VERTEX_POINT ( 'NONE', #352 ) ;
#1007 = CYLINDRICAL_SURFACE ( 'NONE', #364, 438.0000000000000568 ) ;
#1008 = DIRECTION ( 'NONE',  ( 0.8459707161212032256, -0.5332293572801281023, 0.000000000000000000 ) ) ;
#1009 = ORIENTED_EDGE ( 'NONE', *, *, #914, .T. ) ;
#1010 = EDGE_CURVE ( 'NONE', #1194, #3296, #1189, .T. ) ;
#1011 = CARTESIAN_POINT ( 'NONE',  ( 189.1453876279999804, -466.2751453106000099, 4.500000000000000000 ) ) ;
#1012 = EDGE_LOOP ( 'NONE', ( #154, #3290, #2836, #182 ) ) ;
#1013 = CARTESIAN_POINT ( 'NONE',  ( 344.9635085319999916, -48.50024547803000274, 4.500000000000000000 ) ) ;
#1014 = DIRECTION ( 'NONE',  ( 0.5332293572801282133, -0.8459707161212033366, 0.000000000000000000 ) ) ;
#1015 = ORIENTED_EDGE ( 'NONE', *, *, #2011, .T. ) ;
#1016 = CYLINDRICAL_SURFACE ( 'NONE', #20, 7.500000000000007105 ) ;
#1017 = AXIS2_PLACEMENT_3D ( 'NONE', #564, #2748, #1623 ) ;
#1018 = EDGE_LOOP ( 'NONE', ( #2362, #17, #1252, #3149 ) ) ;
#1019 = DIRECTION ( 'NONE',  ( 0.3542910379979684610, -0.9351352096859159024, 0.000000000000000000 ) ) ;
#1020 = VECTOR ( 'NONE', #622, 1000.000000000000000 ) ;
#1021 = VERTEX_POINT ( 'NONE', #1349 ) ;
#1022 = CARTESIAN_POINT ( 'NONE',  ( 323.8646461959999669, 57.54289668739999541, 0.000000000000000000 ) ) ;
#1023 = DIRECTION ( 'NONE',  ( -1.000000000000000000, 0.000000000000000000, 0.000000000000000000 ) ) ;
#1024 = ORIENTED_EDGE ( 'NONE', *, *, #1361, .T. ) ;
#1025 = DIRECTION ( 'NONE',  ( -0.7312459006883245127, -0.6821139440933026155, 0.000000000000000000 ) ) ;
#1026 = CIRCLE ( 'NONE', #2795, 234.5000000000000000 ) ;
#1027 = LINE ( 'NONE', #481, #2317 ) ;
#1028 = ORIENTED_EDGE ( 'NONE', *, *, #301, .F. ) ;
#1029 = CARTESIAN_POINT ( 'NONE',  ( 9.551287654999990551, -75.78802504909999982, -20.00000000000000000 ) ) ;
#1030 = CYLINDRICAL_SURFACE ( 'NONE', #680, 7.999999999999977796 ) ;
#1031 = ORIENTED_EDGE ( 'NONE', *, *, #888, .F. ) ;
#1032 = ORIENTED_EDGE ( 'NONE', *, *, #1951, .F. ) ;
#1033 = VECTOR ( 'NONE', #661, 1000.000000000000000 ) ;
#1034 = DIRECTION ( 'NONE',  ( 0.000000000000000000, 0.000000000000000000, -1.000000000000000000 ) ) ;
#1035 = ORIENTED_EDGE ( 'NONE', *, *, #83, .F. ) ;
#1036 = CYLINDRICAL_SURFACE ( 'NONE', #1375, 6.500000000000005329 ) ;
#1037 = VECTOR ( 'NONE', #1455, 1000.000000000000000 ) ;
#1038 = VERTEX_POINT ( 'NONE', #46 ) ;
#1039 = CARTESIAN_POINT ( 'NONE',  ( 55.49795724000000519, 8.092605675799998011, -14.00000000000000000 ) ) ;
#1040 = CARTESIAN_POINT ( 'NONE',  ( 336.8646461959999669, 57.54289668739999541, 1.500000000000000000 ) ) ;
#1041 = EDGE_CURVE ( 'NONE', #2356, #3111, #1131, .T. ) ;
#1042 = CIRCLE ( 'NONE', #304, 438.0000000000000000 ) ;
#1043 = ORIENTED_EDGE ( 'NONE', *, *, #1831, .F. ) ;
#1044 = DIRECTION ( 'NONE',  ( 0.000000000000000000, 0.000000000000000000, 1.000000000000000000 ) ) ;
#1045 = EDGE_CURVE ( 'NONE', #2463, #1964, #3317, .T. ) ;
#1046 = ADVANCED_FACE ( 'NONE', ( #3046 ), #596, .F. ) ;
#1047 = DIRECTION ( 'NONE',  ( 0.000000000000000000, 0.000000000000000000, 1.000000000000000000 ) ) ;
#1048 = EDGE_CURVE ( 'NONE', #3407, #635, #632, .T. ) ;
#1049 = CARTESIAN_POINT ( 'NONE',  ( 377.0904607780000219, -79.64823839119999604, -20.00000000000000000 ) ) ;
#1050 = DIRECTION ( 'NONE',  ( 0.000000000000000000, 0.000000000000000000, 1.000000000000000000 ) ) ;
#1051 = ORIENTED_EDGE ( 'NONE', *, *, #2991, .F. ) ;
#1052 = VERTEX_POINT ( 'NONE', #459 ) ;
#1053 = FACE_OUTER_BOUND ( 'NONE', #1515, .T. ) ;
#1054 = EDGE_CURVE ( 'NONE', #868, #215, #391, .T. ) ;
#1055 = VERTEX_POINT ( 'NONE', #1260 ) ;
#1056 = DIRECTION ( 'NONE',  ( -1.000000000000000000, 0.000000000000000000, 0.000000000000000000 ) ) ;
#1057 = ORIENTED_EDGE ( 'NONE', *, *, #3020, .T. ) ;
#1058 = DIRECTION ( 'NONE',  ( 0.000000000000000000, 0.000000000000000000, 1.000000000000000000 ) ) ;
#1059 = AXIS2_PLACEMENT_3D ( 'NONE', #3304, #2780, #320 ) ;
#1060 = FACE_OUTER_BOUND ( 'NONE', #2483, .T. ) ;
#1061 = VECTOR ( 'NONE', #549, 1000.000000000000000 ) ;
#1062 = ORIENTED_EDGE ( 'NONE', *, *, #3067, .T. ) ;
#1063 = FACE_BOUND ( 'NONE', #3323, .T. ) ;
#1064 = EDGE_CURVE ( 'NONE', #370, #1843, #2916, .T. ) ;
#1065 = DIRECTION ( 'NONE',  ( 0.000000000000000000, 0.000000000000000000, 1.000000000000000000 ) ) ;
#1066 = DIRECTION ( 'NONE',  ( -0.9605853178867271858, -0.2779853360529210282, -0.000000000000000000 ) ) ;
#1067 = VERTEX_POINT ( 'NONE', #2868 ) ;
#1068 = DIRECTION ( 'NONE',  ( 0.000000000000000000, 0.000000000000000000, -1.000000000000000000 ) ) ;
#1069 = VERTEX_POINT ( 'NONE', #2571 ) ;
#1070 = CYLINDRICAL_SURFACE ( 'NONE', #2147, 7.500000000000000000 ) ;
#1071 = CIRCLE ( 'NONE', #1356, 438.0000000000000000 ) ;
#1072 = CARTESIAN_POINT ( 'NONE',  ( 189.1453876279999804, -165.7751453106000099, -20.00000000000000000 ) ) ;
#1073 = VECTOR ( 'NONE', #115, 1000.000000000000000 ) ;
#1074 = ORIENTED_EDGE ( 'NONE', *, *, #2422, .F. ) ;
#1075 = EDGE_CURVE ( 'NONE', #2595, #1390, #1281, .T. ) ;
#1076 = FACE_OUTER_BOUND ( 'NONE', #3214, .T. ) ;
#1077 = EDGE_CURVE ( 'NONE', #1578, #1006, #191, .T. ) ;
#1078 = DIRECTION ( 'NONE',  ( 0.000000000000000000, 0.000000000000000000, 1.000000000000000000 ) ) ;
#1079 = ORIENTED_EDGE ( 'NONE', *, *, #3431, .T. ) ;
#1080 = FACE_OUTER_BOUND ( 'NONE', #303, .T. ) ;
#1081 = DIRECTION ( 'NONE',  ( -0.1365801112420496066, 0.9906290290583600333, 0.000000000000000000 ) ) ;
#1082 = ADVANCED_FACE ( 'NONE', ( #3393 ), #2623, .F. ) ;
#1083 = ORIENTED_EDGE ( 'NONE', *, *, #1718, .T. ) ;
#1084 = CARTESIAN_POINT ( 'NONE',  ( 62.64066339799999383, 90.45919172840000044, -10.00000000000000000 ) ) ;
#1085 = ORIENTED_EDGE ( 'NONE', *, *, #8, .F. ) ;
#1086 = CARTESIAN_POINT ( 'NONE',  ( 189.1453876279999804, -51.87514531060000422, -14.00000000000000000 ) ) ;
#1087 = DIRECTION ( 'NONE',  ( 0.000000000000000000, 0.000000000000000000, 1.000000000000000000 ) ) ;
#1088 = DIRECTION ( 'NONE',  ( -1.000000000000000000, 0.000000000000000000, 0.000000000000000000 ) ) ;
#1089 = ORIENTED_EDGE ( 'NONE', *, *, #2893, .T. ) ;
#1090 = DIRECTION ( 'NONE',  ( 0.000000000000000000, 0.000000000000000000, 1.000000000000000000 ) ) ;
#1091 = DIRECTION ( 'NONE',  ( -1.000000000000000000, 0.000000000000000000, 0.000000000000000000 ) ) ;
#1092 = CC_DESIGN_PERSON_AND_ORGANIZATION_ASSIGNMENT ( #2633, #121, ( #3120 ) ) ;
#1093 = ORIENTED_EDGE ( 'NONE', *, *, #2167, .F. ) ;
#1094 = CYLINDRICAL_SURFACE ( 'NONE', #582, 438.0000000000000568 ) ;
#1095 = VECTOR ( 'NONE', #1110, 1000.000000000000000 ) ;
#1096 = AXIS2_PLACEMENT_3D ( 'NONE', #305, #1391, #3035 ) ;
#1097 = EDGE_CURVE ( 'NONE', #1069, #1547, #1738, .T. ) ;
#1098 = VECTOR ( 'NONE', #2245, 1000.000000000000000 ) ;
#1099 = AXIS2_PLACEMENT_3D ( 'NONE', #25, #1649, #1454 ) ;
#1100 = DIRECTION ( 'NONE',  ( 0.000000000000000000, 0.000000000000000000, -1.000000000000000000 ) ) ;
#1101 = ORIENTED_EDGE ( 'NONE', *, *, #2978, .T. ) ;
#1102 = LINE ( 'NONE', #1084, #3115 ) ;
#1103 = DIRECTION ( 'NONE',  ( -1.000000000000000000, 0.000000000000000000, 0.000000000000000000 ) ) ;
#1104 = DIRECTION ( 'NONE',  ( 0.000000000000000000, 0.000000000000000000, -1.000000000000000000 ) ) ;
#1105 = DIRECTION ( 'NONE',  ( -0.1365801112420496066, -0.9906290290583600333, 0.000000000000000000 ) ) ;
#1106 = ORIENTED_EDGE ( 'NONE', *, *, #783, .F. ) ;
#1107 = CARTESIAN_POINT ( 'NONE',  ( 17.80326461400000326, -32.92818641579999905, 23.00000000000000000 ) ) ;
#1108 = ADVANCED_FACE ( 'NONE', ( #664 ), #3139, .F. ) ;
#1109 = EDGE_CURVE ( 'NONE', #1338, #1038, #2046, .T. ) ;
#1110 = DIRECTION ( 'NONE',  ( 0.000000000000000000, 0.000000000000000000, -1.000000000000000000 ) ) ;
#1111 = ORIENTED_EDGE ( 'NONE', *, *, #597, .T. ) ;
#1112 = AXIS2_PLACEMENT_3D ( 'NONE', #178, #2359, #1317 ) ;
#1113 = ORIENTED_EDGE ( 'NONE', *, *, #2315, .T. ) ;
#1114 = DIRECTION ( 'NONE',  ( -1.000000000000000000, 0.000000000000000000, 0.000000000000000000 ) ) ;
#1115 = CIRCLE ( 'NONE', #263, 234.5000000000000000 ) ;
#1116 = CARTESIAN_POINT ( 'NONE',  ( 248.7161790719000294, -24.27138875780000049, 4.500000000000000000 ) ) ;
#1117 = VERTEX_POINT ( 'NONE', #2605 ) ;
#1118 = CARTESIAN_POINT ( 'NONE',  ( 234.9183203130999971, 55.21417755740000644, -14.00000000000000000 ) ) ;
#1119 = ORIENTED_EDGE ( 'NONE', *, *, #842, .F. ) ;
#1120 = CARTESIAN_POINT ( 'NONE',  ( 385.7907752559999608, 0.000000000000000000, -20.00000000000000000 ) ) ;
#1121 = DIRECTION ( 'NONE',  ( -1.000000000000000000, 0.000000000000000000, 0.000000000000000000 ) ) ;
#1122 = CARTESIAN_POINT ( 'NONE',  ( 350.8535517669999990, -32.95374210920000735, -14.00000000000000000 ) ) ;
#1123 = ORIENTED_EDGE ( 'NONE', *, *, #167, .T. ) ;
#1124 = CARTESIAN_POINT ( 'NONE',  ( 41.42612905999999384, 57.54289668739999541, 0.000000000000000000 ) ) ;
#1125 = DIRECTION ( 'NONE',  ( -0.3325942583550720033, -0.9430700182432053547, 0.000000000000000000 ) ) ;
#1126 = ORIENTED_EDGE ( 'NONE', *, *, #2686, .F. ) ;
#1127 = AXIS2_PLACEMENT_3D ( 'NONE', #748, #181, #3479 ) ;
#1128 = EDGE_LOOP ( 'NONE', ( #2775, #3218, #887, #1991 ) ) ;
#1129 = CARTESIAN_POINT ( 'NONE',  ( 330.3646461959999669, 57.54289668739999541, 0.000000000000000000 ) ) ;
#1130 = VECTOR ( 'NONE', #1936, 1000.000000000000000 ) ;
#1131 = LINE ( 'NONE', #3355, #2405 ) ;
#1132 = AXIS2_PLACEMENT_3D ( 'NONE', #1011, #725, #2677 ) ;
#1133 = VECTOR ( 'NONE', #1105, 1000.000000000000227 ) ;
#1134 = DIRECTION ( 'NONE',  ( 0.4226182545458444517, -0.9063077903916658684, 0.000000000000000000 ) ) ;
#1135 = VERTEX_POINT ( 'NONE', #2848 ) ;
#1136 = LINE ( 'NONE', #2179, #943 ) ;
#1137 = VERTEX_POINT ( 'NONE', #991 ) ;
#1138 = PLANE ( 'NONE',  #2929 ) ;
#1139 = DIRECTION ( 'NONE',  ( 0.000000000000000000, 0.000000000000000000, 1.000000000000000000 ) ) ;
#1140 = DIRECTION ( 'NONE',  ( 0.000000000000000000, 0.000000000000000000, -1.000000000000000000 ) ) ;
#1141 = VECTOR ( 'NONE', #1511, 1000.000000000000000 ) ;
#1142 = ORIENTED_EDGE ( 'NONE', *, *, #159, .T. ) ;
#1143 = FACE_OUTER_BOUND ( 'NONE', #1881, .T. ) ;
#1144 = CARTESIAN_POINT ( 'NONE',  ( 375.3600582050000298, -23.24673950400000066, -10.00000000000000000 ) ) ;
#1145 = ORIENTED_EDGE ( 'NONE', *, *, #2981, .F. ) ;
#1146 = VERTEX_POINT ( 'NONE', #126 ) ;
#1147 = LINE ( 'NONE', #390, #1557 ) ;
#1148 = CIRCLE ( 'NONE', #2294, 234.5000000000000000 ) ;
#1149 = CARTESIAN_POINT ( 'NONE',  ( 189.1453876279999804, -466.2751453106000099, 4.500000000000000000 ) ) ;
#1150 = VECTOR ( 'NONE', #2474, 1000.000000000000114 ) ;
#1151 = EDGE_CURVE ( 'NONE', #712, #2995, #290, .T. ) ;
#1152 = AXIS2_PLACEMENT_3D ( 'NONE', #663, #155, #1206 ) ;
#1153 = CARTESIAN_POINT ( 'NONE',  ( 1.200314576999983895, -79.64823859999999911, -20.00000000000000000 ) ) ;
#1154 = EDGE_CURVE ( 'NONE', #705, #1135, #2069, .T. ) ;
#1155 = ORIENTED_EDGE ( 'NONE', *, *, #463, .F. ) ;
#1156 = DIRECTION ( 'NONE',  ( 0.000000000000000000, 0.000000000000000000, -1.000000000000000000 ) ) ;
#1157 = VERTEX_POINT ( 'NONE', #2316 ) ;
#1158 = DIRECTION ( 'NONE',  ( 0.000000000000000000, 0.000000000000000000, 1.000000000000000000 ) ) ;
#1159 = ADVANCED_FACE ( 'NONE', ( #3409 ), #950, .F. ) ;
#1160 = LINE ( 'NONE', #361, #1020 ) ;
#1161 = LINE ( 'NONE', #2506, #2849 ) ;
#1162 = EDGE_CURVE ( 'NONE', #603, #1067, #3144, .T. ) ;
#1163 = ORIENTED_EDGE ( 'NONE', *, *, #1788, .T. ) ;
#1164 = ORIENTED_EDGE ( 'NONE', *, *, #952, .F. ) ;
#1165 = DIRECTION ( 'NONE',  ( 1.000000000000000000, 0.000000000000000000, 0.000000000000000000 ) ) ;
#1166 = EDGE_CURVE ( 'NONE', #2280, #2381, #702, .T. ) ;
#1167 = LINE ( 'NONE', #3026, #1948 ) ;
#1168 = ORIENTED_EDGE ( 'NONE', *, *, #125, .F. ) ;
#1169 = CARTESIAN_POINT ( 'NONE',  ( 349.2625133239999968, -14.57291043640000083, 4.500000000000000000 ) ) ;
#1170 = LINE ( 'NONE', #537, #799 ) ;
#1171 = AXIS2_PLACEMENT_3D ( 'NONE', #540, #2391, #878 ) ;
#1172 = FACE_OUTER_BOUND ( 'NONE', #817, .T. ) ;
#1173 = AXIS2_PLACEMENT_3D ( 'NONE', #144, #2659, #1480 ) ;
#1174 = ORIENTED_EDGE ( 'NONE', *, *, #2081, .F. ) ;
#1175 = CARTESIAN_POINT ( 'NONE',  ( 223.2218766261000269, -29.60273617809999891, -14.00000000000000000 ) ) ;
#1176 = ORIENTED_EDGE ( 'NONE', *, *, #1305, .F. ) ;
#1177 = DIRECTION ( 'NONE',  ( 0.000000000000000000, 0.000000000000000000, -1.000000000000000000 ) ) ;
#1178 = ORIENTED_EDGE ( 'NONE', *, *, #881, .F. ) ;
#1179 = DIRECTION ( 'NONE',  ( 0.000000000000000000, 0.000000000000000000, -1.000000000000000000 ) ) ;
#1180 = CARTESIAN_POINT ( 'NONE',  ( 233.3567703708000067, 47.36805993320000141, 23.00000000000000000 ) ) ;
#1181 = ORIENTED_EDGE ( 'NONE', *, *, #272, .F. ) ;
#1182 = VERTEX_POINT ( 'NONE', #1792 ) ;
#1183 = CARTESIAN_POINT ( 'NONE',  ( 189.1453876279999804, -174.7751453105999815, 23.00000000000000000 ) ) ;
#1184 = CYLINDRICAL_SURFACE ( 'NONE', #2477, 8.000000000000005329 ) ;
#1185 = CARTESIAN_POINT ( 'NONE',  ( 189.1453876279999804, -475.2751453106000099, -20.00000000000000000 ) ) ;
#1186 = EDGE_CURVE ( 'NONE', #2918, #1381, #522, .T. ) ;
#1187 = ORIENTED_EDGE ( 'NONE', *, *, #535, .T. ) ;
#1188 = CARTESIAN_POINT ( 'NONE',  ( 189.1453876279999804, -466.2751453106000099, 23.00000000000000000 ) ) ;
#1189 = LINE ( 'NONE', #2533, #1262 ) ;
#1190 = CIRCLE ( 'NONE', #1697, 234.5000000000000000 ) ;
#1191 = VECTOR ( 'NONE', #407, 1000.000000000000000 ) ;
#1192 = CIRCLE ( 'NONE', #1757, 438.0000000000000000 ) ;
#1193 = CARTESIAN_POINT ( 'NONE',  ( 68.51777805599999738, -36.89771249779999351, -14.00000000000000000 ) ) ;
#1194 = VERTEX_POINT ( 'NONE', #175 ) ;
#1195 = CARTESIAN_POINT ( 'NONE',  ( 334.8216727870000113, -53.21047732000000252, -14.00000000000000000 ) ) ;
#1196 = CARTESIAN_POINT ( 'NONE',  ( 29.02826193199999949, -14.57291043640000083, 23.00000000000000000 ) ) ;
#1197 = ORIENTED_EDGE ( 'NONE', *, *, #2535, .F. ) ;
#1198 = CARTESIAN_POINT ( 'NONE',  ( 21.54718025399999703, -17.40723874029999863, 23.00000000000000000 ) ) ;
#1199 = DIRECTION ( 'NONE',  ( 0.000000000000000000, 0.000000000000000000, -1.000000000000000000 ) ) ;
#1200 = ORIENTED_EDGE ( 'NONE', *, *, #334, .F. ) ;
#1201 = ORIENTED_EDGE ( 'NONE', *, *, #2386, .T. ) ;
#1202 = DATE_AND_TIME ( #150, #606 ) ;
#1203 = CARTESIAN_POINT ( 'NONE',  ( 374.2846436999999469, -30.85257633249999998, 4.500000000000000000 ) ) ;
#1204 = AXIS2_PLACEMENT_3D ( 'NONE', #1029, #778, #2647 ) ;
#1205 = ORIENTED_EDGE ( 'NONE', *, *, #2869, .F. ) ;
#1206 = DIRECTION ( 'NONE',  ( -1.000000000000000000, 0.000000000000000000, 0.000000000000000000 ) ) ;
#1207 = EDGE_CURVE ( 'NONE', #3057, #797, #1722, .T. ) ;
#1208 = DIRECTION ( 'NONE',  ( 0.000000000000000000, 0.000000000000000000, 1.000000000000000000 ) ) ;
#1209 = VECTOR ( 'NONE', #420, 1000.000000000000000 ) ;
#1210 = CARTESIAN_POINT ( 'NONE',  ( 4.006131555999994376, -30.85257633249999998, -14.00000000000000000 ) ) ;
#1211 = FACE_OUTER_BOUND ( 'NONE', #3129, .T. ) ;
#1212 = PLANE ( 'NONE',  #1555 ) ;
#1213 = ORIENTED_EDGE ( 'NONE', *, *, #3233, .F. ) ;
#1214 = CYLINDRICAL_SURFACE ( 'NONE', #2847, 438.0000000000000568 ) ;
#1215 = DIRECTION ( 'NONE',  ( 0.000000000000000000, 0.000000000000000000, -1.000000000000000000 ) ) ;
#1216 = CIRCLE ( 'NONE', #18, 7.999999999999992895 ) ;
#1217 = ORIENTED_EDGE ( 'NONE', *, *, #363, .F. ) ;
#1218 = ORIENTED_EDGE ( 'NONE', *, *, #3246, .F. ) ;
#1219 = APPROVAL_ROLE ( '' ) ;
#1220 = VECTOR ( 'NONE', #2768, 1000.000000000000000 ) ;
#1221 = DIRECTION ( 'NONE',  ( 0.000000000000000000, 0.000000000000000000, 1.000000000000000000 ) ) ;
#1222 = EDGE_CURVE ( 'NONE', #1258, #1771, #2904, .T. ) ;
#1223 = ORIENTED_EDGE ( 'NONE', *, *, #214, .T. ) ;
#1224 = CARTESIAN_POINT ( 'NONE',  ( 288.1354770222999946, 46.80710277629999894, 0.000000000000000000 ) ) ;
#1225 = EDGE_CURVE ( 'NONE', #3153, #1667, #2458, .T. ) ;
#1226 = EDGE_CURVE ( 'NONE', #854, #621, #918, .T. ) ;
#1227 = DIRECTION ( 'NONE',  ( 0.000000000000000000, 0.000000000000000000, 1.000000000000000000 ) ) ;
#1228 = ORIENTED_EDGE ( 'NONE', *, *, #3318, .F. ) ;
#1229 = FACE_OUTER_BOUND ( 'NONE', #2403, .T. ) ;
#1230 = CARTESIAN_POINT ( 'NONE',  ( 368.7394876010000075, -75.78802504909999982, -20.00000000000000000 ) ) ;
#1231 = ADVANCED_FACE ( 'NONE', ( #1060 ), #2994, .T. ) ;
#1232 = VECTOR ( 'NONE', #2127, 1000.000000000000000 ) ;
#1233 = LINE ( 'NONE', #1981, #1568 ) ;
#1234 = DIRECTION ( 'NONE',  ( 0.000000000000000000, 0.000000000000000000, -1.000000000000000000 ) ) ;
#1235 = CARTESIAN_POINT ( 'NONE',  ( 357.7378420129999768, -62.02202618280000479, -14.00000000000000000 ) ) ;
#1236 = AXIS2_PLACEMENT_3D ( 'NONE', #2168, #3022, #2182 ) ;
#1237 = ORIENTED_EDGE ( 'NONE', *, *, #742, .F. ) ;
#1238 = EDGE_CURVE ( 'NONE', #2556, #2819, #2121, .T. ) ;
#1239 = ORIENTED_EDGE ( 'NONE', *, *, #2235, .F. ) ;
#1240 = APPROVAL_ROLE ( '' ) ;
#1241 = CARTESIAN_POINT ( 'NONE',  ( 389.0025159150000036, -50.55345067615000687, -14.00000000000000000 ) ) ;
#1242 = AXIS2_PLACEMENT_3D ( 'NONE', #638, #653, #71 ) ;
#1243 = ORIENTED_EDGE ( 'NONE', *, *, #665, .T. ) ;
#1244 = DIRECTION ( 'NONE',  ( -1.000000000000000000, 0.000000000000000000, 0.000000000000000000 ) ) ;
#1245 = DIRECTION ( 'NONE',  ( 0.000000000000000000, 0.000000000000000000, 1.000000000000000000 ) ) ;
#1246 = LINE ( 'NONE', #2338, #1400 ) ;
#1247 = VECTOR ( 'NONE', #1357, 1000.000000000000000 ) ;
#1248 = CARTESIAN_POINT ( 'NONE',  ( 189.1453876279999804, -165.7751453106000099, 1.500000000000000000 ) ) ;
#1249 = EDGE_LOOP ( 'NONE', ( #2689, #637, #2666, #3093 ) ) ;
#1250 = CARTESIAN_POINT ( 'NONE',  ( 350.7163577739999596, -124.5647284148000011, 0.000000000000000000 ) ) ;
#1251 = CARTESIAN_POINT ( 'NONE',  ( 85.09710661200000459, -33.03369425900000067, 23.00000000000000000 ) ) ;
#1252 = ORIENTED_EDGE ( 'NONE', *, *, #3439, .T. ) ;
#1253 = CARTESIAN_POINT ( 'NONE',  ( -0.7369793489999940661, 21.20039767169999934, -20.00000000000000000 ) ) ;
#1254 = APPROVAL_STATUS ( 'not_yet_approved' ) ;
#1255 = EDGE_CURVE ( 'NONE', #1965, #2876, #2014, .T. ) ;
#1256 = CARTESIAN_POINT ( 'NONE',  ( 21.54718025399999703, -17.40723874029999863, -14.00000000000000000 ) ) ;
#1257 = VECTOR ( 'NONE', #3450, 1000.000000000000000 ) ;
#1258 = VERTEX_POINT ( 'NONE', #1327 ) ;
#1259 = LINE ( 'NONE', #1510, #477 ) ;
#1260 = CARTESIAN_POINT ( 'NONE',  ( -9.352278979000040238, -49.91952328353000468, -14.00000000000000000 ) ) ;
#1261 = ORIENTED_EDGE ( 'NONE', *, *, #2347, .T. ) ;
#1262 = VECTOR ( 'NONE', #3518, 999.9999999999998863 ) ;
#1263 = ORIENTED_EDGE ( 'NONE', *, *, #715, .F. ) ;
#1264 = FACE_OUTER_BOUND ( 'NONE', #28, .T. ) ;
#1265 = EDGE_CURVE ( 'NONE', #490, #370, #3471, .T. ) ;
#1266 = VERTEX_POINT ( 'NONE', #2709 ) ;
#1267 = DIRECTION ( 'NONE',  ( 0.000000000000000000, 0.000000000000000000, 1.000000000000000000 ) ) ;
#1268 = DIRECTION ( 'NONE',  ( -1.000000000000000000, 0.000000000000000000, 0.000000000000000000 ) ) ;
#1269 = ORIENTED_EDGE ( 'NONE', *, *, #2370, .F. ) ;
#1270 = DIRECTION ( 'NONE',  ( 0.000000000000000000, 0.000000000000000000, -1.000000000000000000 ) ) ;
#1271 = CIRCLE ( 'NONE', #3327, 8.000000000000007105 ) ;
#1272 = PERSON_AND_ORGANIZATION ( #2485, #195 ) ;
#1273 = VERTEX_POINT ( 'NONE', #2406 ) ;
#1274 = CIRCLE ( 'NONE', #2186, 7.500000000000000000 ) ;
#1275 = CARTESIAN_POINT ( 'NONE',  ( 189.1453876279999804, -174.7751453105999815, 23.00000000000000000 ) ) ;
#1276 = VECTOR ( 'NONE', #1399, 1000.000000000000227 ) ;
#1277 = EDGE_CURVE ( 'NONE', #207, #385, #1271, .T. ) ;
#1278 = EDGE_LOOP ( 'NONE', ( #2062, #186, #973, #3243 ) ) ;
#1279 = DIRECTION ( 'NONE',  ( 0.000000000000000000, 0.000000000000000000, 1.000000000000000000 ) ) ;
#1280 = LOCAL_TIME ( 17, 50, 38.00000000000000000, #1472 ) ;
#1281 = LINE ( 'NONE', #2638, #1366 ) ;
#1282 = ORIENTED_EDGE ( 'NONE', *, *, #1718, .F. ) ;
#1283 = DIRECTION ( 'NONE',  ( 0.000000000000000000, 0.000000000000000000, 1.000000000000000000 ) ) ;
#1284 = ORIENTED_EDGE ( 'NONE', *, *, #2049, .F. ) ;
#1285 = DIRECTION ( 'NONE',  ( 0.000000000000000000, 0.000000000000000000, -1.000000000000000000 ) ) ;
#1286 = FACE_OUTER_BOUND ( 'NONE', #1291, .T. ) ;
#1287 = ORIENTED_EDGE ( 'NONE', *, *, #2910, .T. ) ;
#1288 = CARTESIAN_POINT ( 'NONE',  ( 350.7163577739999596, -124.5647284148000011, -10.00000000000000000 ) ) ;
#1289 = CIRCLE ( 'NONE', #2606, 8.000000000000007105 ) ;
#1290 = CARTESIAN_POINT ( 'NONE',  ( 344.9635085319999916, -48.50024547803000274, 23.00000000000000000 ) ) ;
#1291 = EDGE_LOOP ( 'NONE', ( #2170, #3526, #1818, #2826 ) ) ;
#1292 = CARTESIAN_POINT ( 'NONE',  ( 307.6092732619999879, -44.59954985771000224, -14.00000000000000000 ) ) ;
#1293 = FACE_OUTER_BOUND ( 'NONE', #1725, .T. ) ;
#1294 = EDGE_CURVE ( 'NONE', #350, #295, #2141, .T. ) ;
#1295 = ORIENTED_EDGE ( 'NONE', *, *, #1796, .T. ) ;
#1296 = DIRECTION ( 'NONE',  ( -1.000000000000000000, 0.000000000000000000, 0.000000000000000000 ) ) ;
#1297 = DIRECTION ( 'NONE',  ( 0.000000000000000000, 0.000000000000000000, 1.000000000000000000 ) ) ;
#1298 = ORIENTED_EDGE ( 'NONE', *, *, #2437, .F. ) ;
#1299 = DIRECTION ( 'NONE',  ( -0.3465986505270888252, 0.9380135262632416371, 0.000000000000000000 ) ) ;
#1300 = CARTESIAN_POINT ( 'NONE',  ( 143.3724549428999921, 55.21417755740000644, 23.00000000000000000 ) ) ;
#1301 = ORIENTED_EDGE ( 'NONE', *, *, #1794, .T. ) ;
#1302 = CARTESIAN_POINT ( 'NONE',  ( 17.47361900800000001, -54.63840756859000436, 23.00000000000000000 ) ) ;
#1303 = AXIS2_PLACEMENT_3D ( 'NONE', #1776, #3410, #3104 ) ;
#1304 = ORIENTED_EDGE ( 'NONE', *, *, #1045, .T. ) ;
#1305 = EDGE_CURVE ( 'NONE', #797, #3039, #790, .T. ) ;
#1306 = CARTESIAN_POINT ( 'NONE',  ( 0.000000000000000000, 0.000000000000000000, 1.500000000000000000 ) ) ;
#1307 = CIRCLE ( 'NONE', #2962, 8.000000000000007105 ) ;
#1308 = ORIENTED_EDGE ( 'NONE', *, *, #992, .F. ) ;
#1309 = FACE_OUTER_BOUND ( 'NONE', #3521, .T. ) ;
#1310 = CIRCLE ( 'NONE', #2055, 234.5000000000000000 ) ;
#1311 = CARTESIAN_POINT ( 'NONE',  ( 356.7435950020000632, -17.40723874029999863, 4.500000000000000000 ) ) ;
#1312 = ORIENTED_EDGE ( 'NONE', *, *, #1265, .T. ) ;
#1313 = DIRECTION ( 'NONE',  ( -0.9906290290583601443, -0.1365801112420496344, -0.000000000000000000 ) ) ;
#1314 = ADVANCED_FACE ( 'NONE', ( #1293 ), #739, .T. ) ;
#1315 = EDGE_CURVE ( 'NONE', #1862, #2971, #3270, .T. ) ;
#1316 = VECTOR ( 'NONE', #972, 1000.000000000000000 ) ;
#1317 = DIRECTION ( 'NONE',  ( -1.000000000000000000, 0.000000000000000000, 0.000000000000000000 ) ) ;
#1318 = PLANE ( 'NONE',  #1204 ) ;
#1319 = CARTESIAN_POINT ( 'NONE',  ( 54.42612905999999384, 57.54289668739999541, 1.500000000000000000 ) ) ;
#1320 = VERTEX_POINT ( 'NONE', #3226 ) ;
#1321 = EDGE_CURVE ( 'NONE', #217, #2667, #2389, .T. ) ;
#1322 = VECTOR ( 'NONE', #607, 1000.000000000000114 ) ;
#1323 = CARTESIAN_POINT ( 'NONE',  ( 70.68150199400000133, -44.59954985771000224, 4.500000000000000000 ) ) ;
#1324 = LINE ( 'NONE', #1876, #2747 ) ;
#1325 = EDGE_LOOP ( 'NONE', ( #467, #2926, #241, #1734 ) ) ;
#1326 = PLANE ( 'NONE',  #3444 ) ;
#1327 = CARTESIAN_POINT ( 'NONE',  ( 76.20246059900000546, -34.67382980940000436, -14.00000000000000000 ) ) ;
#1328 = CIRCLE ( 'NONE', #2758, 6.500000000000005329 ) ;
#1329 = ORIENTED_EDGE ( 'NONE', *, *, #3475, .T. ) ;
#1330 = FACE_BOUND ( 'NONE', #3126, .T. ) ;
#1331 = ADVANCED_FACE ( 'NONE', ( #277 ), #3265, .F. ) ;
#1332 = EDGE_CURVE ( 'NONE', #416, #807, #2937, .T. ) ;
#1333 = LINE ( 'NONE', #1604, #2394 ) ;
#1334 = CARTESIAN_POINT ( 'NONE',  ( 85.09710661200000459, -33.03369425900000067, -14.00000000000000000 ) ) ;
#1335 = DIRECTION ( 'NONE',  ( 0.000000000000000000, 0.000000000000000000, -1.000000000000000000 ) ) ;
#1336 = EDGE_CURVE ( 'NONE', #621, #879, #1577, .T. ) ;
#1337 = ADVANCED_FACE ( 'NONE', ( #2443 ), #3529, .F. ) ;
#1338 = VERTEX_POINT ( 'NONE', #1899 ) ;
#1339 = DIRECTION ( 'NONE',  ( 0.000000000000000000, 0.000000000000000000, 1.000000000000000000 ) ) ;
#1340 = CARTESIAN_POINT ( 'NONE',  ( 27.43722348899999730, -32.95374210920000735, 23.00000000000000000 ) ) ;
#1341 = ADVANCED_FACE ( 'NONE', ( #2727 ), #3079, .F. ) ;
#1342 = VERTEX_POINT ( 'NONE', #627 ) ;
#1343 = FACE_BOUND ( 'NONE', #1857, .T. ) ;
#1344 = DIRECTION ( 'NONE',  ( -0.2779853360529210282, -0.9605853178867271858, 0.000000000000000000 ) ) ;
#1345 = CIRCLE ( 'NONE', #3348, 234.5000000000000000 ) ;
#1346 = ORIENTED_EDGE ( 'NONE', *, *, #3171, .F. ) ;
#1347 = CYLINDRICAL_SURFACE ( 'NONE', #3460, 234.5000000000000000 ) ;
#1348 = EDGE_CURVE ( 'NONE', #3111, #2935, #2243, .T. ) ;
#1349 = CARTESIAN_POINT ( 'NONE',  ( 27.57441748199999765, -124.5647284148000011, -20.00000000000000000 ) ) ;
#1350 = CARTESIAN_POINT ( 'NONE',  ( 336.0079251159999671, -95.40649841779999463, -20.00000000000000000 ) ) ;
#1351 = ORIENTED_EDGE ( 'NONE', *, *, #482, .F. ) ;
#1352 = LINE ( 'NONE', #849, #658 ) ;
#1353 = ORIENTED_EDGE ( 'NONE', *, *, #2644, .F. ) ;
#1354 = DIRECTION ( 'NONE',  ( 0.000000000000000000, 0.000000000000000000, 1.000000000000000000 ) ) ;
#1355 = CARTESIAN_POINT ( 'NONE',  ( 0.000000000000000000, 0.000000000000000000, 1.500000000000000000 ) ) ;
#1356 = AXIS2_PLACEMENT_3D ( 'NONE', #3200, #1270, #1874 ) ;
#1357 = DIRECTION ( 'NONE',  ( 0.000000000000000000, 0.000000000000000000, 1.000000000000000000 ) ) ;
#1358 = CIRCLE ( 'NONE', #3418, 438.0000000000000000 ) ;
#1359 = ORIENTED_EDGE ( 'NONE', *, *, #2792, .F. ) ;
#1360 = CARTESIAN_POINT ( 'NONE',  ( 2.930717050999980255, -23.24673950400000066, -20.00000000000000000 ) ) ;
#1361 = EDGE_CURVE ( 'NONE', #696, #1999, #329, .T. ) ;
#1362 = CIRCLE ( 'NONE', #282, 8.000000000000007105 ) ;
#1363 = DIRECTION ( 'NONE',  ( 0.3465986505270888252, 0.9380135262632416371, 0.000000000000000000 ) ) ;
#1364 = ORIENTED_EDGE ( 'NONE', *, *, #441, .T. ) ;
#1365 = DIRECTION ( 'NONE',  ( 0.000000000000000000, 0.000000000000000000, 1.000000000000000000 ) ) ;
#1366 = VECTOR ( 'NONE', #933, 1000.000000000000227 ) ;
#1367 = DIRECTION ( 'NONE',  ( 0.000000000000000000, 0.000000000000000000, 1.000000000000000000 ) ) ;
#1368 = ORIENTED_EDGE ( 'NONE', *, *, #2174, .F. ) ;
#1369 = CARTESIAN_POINT ( 'NONE',  ( 391.8820996859999468, -47.92746572494999668, -20.00000000000000000 ) ) ;
#1370 = DIRECTION ( 'NONE',  ( 0.000000000000000000, 0.000000000000000000, -1.000000000000000000 ) ) ;
#1371 = EDGE_CURVE ( 'NONE', #3024, #1338, #1990, .T. ) ;
#1372 = EDGE_CURVE ( 'NONE', #3465, #200, #1613, .T. ) ;
#1373 = DIRECTION ( 'NONE',  ( 0.000000000000000000, 0.000000000000000000, -1.000000000000000000 ) ) ;
#1374 = DIRECTION ( 'NONE',  ( -1.000000000000000000, 0.000000000000000000, 0.000000000000000000 ) ) ;
#1375 = AXIS2_PLACEMENT_3D ( 'NONE', #2635, #3222, #769 ) ;
#1376 = EDGE_LOOP ( 'NONE', ( #1142, #2094, #526, #924 ) ) ;
#1377 = DIRECTION ( 'NONE',  ( 0.000000000000000000, 0.000000000000000000, 1.000000000000000000 ) ) ;
#1378 = EDGE_CURVE ( 'NONE', #376, #1838, #3061, .T. ) ;
#1379 = CARTESIAN_POINT ( 'NONE',  ( 384.4862800570000445, -63.78785210369999703, -20.00000000000000000 ) ) ;
#1380 = ORIENTED_EDGE ( 'NONE', *, *, #2882, .T. ) ;
#1381 = VERTEX_POINT ( 'NONE', #3334 ) ;
#1382 = CARTESIAN_POINT ( 'NONE',  ( 223.8442782516000022, -21.62698441310000064, 4.500000000000000000 ) ) ;
#1383 = CIRCLE ( 'NONE', #3387, 6.499999999999999112 ) ;
#1384 = AXIS2_PLACEMENT_3D ( 'NONE', #1169, #2261, #2776 ) ;
#1385 = CIRCLE ( 'NONE', #1507, 8.000000000000000000 ) ;
#1386 = VECTOR ( 'NONE', #1576, 1000.000000000000000 ) ;
#1387 = DIRECTION ( 'NONE',  ( 0.5332293572801282133, 0.8459707161212033366, 0.000000000000000000 ) ) ;
#1388 = EDGE_LOOP ( 'NONE', ( #2628, #2005, #2841, #2216, #2355, #2085, #3520, #444 ) ) ;
#1389 = DIRECTION ( 'NONE',  ( -0.9351352096859160135, -0.3542910379979685165, -0.000000000000000000 ) ) ;
#1390 = VERTEX_POINT ( 'NONE', #2219 ) ;
#1391 = DIRECTION ( 'NONE',  ( -0.9351352096859160135, 0.3542910379979685165, 0.000000000000000000 ) ) ;
#1392 = DIRECTION ( 'NONE',  ( -1.000000000000000000, 0.000000000000000000, 0.000000000000000000 ) ) ;
#1393 = LINE ( 'NONE', #3023, #1073 ) ;
#1394 = VERTEX_POINT ( 'NONE', #3313 ) ;
#1395 = CARTESIAN_POINT ( 'NONE',  ( 189.1453876279999804, -475.2751453106000099, 1.500000000000000000 ) ) ;
#1396 = LINE ( 'NONE', #9, #247 ) ;
#1397 = VECTOR ( 'NONE', #1297, 1000.000000000000000 ) ;
#1398 = VERTEX_POINT ( 'NONE', #26 ) ;
#1399 = DIRECTION ( 'NONE',  ( 0.2779853360529210282, -0.9605853178867271858, 0.000000000000000000 ) ) ;
#1400 = VECTOR ( 'NONE', #3161, 1000.000000000000000 ) ;
#1401 = CARTESIAN_POINT ( 'NONE',  ( 391.8820996859999468, -47.92746572494999668, 1.500000000000000000 ) ) ;
#1402 = ORIENTED_EDGE ( 'NONE', *, *, #2908, .T. ) ;
#1403 = PLANE ( 'NONE',  #1739 ) ;
#1404 = CARTESIAN_POINT ( 'NONE',  ( 189.1453876279999804, -466.2751453106000099, 23.00000000000000000 ) ) ;
#1405 = CARTESIAN_POINT ( 'NONE',  ( 330.3646461959999669, 57.54289668739999541, 1.500000000000000000 ) ) ;
#1406 = LINE ( 'NONE', #76, #1247 ) ;
#1407 = VERTEX_POINT ( 'NONE', #369 ) ;
#1408 = CARTESIAN_POINT ( 'NONE',  ( 377.0904607780000219, -79.64823839119999604, 1.500000000000000000 ) ) ;
#1409 = EDGE_CURVE ( 'NONE', #2950, #488, #1396, .T. ) ;
#1410 = LINE ( 'NONE', #1144, #417 ) ;
#1411 = EDGE_CURVE ( 'NONE', #1780, #1407, #474, .T. ) ;
#1412 = AXIS2_PLACEMENT_3D ( 'NONE', #3236, #3183, #1820 ) ;
#1413 = EDGE_LOOP ( 'NONE', ( #1051, #948, #2839, #3080, #2811, #3145, #671, #3003 ) ) ;
#1414 = LINE ( 'NONE', #872, #3041 ) ;
#1415 = ADVANCED_FACE ( 'NONE', ( #2188, #1680 ), #3283, .T. ) ;
#1416 = CARTESIAN_POINT ( 'NONE',  ( 90.15529823369999463, 46.80710277629999894, 0.000000000000000000 ) ) ;
#1417 = AXIS2_PLACEMENT_3D ( 'NONE', #1532, #762, #1850 ) ;
#1418 = CC_DESIGN_PERSON_AND_ORGANIZATION_ASSIGNMENT ( #386, #2063, ( #2021 ) ) ;
#1419 = VECTOR ( 'NONE', #1215, 1000.000000000000000 ) ;
#1420 = EDGE_CURVE ( 'NONE', #1689, #2413, #1167, .T. ) ;
#1421 = DIRECTION ( 'NONE',  ( -1.000000000000000000, 0.000000000000000000, 0.000000000000000000 ) ) ;
#1422 = EDGE_CURVE ( 'NONE', #803, #2655, #294, .T. ) ;
#1423 = ORIENTED_EDGE ( 'NONE', *, *, #2172, .T. ) ;
#1424 = DIRECTION ( 'NONE',  ( 0.000000000000000000, 0.000000000000000000, 1.000000000000000000 ) ) ;
#1425 = ORIENTED_EDGE ( 'NONE', *, *, #1255, .T. ) ;
#1426 = CARTESIAN_POINT ( 'NONE',  ( 375.3600582050000298, -23.24673950400000066, 0.000000000000000000 ) ) ;
#1427 = DIRECTION ( 'NONE',  ( 0.3465986505270888252, 0.9380135262632416371, 0.000000000000000000 ) ) ;
#1428 = FACE_BOUND ( 'NONE', #3459, .T. ) ;
#1429 = ORIENTED_EDGE ( 'NONE', *, *, #482, .T. ) ;
#1430 = AXIS2_PLACEMENT_3D ( 'NONE', #3456, #1208, #2297 ) ;
#1431 = ORIENTED_EDGE ( 'NONE', *, *, #2824, .F. ) ;
#1432 = DIRECTION ( 'NONE',  ( 0.9380135262632415261, -0.3465986505270888252, 0.000000000000000000 ) ) ;
#1433 = DIRECTION ( 'NONE',  ( 0.1365801112420496066, -0.9906290290583600333, 0.000000000000000000 ) ) ;
#1434 = ORIENTED_EDGE ( 'NONE', *, *, #665, .F. ) ;
#1435 = CARTESIAN_POINT ( 'NONE',  ( -10.71174065900001970, -50.55345067615000687, 23.00000000000000000 ) ) ;
#1436 = VECTOR ( 'NONE', #1140, 1000.000000000000000 ) ;
#1437 = DIRECTION ( 'NONE',  ( 0.000000000000000000, 0.000000000000000000, -1.000000000000000000 ) ) ;
#1438 = EDGE_CURVE ( 'NONE', #2495, #350, #1410, .T. ) ;
#1439 = AXIS2_PLACEMENT_3D ( 'NONE', #3042, #312, #1716 ) ;
#1440 = AXIS2_PLACEMENT_3D ( 'NONE', #204, #788, #1559 ) ;
#1441 = FACE_BOUND ( 'NONE', #2122, .T. ) ;
#1442 = ORIENTED_EDGE ( 'NONE', *, *, #2089, .F. ) ;
#1443 = CARTESIAN_POINT ( 'NONE',  ( 189.1453876279999804, -466.2751453106000099, 23.00000000000000000 ) ) ;
#1444 = ORIENTED_EDGE ( 'NONE', *, *, #1372, .T. ) ;
#1445 = CIRCLE ( 'NONE', #81, 234.5000000000000000 ) ;
#1446 = CYLINDRICAL_SURFACE ( 'NONE', #2200, 6.499999999999999112 ) ;
#1447 = ORIENTED_EDGE ( 'NONE', *, *, #992, .T. ) ;
#1448 = DIRECTION ( 'NONE',  ( 0.3542910379979684610, -0.9351352096859159024, 0.000000000000000000 ) ) ;
#1449 = EDGE_CURVE ( 'NONE', #3311, #478, #2411, .T. ) ;
#1450 = DIRECTION ( 'NONE',  ( 0.9605853178867265196, -0.2779853360529229156, 0.000000000000000000 ) ) ;
#1451 = EDGE_CURVE ( 'NONE', #1137, #1055, #855, .T. ) ;
#1452 = ORIENTED_EDGE ( 'NONE', *, *, #2049, .T. ) ;
#1453 = CARTESIAN_POINT ( 'NONE',  ( 189.1453876279999804, -165.7751453106000099, -20.00000000000000000 ) ) ;
#1454 = DIRECTION ( 'NONE',  ( -1.000000000000000000, 0.000000000000000000, 0.000000000000000000 ) ) ;
#1455 = DIRECTION ( 'NONE',  ( -0.6821139440933026155, 0.7312459006883245127, 0.000000000000000000 ) ) ;
#1456 = ORIENTED_EDGE ( 'NONE', *, *, #1527, .T. ) ;
#1457 = CARTESIAN_POINT ( 'NONE',  ( 189.1453876279999804, -51.87514531060000422, -14.00000000000000000 ) ) ;
#1458 = CARTESIAN_POINT ( 'NONE',  ( 120.5627911357999977, 41.09212283899999818, -14.00000000000000000 ) ) ;
#1459 = ADVANCED_FACE ( 'NONE', ( #2759 ), #2494, .F. ) ;
#1460 = AXIS2_PLACEMENT_3D ( 'NONE', #2438, #2755, #307 ) ;
#1461 = CARTESIAN_POINT ( 'NONE',  ( 189.1453876279999804, -51.87514531060000422, -20.00000000000000000 ) ) ;
#1462 = ORIENTED_EDGE ( 'NONE', *, *, #3438, .F. ) ;
#1463 = VECTOR ( 'NONE', #3482, 1000.000000000000000 ) ;
#1464 = DIRECTION ( 'NONE',  ( 0.4226182617411953224, 0.9063077870364186772, 0.000000000000000000 ) ) ;
#1465 = CARTESIAN_POINT ( 'NONE',  ( 189.1453876279999804, -475.2751453106000099, 23.00000000000000000 ) ) ;
#1466 = ORIENTED_EDGE ( 'NONE', *, *, #2688, .F. ) ;
#1467 = CARTESIAN_POINT ( 'NONE',  ( 137.0089726527999971, 46.27541904319999588, 4.500000000000000000 ) ) ;
#1468 = DIRECTION ( 'NONE',  ( 0.000000000000000000, 0.000000000000000000, 1.000000000000000000 ) ) ;
#1469 = ORIENTED_EDGE ( 'NONE', *, *, #1470, .T. ) ;
#1470 = EDGE_CURVE ( 'NONE', #1545, #3279, #348, .T. ) ;
#1471 = CARTESIAN_POINT ( 'NONE',  ( 137.0089726527999971, 46.27541904319999588, 23.00000000000000000 ) ) ;
#1472 = COORDINATED_UNIVERSAL_TIME_OFFSET ( 8, 0, .AHEAD. ) ;
#1473 = DIRECTION ( 'NONE',  ( -1.000000000000000000, 0.000000000000000000, 0.000000000000000000 ) ) ;
#1474 = EDGE_LOOP ( 'NONE', ( #2681, #944, #2106, #1364 ) ) ;
#1475 = CARTESIAN_POINT ( 'NONE',  ( 10.96295506200000069, 10.28657456620000055, -20.00000000000000000 ) ) ;
#1476 = CARTESIAN_POINT ( 'NONE',  ( 39.45037820199999601, 14.72874426789999980, -20.00000000000000000 ) ) ;
#1477 = AXIS2_PLACEMENT_3D ( 'NONE', #687, #2320, #915 ) ;
#1478 = AXIS2_PLACEMENT_3D ( 'NONE', #1483, #2596, #2577 ) ;
#1479 = FACE_OUTER_BOUND ( 'NONE', #2845, .T. ) ;
#1480 = DIRECTION ( 'NONE',  ( -1.000000000000000000, 0.000000000000000000, 0.000000000000000000 ) ) ;
#1481 = DIRECTION ( 'NONE',  ( -1.000000000000000000, 0.000000000000000000, 0.000000000000000000 ) ) ;
#1482 = ORIENTED_EDGE ( 'NONE', *, *, #157, .T. ) ;
#1483 = CARTESIAN_POINT ( 'NONE',  ( 378.2907752560000176, 0.000000000000000000, -20.00000000000000000 ) ) ;
#1484 = LINE ( 'NONE', #982, #2504 ) ;
#1485 = ORIENTED_EDGE ( 'NONE', *, *, #2503, .F. ) ;
#1486 = ADVANCED_FACE ( 'NONE', ( #2528 ), #82, .F. ) ;
#1487 = EDGE_CURVE ( 'NONE', #1793, #415, #2349, .T. ) ;
#1488 = ORIENTED_EDGE ( 'NONE', *, *, #2579, .F. ) ;
#1489 = DIRECTION ( 'NONE',  ( 0.3465986505270888807, -0.9380135262632416371, 0.000000000000000000 ) ) ;
#1490 = VECTOR ( 'NONE', #1536, 1000.000000000000000 ) ;
#1491 = EDGE_LOOP ( 'NONE', ( #411, #1719, #2204, #3257 ) ) ;
#1492 = CARTESIAN_POINT ( 'NONE',  ( 378.2907752560000176, 0.000000000000000000, 1.500000000000000000 ) ) ;
#1493 = CARTESIAN_POINT ( 'NONE',  ( 294.4355461979999973, -103.7688093832000078, -10.00000000000000000 ) ) ;
#1494 = CIRCLE ( 'NONE', #690, 438.0000000000000000 ) ;
#1495 = FACE_OUTER_BOUND ( 'NONE', #1504, .T. ) ;
#1496 = EDGE_CURVE ( 'NONE', #3407, #1736, #1774, .T. ) ;
#1497 = AXIS2_PLACEMENT_3D ( 'NONE', #510, #1008, #2692 ) ;
#1498 = DIRECTION ( 'NONE',  ( 0.000000000000000000, 0.000000000000000000, 1.000000000000000000 ) ) ;
#1499 = LINE ( 'NONE', #1692, #2924 ) ;
#1500 = ORIENTED_EDGE ( 'NONE', *, *, #2437, .T. ) ;
#1501 = CARTESIAN_POINT ( 'NONE',  ( 334.8216727870000113, -53.21047732000000252, 4.500000000000000000 ) ) ;
#1502 = DIRECTION ( 'NONE',  ( 0.000000000000000000, 0.000000000000000000, -1.000000000000000000 ) ) ;
#1503 = CIRCLE ( 'NONE', #2473, 6.500000000000005329 ) ;
#1504 = EDGE_LOOP ( 'NONE', ( #1707, #2151, #826, #910 ) ) ;
#1505 = VERTEX_POINT ( 'NONE', #1256 ) ;
#1506 = APPROVAL_DATE_TIME ( #926, #2586 ) ;
#1507 = AXIS2_PLACEMENT_3D ( 'NONE', #1302, #453, #2915 ) ;
#1508 = FACE_OUTER_BOUND ( 'NONE', #3303, .T. ) ;
#1509 = ORIENTED_EDGE ( 'NONE', *, *, #30, .F. ) ;
#1510 = CARTESIAN_POINT ( 'NONE',  ( 21.37898265000000109, -42.36613284021999704, -14.00000000000000000 ) ) ;
#1511 = DIRECTION ( 'NONE',  ( 0.000000000000000000, 0.000000000000000000, 1.000000000000000000 ) ) ;
#1512 = DIRECTION ( 'NONE',  ( 0.9906290290583603664, 0.1365801112420491348, 0.000000000000000000 ) ) ;
#1513 = DIRECTION ( 'NONE',  ( -1.000000000000000000, 0.000000000000000000, 0.000000000000000000 ) ) ;
#1514 = DIRECTION ( 'NONE',  ( 0.8645488787142462384, 0.5025487402371431322, 0.000000000000000000 ) ) ;
#1515 = EDGE_LOOP ( 'NONE', ( #740, #1089, #1554, #2901 ) ) ;
#1516 = CARTESIAN_POINT ( 'NONE',  ( 21.37898265000000109, -42.36613284021999704, 23.00000000000000000 ) ) ;
#1517 = DIRECTION ( 'NONE',  ( 0.000000000000000000, 0.000000000000000000, 1.000000000000000000 ) ) ;
#1518 = VECTOR ( 'NONE', #937, 1000.000000000000000 ) ;
#1519 = ORIENTED_EDGE ( 'NONE', *, *, #66, .T. ) ;
#1520 = ORIENTED_EDGE ( 'NONE', *, *, #2207, .F. ) ;
#1521 = DIRECTION ( 'NONE',  ( 0.000000000000000000, 0.000000000000000000, 1.000000000000000000 ) ) ;
#1522 = EDGE_LOOP ( 'NONE', ( #1713, #2256, #2806, #940 ) ) ;
#1523 = LINE ( 'NONE', #2086, #2016 ) ;
#1524 = ADVANCED_FACE ( 'NONE', ( #2084 ), #3151, .T. ) ;
#1525 = CARTESIAN_POINT ( 'NONE',  ( 366.4083548250000035, 58.46543029139999703, -10.00000000000000000 ) ) ;
#1526 = ORIENTED_EDGE ( 'NONE', *, *, #1614, .T. ) ;
#1527 = EDGE_CURVE ( 'NONE', #1146, #1999, #1889, .T. ) ;
#1528 = EDGE_CURVE ( 'NONE', #792, #868, #2331, .T. ) ;
#1529 = ORIENTED_EDGE ( 'NONE', *, *, #3244, .T. ) ;
#1530 = CIRCLE ( 'NONE', #730, 7.500000000000007105 ) ;
#1531 = VECTOR ( 'NONE', #2778, 1000.000000000000000 ) ;
#1532 = CARTESIAN_POINT ( 'NONE',  ( 189.1453876279999804, -475.2751453106000099, 1.500000000000000000 ) ) ;
#1533 = EDGE_CURVE ( 'NONE', #2819, #2674, #929, .T. ) ;
#1534 = AXIS2_PLACEMENT_3D ( 'NONE', #2057, #1234, #2837 ) ;
#1535 = ORIENTED_EDGE ( 'NONE', *, *, #2227, .F. ) ;
#1536 = DIRECTION ( 'NONE',  ( 0.000000000000000000, 0.000000000000000000, 1.000000000000000000 ) ) ;
#1537 = LINE ( 'NONE', #1319, #1257 ) ;
#1538 = ORIENTED_EDGE ( 'NONE', *, *, #777, .T. ) ;
#1539 = CARTESIAN_POINT ( 'NONE',  ( 300.8654905740000345, 22.25497573119999828, 23.00000000000000000 ) ) ;
#1540 = DATE_TIME_ROLE ( 'creation_date' ) ;
#1541 = CARTESIAN_POINT ( 'NONE',  ( 354.9178643420000299, -8.914553354700000654, 23.00000000000000000 ) ) ;
#1542 = ORIENTED_EDGE ( 'NONE', *, *, #1226, .F. ) ;
#1543 = CARTESIAN_POINT ( 'NONE',  ( 189.1453876279999804, -165.7751453106000099, -20.00000000000000000 ) ) ;
#1544 = DIRECTION ( 'NONE',  ( -1.000000000000000000, 0.000000000000000000, 0.000000000000000000 ) ) ;
#1545 = VERTEX_POINT ( 'NONE', #647 ) ;
#1546 = DIRECTION ( 'NONE',  ( 0.000000000000000000, 0.000000000000000000, 1.000000000000000000 ) ) ;
#1547 = VERTEX_POINT ( 'NONE', #1751 ) ;
#1548 = CARTESIAN_POINT ( 'NONE',  ( 74.84366406899999902, -79.38045786309999130, -20.00000000000000000 ) ) ;
#1549 = DIRECTION ( 'NONE',  ( 0.000000000000000000, 0.000000000000000000, -1.000000000000000000 ) ) ;
#1550 = ORIENTED_EDGE ( 'NONE', *, *, #886, .T. ) ;
#1551 = CARTESIAN_POINT ( 'NONE',  ( -10.96868851100001940, 10.23170916139999953, 0.000000000000000000 ) ) ;
#1552 = AXIS2_PLACEMENT_3D ( 'NONE', #2353, #442, #721 ) ;
#1553 = EDGE_CURVE ( 'NONE', #3262, #3284, #2311, .T. ) ;
#1554 = ORIENTED_EDGE ( 'NONE', *, *, #2358, .T. ) ;
#1555 = AXIS2_PLACEMENT_3D ( 'NONE', #1728, #145, #1177 ) ;
#1556 = DIRECTION ( 'NONE',  ( 0.000000000000000000, 0.000000000000000000, 1.000000000000000000 ) ) ;
#1557 = VECTOR ( 'NONE', #3064, 1000.000000000000000 ) ;
#1558 = ORIENTED_EDGE ( 'NONE', *, *, #3122, .T. ) ;
#1559 = DIRECTION ( 'NONE',  ( -1.000000000000000000, 0.000000000000000000, 0.000000000000000000 ) ) ;
#1560 = APPROVAL_PERSON_ORGANIZATION ( #184, #1940, #1219 ) ;
#1561 = CARTESIAN_POINT ( 'NONE',  ( 118.1404477718999999, 48.71657381140000354, 4.500000000000000000 ) ) ;
#1562 = EDGE_LOOP ( 'NONE', ( #1031, #1205 ) ) ;
#1563 = LINE ( 'NONE', #1581, #1397 ) ;
#1564 = EDGE_CURVE ( 'NONE', #2157, #781, #402, .T. ) ;
#1565 = ORIENTED_EDGE ( 'NONE', *, *, #1238, .T. ) ;
#1566 = LINE ( 'NONE', #2664, #2218 ) ;
#1567 = LINE ( 'NONE', #2630, #3259 ) ;
#1568 = VECTOR ( 'NONE', #2054, 1000.000000000000000 ) ;
#1569 = EDGE_LOOP ( 'NONE', ( #1462, #2933, #825, #443 ) ) ;
#1570 = LINE ( 'NONE', #1323, #586 ) ;
#1571 = ORIENTED_EDGE ( 'NONE', *, *, #421, .T. ) ;
#1572 = AXIS2_PLACEMENT_3D ( 'NONE', #285, #3274, #581 ) ;
#1573 = CARTESIAN_POINT ( 'NONE',  ( 260.1503274840999893, 48.71657381140000354, -14.00000000000000000 ) ) ;
#1574 = ADVANCED_FACE ( 'NONE', ( #986 ), #2582, .F. ) ;
#1575 = VERTEX_POINT ( 'NONE', #137 ) ;
#1576 = DIRECTION ( 'NONE',  ( 0.000000000000000000, 0.000000000000000000, -1.000000000000000000 ) ) ;
#1577 = LINE ( 'NONE', #772, #3442 ) ;
#1578 = VERTEX_POINT ( 'NONE', #698 ) ;
#1579 = CYLINDRICAL_SURFACE ( 'NONE', #600, 6.499999999999999112 ) ;
#1580 = ADVANCED_FACE ( 'NONE', ( #172, #1735 ), #2600, .T. ) ;
#1581 = CARTESIAN_POINT ( 'NONE',  ( -21.20039767200000114, -0.7369793489000050490, -10.00000000000000000 ) ) ;
#1582 = ORIENTED_EDGE ( 'NONE', *, *, #3494, .F. ) ;
#1583 = FACE_OUTER_BOUND ( 'NONE', #2749, .T. ) ;
#1584 = CARTESIAN_POINT ( 'NONE',  ( 189.1453876279999804, -174.7751453105999815, -14.00000000000000000 ) ) ;
#1585 = ORIENTED_EDGE ( 'NONE', *, *, #2192, .T. ) ;
#1586 = EDGE_CURVE ( 'NONE', #1999, #2975, #243, .T. ) ;
#1587 = ORIENTED_EDGE ( 'NONE', *, *, #334, .T. ) ;
#1588 = DIRECTION ( 'NONE',  ( -1.000000000000000000, 0.000000000000000000, 0.000000000000000000 ) ) ;
#1589 = CIRCLE ( 'NONE', #1814, 234.5000000000000000 ) ;
#1590 = ORIENTED_EDGE ( 'NONE', *, *, #425, .F. ) ;
#1591 = DIRECTION ( 'NONE',  ( 0.000000000000000000, 0.000000000000000000, 1.000000000000000000 ) ) ;
#1592 = AXIS2_PLACEMENT_3D ( 'NONE', #708, #2923, #2612 ) ;
#1593 = ADVANCED_FACE ( 'NONE', ( #1508 ), #1769, .T. ) ;
#1594 = ADVANCED_FACE ( 'NONE', ( #967 ), #437, .F. ) ;
#1595 = ORIENTED_EDGE ( 'NONE', *, *, #584, .F. ) ;
#1596 = CARTESIAN_POINT ( 'NONE',  ( 257.7279841202000625, 41.09212283899999818, 4.500000000000000000 ) ) ;
#1597 = AXIS2_PLACEMENT_3D ( 'NONE', #2183, #570, #2255 ) ;
#1598 = CARTESIAN_POINT ( 'NONE',  ( 387.4256155670000226, -11.99185942650000136, 0.000000000000000000 ) ) ;
#1599 = ORIENTED_EDGE ( 'NONE', *, *, #2107, .F. ) ;
#1600 = DIRECTION ( 'NONE',  ( 0.000000000000000000, 0.000000000000000000, -1.000000000000000000 ) ) ;
#1601 = EDGE_CURVE ( 'NONE', #857, #1021, #3436, .T. ) ;
#1602 = EDGE_CURVE ( 'NONE', #857, #1398, #2900, .T. ) ;
#1603 = CIRCLE ( 'NONE', #2746, 6.499999999999999112 ) ;
#1604 = CARTESIAN_POINT ( 'NONE',  ( 359.7279226879999783, -100.1763767319999943, 0.000000000000000000 ) ) ;
#1605 = CARTESIAN_POINT ( 'NONE',  ( 327.5132570580000220, 14.55151078789999985, -14.00000000000000000 ) ) ;
#1606 = EDGE_CURVE ( 'NONE', #2819, #803, #1494, .T. ) ;
#1607 = DIRECTION ( 'NONE',  ( 0.000000000000000000, 0.000000000000000000, 1.000000000000000000 ) ) ;
#1608 = VERTEX_POINT ( 'NONE', #2135 ) ;
#1609 = AXIS2_PLACEMENT_3D ( 'NONE', #152, #3419, #2883 ) ;
#1610 = DIRECTION ( 'NONE',  ( -1.000000000000000000, 0.000000000000000000, 0.000000000000000000 ) ) ;
#1611 = ORIENTED_EDGE ( 'NONE', *, *, #552, .T. ) ;
#1612 = CARTESIAN_POINT ( 'NONE',  ( 302.0883146570000122, -34.67382980940000436, 4.500000000000000000 ) ) ;
#1613 = CIRCLE ( 'NONE', #3097, 6.499999999999999112 ) ;
#1614 = EDGE_CURVE ( 'NONE', #1547, #2829, #1829, .T. ) ;
#1615 = ORIENTED_EDGE ( 'NONE', *, *, #3251, .F. ) ;
#1616 = FACE_OUTER_BOUND ( 'NONE', #2268, .T. ) ;
#1617 = VECTOR ( 'NONE', #2790, 1000.000000000000000 ) ;
#1618 = DIRECTION ( 'NONE',  ( -1.000000000000000000, 0.000000000000000000, 0.000000000000000000 ) ) ;
#1619 = CIRCLE ( 'NONE', #1099, 7.500000000000007105 ) ;
#1620 = EDGE_LOOP ( 'NONE', ( #1710, #434, #79, #2184 ) ) ;
#1621 = LINE ( 'NONE', #1653, #1061 ) ;
#1622 = LINE ( 'NONE', #2160, #1935 ) ;
#1623 = DIRECTION ( 'NONE',  ( 1.000000000000000000, 0.000000000000000000, 0.000000000000000000 ) ) ;
#1624 = ORIENTED_EDGE ( 'NONE', *, *, #317, .F. ) ;
#1625 = ADVANCED_FACE ( 'NONE', ( #2687 ), #1893, .F. ) ;
#1626 = CARTESIAN_POINT ( 'NONE',  ( 25.66639931599999969, 36.59708727969999842, 0.000000000000000000 ) ) ;
#1627 = CARTESIAN_POINT ( 'NONE',  ( -7.149797205000000488, -61.74136572569999970, -14.00000000000000000 ) ) ;
#1628 = VERTEX_POINT ( 'NONE', #1290 ) ;
#1629 = CARTESIAN_POINT ( 'NONE',  ( 312.4586760619999950, -54.99210628144000168, -20.00000000000000000 ) ) ;
#1630 = LINE ( 'NONE', #1963, #3437 ) ;
#1631 = ORIENTED_EDGE ( 'NONE', *, *, #2242, .T. ) ;
#1632 = DIRECTION ( 'NONE',  ( -0.2779853360529210282, -0.9605853178867271858, 0.000000000000000000 ) ) ;
#1633 = CIRCLE ( 'NONE', #2093, 234.5000000000000000 ) ;
#1634 = DIRECTION ( 'NONE',  ( 0.000000000000000000, 0.000000000000000000, 1.000000000000000000 ) ) ;
#1635 = VECTOR ( 'NONE', #208, 1000.000000000000000 ) ;
#1636 = ORIENTED_EDGE ( 'NONE', *, *, #1614, .F. ) ;
#1637 = CYLINDRICAL_SURFACE ( 'NONE', #2439, 7.999999999999999112 ) ;
#1638 = EDGE_CURVE ( 'NONE', #2309, #2344, #2990, .T. ) ;
#1639 = LINE ( 'NONE', #1401, #3361 ) ;
#1640 = ORIENTED_EDGE ( 'NONE', *, *, #2634, .F. ) ;
#1641 = CARTESIAN_POINT ( 'NONE',  ( 47.92612905999999384, 57.54289668739999541, 0.000000000000000000 ) ) ;
#1642 = VERTEX_POINT ( 'NONE', #1541 ) ;
#1643 = CARTESIAN_POINT ( 'NONE',  ( 24.95470068500000238, -51.80407926460890167, 4.500000000000000000 ) ) ;
#1644 = EDGE_CURVE ( 'NONE', #1273, #164, #753, .T. ) ;
#1645 = FACE_OUTER_BOUND ( 'NONE', #314, .T. ) ;
#1646 = DIRECTION ( 'NONE',  ( 0.000000000000000000, 0.000000000000000000, 1.000000000000000000 ) ) ;
#1647 = CIRCLE ( 'NONE', #112, 8.000000000000000000 ) ;
#1648 = ORIENTED_EDGE ( 'NONE', *, *, #1997, .F. ) ;
#1649 = DIRECTION ( 'NONE',  ( 0.000000000000000000, 0.000000000000000000, 1.000000000000000000 ) ) ;
#1650 = CIRCLE ( 'NONE', #2678, 8.000000000000007105 ) ;
#1651 = CARTESIAN_POINT ( 'NONE',  ( 55.49795724000000519, 8.092605675799998011, 23.00000000000000000 ) ) ;
#1652 = ORIENTED_EDGE ( 'NONE', *, *, #3170, .F. ) ;
#1653 = CARTESIAN_POINT ( 'NONE',  ( 307.6092732619999879, -44.59954985771000224, 4.500000000000000000 ) ) ;
#1654 = VECTOR ( 'NONE', #1065, 1000.000000000000000 ) ;
#1655 = LINE ( 'NONE', #2446, #1531 ) ;
#1656 = EDGE_LOOP ( 'NONE', ( #245, #3350, #2080, #2341 ) ) ;
#1657 = DIRECTION ( 'NONE',  ( -0.5332293572801282133, 0.8459707161212033366, 0.000000000000000000 ) ) ;
#1658 = ORIENTED_EDGE ( 'NONE', *, *, #3319, .F. ) ;
#1659 = PLANE ( 'NONE',  #1096 ) ;
#1660 = DIRECTION ( 'NONE',  ( -0.1365801112420496066, -0.9906290290583600333, 0.000000000000000000 ) ) ;
#1661 = CARTESIAN_POINT ( 'NONE',  ( 23.37291091399999843, -8.914553354700000654, -14.00000000000000000 ) ) ;
#1662 = AXIS2_PLACEMENT_3D ( 'NONE', #717, #1489, #388 ) ;
#1663 = ORIENTED_EDGE ( 'NONE', *, *, #846, .T. ) ;
#1664 = LINE ( 'NONE', #1408, #928 ) ;
#1665 = DIRECTION ( 'NONE',  ( 0.000000000000000000, 0.000000000000000000, -1.000000000000000000 ) ) ;
#1666 = ORIENTED_EDGE ( 'NONE', *, *, #3234, .T. ) ;
#1667 = VERTEX_POINT ( 'NONE', #3187 ) ;
#1668 = DIRECTION ( 'NONE',  ( -1.000000000000000000, 0.000000000000000000, 0.000000000000000000 ) ) ;
#1669 = AXIS2_PLACEMENT_3D ( 'NONE', #473, #2456, #1896 ) ;
#1670 = VECTOR ( 'NONE', #3326, 1000.000000000000114 ) ;
#1671 = CARTESIAN_POINT ( 'NONE',  ( 308.5501731169999857, 20.03109304279999847, 23.00000000000000000 ) ) ;
#1672 = ORIENTED_EDGE ( 'NONE', *, *, #2970, .F. ) ;
#1673 = ADVANCED_FACE ( 'NONE', ( #784 ), #1036, .F. ) ;
#1674 = LINE ( 'NONE', #3324, #1970 ) ;
#1675 = DIRECTION ( 'NONE',  ( 0.000000000000000000, 0.000000000000000000, -1.000000000000000000 ) ) ;
#1676 = EDGE_CURVE ( 'NONE', #2426, #236, #2864, .T. ) ;
#1677 = CARTESIAN_POINT ( 'NONE',  ( 144.9340048852000109, 47.36805993320000141, -14.00000000000000000 ) ) ;
#1678 = DIRECTION ( 'NONE',  ( -0.9351352096859160135, 0.3542910379979685165, 0.000000000000000000 ) ) ;
#1679 = ORIENTED_EDGE ( 'NONE', *, *, #2429, .F. ) ;
#1680 = FACE_BOUND ( 'NONE', #399, .T. ) ;
#1681 = EDGE_CURVE ( 'NONE', #1642, #854, #1148, .T. ) ;
#1682 = AXIS2_PLACEMENT_3D ( 'NONE', #445, #1104, #1392 ) ;
#1683 = EDGE_LOOP ( 'NONE', ( #1111, #3420, #1565, #629 ) ) ;
#1684 = LINE ( 'NONE', #1435, #3497 ) ;
#1685 = EDGE_CURVE ( 'NONE', #2655, #2495, #2696, .T. ) ;
#1686 = CYLINDRICAL_SURFACE ( 'NONE', #2350, 438.0000000000000568 ) ;
#1687 = CARTESIAN_POINT ( 'NONE',  ( 366.4083548250000035, 58.46543029139999703, -20.00000000000000000 ) ) ;
#1688 = AXIS2_PLACEMENT_3D ( 'NONE', #2521, #1158, #358 ) ;
#1689 = VERTEX_POINT ( 'NONE', #3261 ) ;
#1690 = CARTESIAN_POINT ( 'NONE',  ( 154.4464970043999870, -21.62698441310000064, 4.500000000000000000 ) ) ;
#1691 = EDGE_LOOP ( 'NONE', ( #2270, #2682, #3416, #2669 ) ) ;
#1692 = CARTESIAN_POINT ( 'NONE',  ( 323.0079251159999671, -95.40649841779999463, 1.500000000000000000 ) ) ;
#1693 = CARTESIAN_POINT ( 'NONE',  ( 338.8403970540000500, 14.72874426789999980, 0.000000000000000000 ) ) ;
#1694 = CARTESIAN_POINT ( 'NONE',  ( 390.3619775960000311, -51.18737806875800089, -14.00000000000000000 ) ) ;
#1695 = ORIENTED_EDGE ( 'NONE', *, *, #3351, .T. ) ;
#1696 = ORIENTED_EDGE ( 'NONE', *, *, #1898, .F. ) ;
#1697 = AXIS2_PLACEMENT_3D ( 'NONE', #1183, #3402, #625 ) ;
#1698 = ADVANCED_FACE ( 'NONE', ( #240 ), #202, .F. ) ;
#1699 = CARTESIAN_POINT ( 'NONE',  ( 357.7378420129999768, -62.02202618280000479, 4.500000000000000000 ) ) ;
#1700 = AXIS2_PLACEMENT_3D ( 'NONE', #557, #1646, #1374 ) ;
#1701 = ORIENTED_EDGE ( 'NONE', *, *, #3439, .F. ) ;
#1702 = CARTESIAN_POINT ( 'NONE',  ( 10.32218293600000081, -35.76251471980000218, 4.500000000000000000 ) ) ;
#1703 = DIRECTION ( 'NONE',  ( 0.000000000000000000, 0.000000000000000000, 1.000000000000000000 ) ) ;
#1704 = EDGE_CURVE ( 'NONE', #2413, #1055, #750, .T. ) ;
#1705 = EDGE_CURVE ( 'NONE', #1157, #1146, #1324, .T. ) ;
#1706 = CARTESIAN_POINT ( 'NONE',  ( 11.88242043099999989, 58.46543029139999703, 0.000000000000000000 ) ) ;
#1707 = ORIENTED_EDGE ( 'NONE', *, *, #953, .F. ) ;
#1708 = CARTESIAN_POINT ( 'NONE',  ( 385.7907752559999608, 0.000000000000000000, 0.000000000000000000 ) ) ;
#1709 = FACE_OUTER_BOUND ( 'NONE', #3536, .T. ) ;
#1710 = ORIENTED_EDGE ( 'NONE', *, *, #2978, .F. ) ;
#1711 = LINE ( 'NONE', #3074, #2510 ) ;
#1712 = CARTESIAN_POINT ( 'NONE',  ( 76.20246059900000546, -34.67382980940000436, 23.00000000000000000 ) ) ;
#1713 = ORIENTED_EDGE ( 'NONE', *, *, #233, .F. ) ;
#1714 = DIRECTION ( 'NONE',  ( 0.000000000000000000, 0.000000000000000000, 1.000000000000000000 ) ) ;
#1715 = APPLICATION_PROTOCOL_DEFINITION ( 'international standard', 'config_control_design', 1994, #1956 ) ;
#1716 = DIRECTION ( 'NONE',  ( -0.9605853178867272968, -0.2779853360529208617, 0.000000000000000000 ) ) ;
#1717 = ORIENTED_EDGE ( 'NONE', *, *, #2347, .F. ) ;
#1718 = EDGE_CURVE ( 'NONE', #727, #2855, #801, .T. ) ;
#1719 = ORIENTED_EDGE ( 'NONE', *, *, #1077, .F. ) ;
#1720 = DIRECTION ( 'NONE',  ( -1.000000000000000000, 0.000000000000000000, 0.000000000000000000 ) ) ;
#1721 = CARTESIAN_POINT ( 'NONE',  ( 283.7804910613000402, -38.62084894709999361, 4.500000000000000000 ) ) ;
#1722 = CIRCLE ( 'NONE', #1552, 7.999999999999992895 ) ;
#1723 = AXIS2_PLACEMENT_3D ( 'NONE', #833, #1354, #1610 ) ;
#1724 = FACE_BOUND ( 'NONE', #2562, .T. ) ;
#1725 = EDGE_LOOP ( 'NONE', ( #1217, #1304, #709, #40 ) ) ;
#1726 = CARTESIAN_POINT ( 'NONE',  ( 2.930717050999980255, -23.24673950400000066, 0.000000000000000000 ) ) ;
#1727 = ORIENTED_EDGE ( 'NONE', *, *, #1048, .F. ) ;
#1728 = CARTESIAN_POINT ( 'NONE',  ( 240.7911468393999996, -23.17874786790000030, 23.00000000000000000 ) ) ;
#1729 = EDGE_LOOP ( 'NONE', ( #1542, #749, #1789, #3331, #2098, #2584, #1298, #2538 ) ) ;
#1730 = CARTESIAN_POINT ( 'NONE',  ( -21.20039767200000114, -0.7369793489000050490, 0.000000000000000000 ) ) ;
#1731 = PLANE ( 'NONE',  #3140 ) ;
#1732 = EDGE_CURVE ( 'NONE', #879, #1748, #524, .T. ) ;
#1733 = VERTEX_POINT ( 'NONE', #256 ) ;
#1734 = ORIENTED_EDGE ( 'NONE', *, *, #1010, .F. ) ;
#1735 = FACE_BOUND ( 'NONE', #1562, .T. ) ;
#1736 = VERTEX_POINT ( 'NONE', #2440 ) ;
#1737 = CARTESIAN_POINT ( 'NONE',  ( 323.0079251159999671, -95.40649841779999463, -20.00000000000000000 ) ) ;
#1738 = LINE ( 'NONE', #2013, #1316 ) ;
#1739 = AXIS2_PLACEMENT_3D ( 'NONE', #270, #1389, #2750 ) ;
#1740 = EDGE_CURVE ( 'NONE', #2508, #2616, #410, .T. ) ;
#1741 = ADVANCED_FACE ( 'NONE', ( #1840 ), #1823, .T. ) ;
#1742 = DIRECTION ( 'NONE',  ( 0.000000000000000000, 0.000000000000000000, -1.000000000000000000 ) ) ;
#1743 = CARTESIAN_POINT ( 'NONE',  ( 189.1453876279999804, -165.7751453106000099, -20.00000000000000000 ) ) ;
#1744 = LINE ( 'NONE', #3341, #3229 ) ;
#1745 = ORIENTED_EDGE ( 'NONE', *, *, #584, .T. ) ;
#1746 = CARTESIAN_POINT ( 'NONE',  ( 2.930717050999980255, -23.24673950400000066, -20.00000000000000000 ) ) ;
#1747 = DIRECTION ( 'NONE',  ( 0.000000000000000000, 0.000000000000000000, 1.000000000000000000 ) ) ;
#1748 = VERTEX_POINT ( 'NONE', #2934 ) ;
#1749 = DIRECTION ( 'NONE',  ( 0.000000000000000000, 0.000000000000000000, 1.000000000000000000 ) ) ;
#1750 = PERSON_AND_ORGANIZATION ( #2485, #195 ) ;
#1751 = CARTESIAN_POINT ( 'NONE',  ( 288.1354770222999946, 46.80710277629999894, -20.00000000000000000 ) ) ;
#1752 = ORIENTED_EDGE ( 'NONE', *, *, #2991, .T. ) ;
#1753 = DIRECTION ( 'NONE',  ( 0.000000000000000000, 0.000000000000000000, -1.000000000000000000 ) ) ;
#1754 = CARTESIAN_POINT ( 'NONE',  ( -12.83126339800002036, -49.55742190289000604, 23.00000000000000000 ) ) ;
#1755 = AXIS2_PLACEMENT_3D ( 'NONE', #57, #2236, #5 ) ;
#1756 = AXIS2_PLACEMENT_3D ( 'NONE', #354, #2872, #1977 ) ;
#1757 = AXIS2_PLACEMENT_3D ( 'NONE', #3344, #883, #3091 ) ;
#1758 = CARTESIAN_POINT ( 'NONE',  ( 309.7729972000000203, -36.89771249779999351, 23.00000000000000000 ) ) ;
#1759 = CARTESIAN_POINT ( 'NONE',  ( 341.0292333419999977, 74.46231100939999692, 0.000000000000000000 ) ) ;
#1760 = CARTESIAN_POINT ( 'NONE',  ( 47.92612905999999384, 57.54289668739999541, 1.500000000000000000 ) ) ;
#1761 = VECTOR ( 'NONE', #1335, 1000.000000000000000 ) ;
#1762 = ORIENTED_EDGE ( 'NONE', *, *, #2697, .F. ) ;
#1763 = DIRECTION ( 'NONE',  ( 0.000000000000000000, 0.000000000000000000, -1.000000000000000000 ) ) ;
#1764 = DIRECTION ( 'NONE',  ( 0.000000000000000000, 0.000000000000000000, 1.000000000000000000 ) ) ;
#1765 = EDGE_LOOP ( 'NONE', ( #3504, #2110, #2789, #2880 ) ) ;
#1766 = ORIENTED_EDGE ( 'NONE', *, *, #1041, .T. ) ;
#1767 = ORIENTED_EDGE ( 'NONE', *, *, #2860, .F. ) ;
#1768 = CALENDAR_DATE ( 2026, 21, 8 ) ;
#1769 = PLANE ( 'NONE',  #1609 ) ;
#1770 = AXIS2_PLACEMENT_3D ( 'NONE', #1458, #912, #2430 ) ;
#1771 = VERTEX_POINT ( 'NONE', #491 ) ;
#1772 = DIRECTION ( 'NONE',  ( -1.000000000000000000, 0.000000000000000000, 0.000000000000000000 ) ) ;
#1773 = CARTESIAN_POINT ( 'NONE',  ( 55.28285014000000785, -95.40649841779999463, 1.500000000000000000 ) ) ;
#1774 = CIRCLE ( 'NONE', #353, 8.000000000000007105 ) ;
#1775 = ORIENTED_EDGE ( 'NONE', *, *, #265, .F. ) ;
#1776 = CARTESIAN_POINT ( 'NONE',  ( 48.78285014000000075, -95.40649841779999463, 1.500000000000000000 ) ) ;
#1777 = AXIS2_PLACEMENT_3D ( 'NONE', #528, #205, #1618 ) ;
#1778 = CARTESIAN_POINT ( 'NONE',  ( 387.6430542350000223, -49.91952328353000468, 4.500000000000000000 ) ) ;
#1779 = LINE ( 'NONE', #2875, #2570 ) ;
#1780 = VERTEX_POINT ( 'NONE', #1573 ) ;
#1781 = LINE ( 'NONE', #2877, #2737 ) ;
#1782 = CYLINDRICAL_SURFACE ( 'NONE', #3310, 7.999999999999994671 ) ;
#1783 = VECTOR ( 'NONE', #2281, 1000.000000000000227 ) ;
#1784 = ORIENTED_EDGE ( 'NONE', *, *, #894, .T. ) ;
#1785 = ORIENTED_EDGE ( 'NONE', *, *, #3014, .F. ) ;
#1786 = EDGE_CURVE ( 'NONE', #93, #370, #3345, .T. ) ;
#1787 = DIRECTION ( 'NONE',  ( -0.1951937427939823277, 0.9807647030629094154, 0.000000000000000000 ) ) ;
#1788 = EDGE_CURVE ( 'NONE', #2291, #1575, #3320, .T. ) ;
#1789 = ORIENTED_EDGE ( 'NONE', *, *, #2594, .F. ) ;
#1790 = LINE ( 'NONE', #2313, #2925 ) ;
#1791 = EDGE_CURVE ( 'NONE', #727, #1505, #2739, .T. ) ;
#1792 = CARTESIAN_POINT ( 'NONE',  ( 155.0688986298999907, -29.60273617809999891, 23.00000000000000000 ) ) ;
#1793 = VERTEX_POINT ( 'NONE', #1694 ) ;
#1794 = EDGE_CURVE ( 'NONE', #3473, #2646, #1630, .T. ) ;
#1795 = ORIENTED_EDGE ( 'NONE', *, *, #2325, .T. ) ;
#1796 = EDGE_CURVE ( 'NONE', #1342, #3465, #1406, .T. ) ;
#1797 = CARTESIAN_POINT ( 'NONE',  ( 377.0904607780000219, -79.64823839119999604, 23.00000000000000000 ) ) ;
#1798 = CARTESIAN_POINT ( 'NONE',  ( 1.200314576999983895, -79.64823859999999911, -20.00000000000000000 ) ) ;
#1799 = AXIS2_PLACEMENT_3D ( 'NONE', #3308, #543, #1941 ) ;
#1800 = ORIENTED_EDGE ( 'NONE', *, *, #1951, .T. ) ;
#1801 = CARTESIAN_POINT ( 'NONE',  ( 62.64066339799999383, 90.45919172840000044, 0.000000000000000000 ) ) ;
#1802 = CARTESIAN_POINT ( 'NONE',  ( 309.7729972000000203, -36.89771249779999351, 4.500000000000000000 ) ) ;
#1803 = CIRCLE ( 'NONE', #2264, 234.5000000000000000 ) ;
#1804 = EDGE_LOOP ( 'NONE', ( #2601, #659, #2527, #3108 ) ) ;
#1805 = CARTESIAN_POINT ( 'NONE',  ( 73.47932078099999842, 29.21409700420000277, 4.500000000000000000 ) ) ;
#1806 = SHAPE_DEFINITION_REPRESENTATION ( #2583, #1841 ) ;
#1807 = CARTESIAN_POINT ( 'NONE',  ( 189.1453876279999804, -466.2751453106000099, -14.00000000000000000 ) ) ;
#1808 = ORIENTED_EDGE ( 'NONE', *, *, #2223, .T. ) ;
#1809 = DIRECTION ( 'NONE',  ( -1.000000000000000000, 0.000000000000000000, 0.000000000000000000 ) ) ;
#1810 = DIRECTION ( 'NONE',  ( -1.000000000000000000, 0.000000000000000000, 0.000000000000000000 ) ) ;
#1811 = ORIENTED_EDGE ( 'NONE', *, *, #460, .T. ) ;
#1812 = ORIENTED_EDGE ( 'NONE', *, *, #167, .F. ) ;
#1813 = CIRCLE ( 'NONE', #2159, 234.5000000000000000 ) ;
#1814 = AXIS2_PLACEMENT_3D ( 'NONE', #847, #3321, #2499 ) ;
#1815 = ADVANCED_FACE ( 'NONE', ( #2523 ), #3329, .T. ) ;
#1816 = CARTESIAN_POINT ( 'NONE',  ( 301.8927944399999888, 68.63314725239999348, 0.000000000000000000 ) ) ;
#1817 = AXIS2_PLACEMENT_3D ( 'NONE', #114, #2271, #672 ) ;
#1818 = ORIENTED_EDGE ( 'NONE', *, *, #1732, .T. ) ;
#1819 = CARTESIAN_POINT ( 'NONE',  ( 236.5255565436999916, 11.77789687010000108, -14.00000000000000000 ) ) ;
#1820 = DIRECTION ( 'NONE',  ( 0.000000000000000000, 0.000000000000000000, 1.000000000000000000 ) ) ;
#1821 = VERTEX_POINT ( 'NONE', #2214 ) ;
#1822 = DIRECTION ( 'NONE',  ( 0.000000000000000000, 0.000000000000000000, -1.000000000000000000 ) ) ;
#1823 = PLANE ( 'NONE',  #859 ) ;
#1824 = VERTEX_POINT ( 'NONE', #884 ) ;
#1825 = LINE ( 'NONE', #3455, #249 ) ;
#1826 = VECTOR ( 'NONE', #3337, 1000.000000000000000 ) ;
#1827 = DIRECTION ( 'NONE',  ( 0.000000000000000000, 0.000000000000000000, -1.000000000000000000 ) ) ;
#1828 = ORIENTED_EDGE ( 'NONE', *, *, #262, .T. ) ;
#1829 = CIRCLE ( 'NONE', #3206, 234.5000000000000000 ) ;
#1830 = DIRECTION ( 'NONE',  ( -1.000000000000000000, 0.000000000000000000, 0.000000000000000000 ) ) ;
#1831 = EDGE_CURVE ( 'NONE', #379, #2401, #3252, .T. ) ;
#1832 = VERTEX_POINT ( 'NONE', #3007 ) ;
#1833 = CARTESIAN_POINT ( 'NONE',  ( 377.0904604269999822, -79.64823848250000538, -20.00000000000000000 ) ) ;
#1834 = DIRECTION ( 'NONE',  ( 0.8459707161212032256, -0.5332293572801281023, 0.000000000000000000 ) ) ;
#1835 = EDGE_LOOP ( 'NONE', ( #2931, #2040, #279, #1895 ) ) ;
#1836 = ORIENTED_EDGE ( 'NONE', *, *, #2579, .T. ) ;
#1837 = CARTESIAN_POINT ( 'NONE',  ( 344.9635085319999916, -48.50024547803000274, -14.00000000000000000 ) ) ;
#1838 = VERTEX_POINT ( 'NONE', #1661 ) ;
#1839 = AXIS2_PLACEMENT_3D ( 'NONE', #1196, #2801, #2323 ) ;
#1840 = FACE_OUTER_BOUND ( 'NONE', #3178, .T. ) ;
#1841 = ADVANCED_BREP_SHAPE_REPRESENTATION ( 'final', ( #101, #2079 ), #368 ) ;
#1842 = AXIS2_PLACEMENT_3D ( 'NONE', #1539, #2099, #1859 ) ;
#1843 = VERTEX_POINT ( 'NONE', #2756 ) ;
#1844 = LINE ( 'NONE', #493, #1386 ) ;
#1845 = VECTOR ( 'NONE', #755, 1000.000000000000000 ) ;
#1846 = DIRECTION ( 'NONE',  ( 0.9605853178867270747, 0.2779853360529210282, 0.000000000000000000 ) ) ;
#1847 = ORIENTED_EDGE ( 'NONE', *, *, #3138, .T. ) ;
#1848 = DIRECTION ( 'NONE',  ( -1.000000000000000000, 0.000000000000000000, 0.000000000000000000 ) ) ;
#1849 = EDGE_CURVE ( 'NONE', #1628, #490, #1161, .T. ) ;
#1850 = DIRECTION ( 'NONE',  ( 0.4290983405249745863, 0.9032577783549461392, 0.000000000000000000 ) ) ;
#1851 = EDGE_CURVE ( 'NONE', #975, #906, #454, .T. ) ;
#1852 = ADVANCED_FACE ( 'NONE', ( #1942 ), #324, .T. ) ;
#1853 = ORIENTED_EDGE ( 'NONE', *, *, #2908, .F. ) ;
#1854 = DIRECTION ( 'NONE',  ( 0.4369264371650808942, 0.8994972420781670586, 0.000000000000000000 ) ) ;
#1855 = PLANE ( 'NONE',  #1412 ) ;
#1856 = AXIS2_PLACEMENT_3D ( 'NONE', #2393, #3447, #3461 ) ;
#1857 = EDGE_LOOP ( 'NONE', ( #2613, #2702 ) ) ;
#1858 = EDGE_LOOP ( 'NONE', ( #2526, #767, #1024, #815 ) ) ;
#1859 = DIRECTION ( 'NONE',  ( -1.000000000000000000, 0.000000000000000000, 0.000000000000000000 ) ) ;
#1860 = CIRCLE ( 'NONE', #3458, 8.000000000000007105 ) ;
#1861 = CARTESIAN_POINT ( 'NONE',  ( 37.26154191400000570, 74.46231100939999692, -20.00000000000000000 ) ) ;
#1862 = VERTEX_POINT ( 'NONE', #867 ) ;
#1863 = DIRECTION ( 'NONE',  ( 0.9380135262632416371, -0.3465986505270888252, 0.000000000000000000 ) ) ;
#1864 = EDGE_CURVE ( 'NONE', #1390, #1957, #3533, .T. ) ;
#1865 = DIRECTION ( 'NONE',  ( 0.000000000000000000, 0.000000000000000000, -1.000000000000000000 ) ) ;
#1866 = ORIENTED_EDGE ( 'NONE', *, *, #2012, .T. ) ;
#1867 = CARTESIAN_POINT ( 'NONE',  ( 189.1453876279999804, -174.7751453105999815, 23.00000000000000000 ) ) ;
#1868 = ADVANCED_FACE ( 'NONE', ( #343, #1428 ), #289, .T. ) ;
#1869 = CARTESIAN_POINT ( 'NONE',  ( 323.0079251159999671, -95.40649841779999463, 0.000000000000000000 ) ) ;
#1870 = DIRECTION ( 'NONE',  ( 0.000000000000000000, 0.000000000000000000, 1.000000000000000000 ) ) ;
#1871 = DIRECTION ( 'NONE',  ( -0.3542910379979684610, -0.9351352096859159024, 0.000000000000000000 ) ) ;
#1872 = VECTOR ( 'NONE', #1607, 1000.000000000000000 ) ;
#1873 = VERTEX_POINT ( 'NONE', #3278 ) ;
#1874 = DIRECTION ( 'NONE',  ( -1.000000000000000000, 0.000000000000000000, 0.000000000000000000 ) ) ;
#1875 = ORIENTED_EDGE ( 'NONE', *, *, #460, .F. ) ;
#1876 = CARTESIAN_POINT ( 'NONE',  ( 353.3360745710000401, -51.80407926460890167, 4.500000000000000000 ) ) ;
#1877 = ORIENTED_EDGE ( 'NONE', *, *, #1207, .F. ) ;
#1878 = FACE_OUTER_BOUND ( 'NONE', #2563, .T. ) ;
#1879 = VECTOR ( 'NONE', #1502, 1000.000000000000000 ) ;
#1880 = CARTESIAN_POINT ( 'NONE',  ( 231.7693104841000036, -22.71962530309999906, 23.00000000000000000 ) ) ;
#1881 = EDGE_LOOP ( 'NONE', ( #2232, #2414, #611, #1174 ) ) ;
#1882 = DIRECTION ( 'NONE',  ( 0.000000000000000000, 0.000000000000000000, 1.000000000000000000 ) ) ;
#1883 = ADVANCED_FACE ( 'NONE', ( #820 ), #308, .T. ) ;
#1884 = VECTOR ( 'NONE', #1227, 1000.000000000000000 ) ;
#1885 = LINE ( 'NONE', #267, #2973 ) ;
#1886 = LINE ( 'NONE', #796, #615 ) ;
#1887 = ORIENTED_EDGE ( 'NONE', *, *, #2716, .T. ) ;
#1888 = DIRECTION ( 'NONE',  ( -1.000000000000000000, 0.000000000000000000, 0.000000000000000000 ) ) ;
#1889 = CIRCLE ( 'NONE', #2008, 8.000000000000007105 ) ;
#1890 = DIRECTION ( 'NONE',  ( 0.000000000000000000, 0.000000000000000000, 1.000000000000000000 ) ) ;
#1891 = EDGE_LOOP ( 'NONE', ( #1932, #2581, #2154, #2465 ) ) ;
#1892 = LINE ( 'NONE', #819, #496 ) ;
#1893 = CYLINDRICAL_SURFACE ( 'NONE', #1943, 234.5000000000000000 ) ;
#1894 = AXIS2_PLACEMENT_3D ( 'NONE', #1651, #2808, #610 ) ;
#1895 = ORIENTED_EDGE ( 'NONE', *, *, #2697, .T. ) ;
#1896 = DIRECTION ( 'NONE',  ( -1.000000000000000000, 0.000000000000000000, 0.000000000000000000 ) ) ;
#1897 = AXIS2_PLACEMENT_3D ( 'NONE', #2404, #1058, #2171 ) ;
#1898 = EDGE_CURVE ( 'NONE', #2295, #2291, #2468, .T. ) ;
#1899 = CARTESIAN_POINT ( 'NONE',  ( 379.0277546049999842, 21.20039767169999934, -20.00000000000000000 ) ) ;
#1900 = EDGE_CURVE ( 'NONE', #435, #2530, #1310, .T. ) ;
#1901 = ORIENTED_EDGE ( 'NONE', *, *, #1487, .T. ) ;
#1902 = ORIENTED_EDGE ( 'NONE', *, *, #3318, .T. ) ;
#1903 = DIRECTION ( 'NONE',  ( 0.4369264371650808942, 0.8994972420781670586, 0.000000000000000000 ) ) ;
#1904 = EDGE_CURVE ( 'NONE', #1965, #1821, #1393, .T. ) ;
#1905 = CARTESIAN_POINT ( 'NONE',  ( 249.8029518877000044, 42.18476372899999660, 23.00000000000000000 ) ) ;
#1906 = ORIENTED_EDGE ( 'NONE', *, *, #2955, .T. ) ;
#1907 = DIRECTION ( 'NONE',  ( 0.000000000000000000, 0.000000000000000000, 1.000000000000000000 ) ) ;
#1908 = ORIENTED_EDGE ( 'NONE', *, *, #534, .T. ) ;
#1909 = LINE ( 'NONE', #3522, #1220 ) ;
#1910 = DIRECTION ( 'NONE',  ( 0.000000000000000000, 0.000000000000000000, 1.000000000000000000 ) ) ;
#1911 = CARTESIAN_POINT ( 'NONE',  ( 21.54718025399999703, -17.40723874029999863, 4.500000000000000000 ) ) ;
#1912 = VERTEX_POINT ( 'NONE', #1251 ) ;
#1913 = PLANE ( 'NONE',  #1897 ) ;
#1914 = CIRCLE ( 'NONE', #1799, 8.000000000000007105 ) ;
#1915 = DIRECTION ( 'NONE',  ( -1.000000000000000000, 0.000000000000000000, 0.000000000000000000 ) ) ;
#1916 = CIRCLE ( 'NONE', #1173, 6.499999999999999112 ) ;
#1917 = VERTEX_POINT ( 'NONE', #362 ) ;
#1918 = DIRECTION ( 'NONE',  ( 0.000000000000000000, 0.000000000000000000, 1.000000000000000000 ) ) ;
#1919 = CARTESIAN_POINT ( 'NONE',  ( 189.1453876279999804, 68.72485468940000430, 23.00000000000000000 ) ) ;
#1920 = ADVANCED_FACE ( 'NONE', ( #3147 ), #1782, .F. ) ;
#1921 = ORIENTED_EDGE ( 'NONE', *, *, #1077, .T. ) ;
#1922 = FACE_OUTER_BOUND ( 'NONE', #3305, .T. ) ;
#1923 = DIRECTION ( 'NONE',  ( -1.000000000000000000, 0.000000000000000000, 0.000000000000000000 ) ) ;
#1924 = FACE_BOUND ( 'NONE', #1980, .T. ) ;
#1925 = DIRECTION ( 'NONE',  ( -1.000000000000000000, 0.000000000000000000, 0.000000000000000000 ) ) ;
#1926 = VECTOR ( 'NONE', #2265, 1000.000000000000000 ) ;
#1927 = EDGE_LOOP ( 'NONE', ( #1237, #2650, #325, #2030 ) ) ;
#1928 = DIRECTION ( 'NONE',  ( 0.000000000000000000, 0.000000000000000000, 1.000000000000000000 ) ) ;
#1929 = VECTOR ( 'NONE', #2892, 1000.000000000000000 ) ;
#1930 = CARTESIAN_POINT ( 'NONE',  ( 47.92612905999999384, 57.54289668739999541, 0.000000000000000000 ) ) ;
#1931 = ORIENTED_EDGE ( 'NONE', *, *, #1162, .F. ) ;
#1932 = ORIENTED_EDGE ( 'NONE', *, *, #2125, .T. ) ;
#1933 = DIRECTION ( 'NONE',  ( -0.9063077870364186772, -0.4226182617411953224, 0.000000000000000000 ) ) ;
#1934 = ADVANCED_FACE ( 'NONE', ( #2343 ), #2878, .F. ) ;
#1935 = VECTOR ( 'NONE', #1437, 1000.000000000000000 ) ;
#1936 = DIRECTION ( 'NONE',  ( -0.000000000000000000, -0.000000000000000000, -1.000000000000000000 ) ) ;
#1937 = VERTEX_POINT ( 'NONE', #2823 ) ;
#1938 = DIRECTION ( 'NONE',  ( 0.000000000000000000, 0.000000000000000000, 1.000000000000000000 ) ) ;
#1939 = FACE_OUTER_BOUND ( 'NONE', #1683, .T. ) ;
#1940 = APPROVAL ( #2346, 'UNSPECIFIED' ) ;
#1941 = DIRECTION ( 'NONE',  ( -1.000000000000000000, 0.000000000000000000, 0.000000000000000000 ) ) ;
#1942 = FACE_OUTER_BOUND ( 'NONE', #1325, .T. ) ;
#1943 = AXIS2_PLACEMENT_3D ( 'NONE', #3525, #2384, #2153 ) ;
#1944 = EDGE_CURVE ( 'NONE', #2356, #1258, #2838, .T. ) ;
#1945 = ORIENTED_EDGE ( 'NONE', *, *, #2634, .T. ) ;
#1946 = MECHANICAL_CONTEXT ( 'NONE', #1956, 'mechanical' ) ;
#1947 = CARTESIAN_POINT ( 'NONE',  ( 141.7652187122999976, 11.77789687010000108, -14.00000000000000000 ) ) ;
#1948 = VECTOR ( 'NONE', #560, 1000.000000000000000 ) ;
#1949 = ORIENTED_EDGE ( 'NONE', *, *, #3133, .T. ) ;
#1950 = LINE ( 'NONE', #2531, #1617 ) ;
#1951 = EDGE_CURVE ( 'NONE', #2459, #2636, #2059, .T. ) ;
#1952 = LINE ( 'NONE', #895, #1826 ) ;
#1953 = AXIS2_PLACEMENT_3D ( 'NONE', #2569, #2585, #700 ) ;
#1954 = VECTOR ( 'NONE', #2651, 1000.000000000000000 ) ;
#1955 = LINE ( 'NONE', #2850, #2215 ) ;
#1956 = APPLICATION_CONTEXT ( 'configuration controlled 3d designs of mechanical parts and assemblies' ) ;
#1957 = VERTEX_POINT ( 'NONE', #960 ) ;
#1958 = DIRECTION ( 'NONE',  ( 0.000000000000000000, 0.000000000000000000, 1.000000000000000000 ) ) ;
#1959 = CARTESIAN_POINT ( 'NONE',  ( -12.07120236600000140, -51.18737808082699559, 23.00000000000000000 ) ) ;
#1960 = EDGE_CURVE ( 'NONE', #2876, #1965, #955, .T. ) ;
#1961 = ADVANCED_FACE ( 'NONE', ( #2578 ), #1731, .T. ) ;
#1962 = CARTESIAN_POINT ( 'NONE',  ( 293.1936686440000130, -33.03369425900000067, -14.00000000000000000 ) ) ;
#1963 = CARTESIAN_POINT ( 'NONE',  ( 189.1453876279999804, 59.72485468940000430, 4.500000000000000000 ) ) ;
#1964 = VERTEX_POINT ( 'NONE', #2804 ) ;
#1965 = VERTEX_POINT ( 'NONE', #2328 ) ;
#1966 = DIRECTION ( 'NONE',  ( 0.000000000000000000, 0.000000000000000000, 1.000000000000000000 ) ) ;
#1967 = DIRECTION ( 'NONE',  ( -1.000000000000000000, 0.000000000000000000, 0.000000000000000000 ) ) ;
#1968 = ADVANCED_FACE ( 'NONE', ( #673 ), #433, .F. ) ;
#1969 = ADVANCED_FACE ( 'NONE', ( #942 ), #904, .T. ) ;
#1970 = VECTOR ( 'NONE', #864, 1000.000000000000114 ) ;
#1971 = ORIENTED_EDGE ( 'NONE', *, *, #681, .T. ) ;
#1972 = DIRECTION ( 'NONE',  ( 0.000000000000000000, 0.000000000000000000, 1.000000000000000000 ) ) ;
#1973 = CARTESIAN_POINT ( 'NONE',  ( 189.1453876279999804, -466.2751453106000099, 4.500000000000000000 ) ) ;
#1974 = AXIS2_PLACEMENT_3D ( 'NONE', #3532, #1882, #1848 ) ;
#1975 = EDGE_CURVE ( 'NONE', #3480, #2703, #1484, .T. ) ;
#1976 = APPROVAL_PERSON_ORGANIZATION ( #2042, #2061, #1240 ) ;
#1977 = DIRECTION ( 'NONE',  ( -1.000000000000000000, 0.000000000000000000, 0.000000000000000000 ) ) ;
#1978 = ORIENTED_EDGE ( 'NONE', *, *, #1409, .F. ) ;
#1979 = CARTESIAN_POINT ( 'NONE',  ( 189.1453876279999804, -475.2751453106000099, 23.00000000000000000 ) ) ;
#1980 = EDGE_LOOP ( 'NONE', ( #286, #719 ) ) ;
#1981 = CARTESIAN_POINT ( 'NONE',  ( -12.07120236600000140, -51.18737808082699559, 4.500000000000000000 ) ) ;
#1982 = EDGE_CURVE ( 'NONE', #1182, #3311, #2544, .T. ) ;
#1983 = ORIENTED_EDGE ( 'NONE', *, *, #87, .T. ) ;
#1984 = LINE ( 'NONE', #1501, #55 ) ;
#1985 = DIRECTION ( 'NONE',  ( -1.000000000000000000, 0.000000000000000000, 0.000000000000000000 ) ) ;
#1986 = ORIENTED_EDGE ( 'NONE', *, *, #3014, .T. ) ;
#1987 = ORIENTED_EDGE ( 'NONE', *, *, #597, .F. ) ;
#1988 = DIRECTION ( 'NONE',  ( 0.8464719258273608604, 0.5324333561922269809, 0.000000000000000000 ) ) ;
#1989 = VECTOR ( 'NONE', #3434, 1000.000000000000000 ) ;
#1990 = LINE ( 'NONE', #3010, #1037 ) ;
#1991 = ORIENTED_EDGE ( 'NONE', *, *, #2325, .F. ) ;
#1992 = VECTOR ( 'NONE', #147, 1000.000000000000000 ) ;
#1993 = EDGE_LOOP ( 'NONE', ( #2221, #3073, #2387, #1767 ) ) ;
#1994 = DIRECTION ( 'NONE',  ( 0.000000000000000000, 0.000000000000000000, 1.000000000000000000 ) ) ;
#1995 = AXIS2_PLACEMENT_3D ( 'NONE', #2941, #248, #2144 ) ;
#1996 = CARTESIAN_POINT ( 'NONE',  ( 236.5255565436999916, 11.77789687010000108, 23.00000000000000000 ) ) ;
#1997 = EDGE_CURVE ( 'NONE', #3531, #3262, #2959, .T. ) ;
#1998 = FACE_BOUND ( 'NONE', #210, .T. ) ;
#1999 = VERTEX_POINT ( 'NONE', #1235 ) ;
#2000 = LINE ( 'NONE', #636, #266 ) ;
#2001 = DIRECTION ( 'NONE',  ( 0.000000000000000000, 0.000000000000000000, 1.000000000000000000 ) ) ;
#2002 = VERTEX_POINT ( 'NONE', #413 ) ;
#2003 = CARTESIAN_POINT ( 'NONE',  ( 360.8171562480000603, -54.63840756859000436, 4.500000000000000000 ) ) ;
#2004 = CYLINDRICAL_SURFACE ( 'NONE', #3072, 8.000000000000000000 ) ;
#2005 = ORIENTED_EDGE ( 'NONE', *, *, #2172, .F. ) ;
#2006 = ORIENTED_EDGE ( 'NONE', *, *, #374, .F. ) ;
#2007 = CARTESIAN_POINT ( 'NONE',  ( 368.7394876010000075, -75.78802504909999982, -10.00000000000000000 ) ) ;
#2008 = AXIS2_PLACEMENT_3D ( 'NONE', #2843, #1221, #908 ) ;
#2009 = EDGE_LOOP ( 'NONE', ( #1106, #2027, #1312, #542 ) ) ;
#2010 = DIRECTION ( 'NONE',  ( -0.9906290290583601443, -0.1365801112420496344, -0.000000000000000000 ) ) ;
#2011 = EDGE_CURVE ( 'NONE', #1964, #3480, #2791, .T. ) ;
#2012 = EDGE_CURVE ( 'NONE', #1937, #2825, #3365, .T. ) ;
#2013 = CARTESIAN_POINT ( 'NONE',  ( 301.8927944399999888, 68.63314725239999348, -20.00000000000000000 ) ) ;
#2014 = CIRCLE ( 'NONE', #985, 7.500000000000000000 ) ;
#2015 = CIRCLE ( 'NONE', #2472, 6.500000000000005329 ) ;
#2016 = VECTOR ( 'NONE', #2622, 1000.000000000000000 ) ;
#2017 = ADVANCED_FACE ( 'NONE', ( #2597 ), #2004, .F. ) ;
#2018 = LINE ( 'NONE', #2590, #1191 ) ;
#2019 = AXIS2_PLACEMENT_3D ( 'NONE', #2292, #3051, #2704 ) ;
#2020 = CYLINDRICAL_SURFACE ( 'NONE', #2152, 8.000000000000001776 ) ;
#2021 = SECURITY_CLASSIFICATION ( '', '', #2862 ) ;
#2022 = CARTESIAN_POINT ( 'NONE',  ( 23.37291091399999843, -8.914553354700000654, 23.00000000000000000 ) ) ;
#2023 = ORIENTED_EDGE ( 'NONE', *, *, #2429, .T. ) ;
#2024 = LINE ( 'NONE', #2327, #2907 ) ;
#2025 = CARTESIAN_POINT ( 'NONE',  ( 50.77751819799999566, 14.55151078789999985, -14.00000000000000000 ) ) ;
#2026 = ORIENTED_EDGE ( 'NONE', *, *, #1900, .F. ) ;
#2027 = ORIENTED_EDGE ( 'NONE', *, *, #1849, .T. ) ;
#2028 = CALENDAR_DATE ( 2026, 21, 8 ) ;
#2029 = CARTESIAN_POINT ( 'NONE',  ( 9.551287654999990551, -75.78802504909999982, -10.00000000000000000 ) ) ;
#2030 = ORIENTED_EDGE ( 'NONE', *, *, #3501, .F. ) ;
#2031 = CARTESIAN_POINT ( 'NONE',  ( 20.55293324300000180, -62.02202618280000479, 4.500000000000000000 ) ) ;
#2032 = DIRECTION ( 'NONE',  ( 0.000000000000000000, 0.000000000000000000, 1.000000000000000000 ) ) ;
#2033 = CIRCLE ( 'NONE', #1171, 438.0000000000000000 ) ;
#2034 = DIRECTION ( 'NONE',  ( 0.000000000000000000, 0.000000000000000000, 1.000000000000000000 ) ) ;
#2035 = CARTESIAN_POINT ( 'NONE',  ( 7.500000000000000000, 0.000000000000000000, -20.00000000000000000 ) ) ;
#2036 = CARTESIAN_POINT ( 'NONE',  ( 7.500000000000000000, 0.000000000000000000, 1.500000000000000000 ) ) ;
#2037 = VERTEX_POINT ( 'NONE', #2025 ) ;
#2038 = DIRECTION ( 'NONE',  ( 0.000000000000000000, 0.000000000000000000, 1.000000000000000000 ) ) ;
#2039 = DIRECTION ( 'NONE',  ( 0.5900548802978762275, 0.8073631390128354068, 0.000000000000000000 ) ) ;
#2040 = ORIENTED_EDGE ( 'NONE', *, *, #631, .F. ) ;
#2041 = EDGE_LOOP ( 'NONE', ( #260, #2858, #62, #1785 ) ) ;
#2042 = PERSON_AND_ORGANIZATION ( #2485, #195 ) ;
#2043 = CARTESIAN_POINT ( 'NONE',  ( -13.59132443000001977, -47.92746572494999668, 1.500000000000000000 ) ) ;
#2044 = ORIENTED_EDGE ( 'NONE', *, *, #2970, .T. ) ;
#2045 = DIRECTION ( 'NONE',  ( -1.000000000000000000, 0.000000000000000000, 0.000000000000000000 ) ) ;
#2046 = LINE ( 'NONE', #3156, #1141 ) ;
#2047 = AXIS2_PLACEMENT_3D ( 'NONE', #588, #1678, #2487 ) ;
#2048 = AXIS2_PLACEMENT_3D ( 'NONE', #1116, #2162, #3271 ) ;
#2049 = EDGE_CURVE ( 'NONE', #618, #1780, #251, .T. ) ;
#2050 = VECTOR ( 'NONE', #3164, 1000.000000000000000 ) ;
#2051 = LINE ( 'NONE', #651, #1926 ) ;
#2052 = ADVANCED_FACE ( 'NONE', ( #1286 ), #2078, .F. ) ;
#2053 = CARTESIAN_POINT ( 'NONE',  ( 189.1453876279999804, -174.7751453105999815, -14.00000000000000000 ) ) ;
#2054 = DIRECTION ( 'NONE',  ( 0.000000000000000000, 0.000000000000000000, 1.000000000000000000 ) ) ;
#2055 = AXIS2_PLACEMENT_3D ( 'NONE', #2199, #3295, #1925 ) ;
#2056 = ORIENTED_EDGE ( 'NONE', *, *, #373, .F. ) ;
#2057 = CARTESIAN_POINT ( 'NONE',  ( 189.1453876279999804, -165.7751453106000099, 0.000000000000000000 ) ) ;
#2058 = EDGE_CURVE ( 'NONE', #164, #217, #486, .T. ) ;
#2059 = LINE ( 'NONE', #693, #2447 ) ;
#2060 = ORIENTED_EDGE ( 'NONE', *, *, #593, .F. ) ;
#2061 = APPROVAL ( #3095, 'UNSPECIFIED' ) ;
#2062 = ORIENTED_EDGE ( 'NONE', *, *, #1794, .F. ) ;
#2063 = PERSON_AND_ORGANIZATION_ROLE ( 'classification_officer' ) ;
#2064 = DIRECTION ( 'NONE',  ( 0.000000000000000000, 0.000000000000000000, 1.000000000000000000 ) ) ;
#2065 = ADVANCED_FACE ( 'NONE', ( #212 ), #1030, .F. ) ;
#2066 = VECTOR ( 'NONE', #1245, 1000.000000000000000 ) ;
#2067 = ORIENTED_EDGE ( 'NONE', *, *, #703, .T. ) ;
#2068 = DIRECTION ( 'NONE',  ( -1.000000000000000000, 0.000000000000000000, 0.000000000000000000 ) ) ;
#2069 = LINE ( 'NONE', #1773, #1884 ) ;
#2070 = AXIS2_PLACEMENT_3D ( 'NONE', #2293, #1521, #2620 ) ;
#2071 = ORIENTED_EDGE ( 'NONE', *, *, #2315, .F. ) ;
#2072 = CARTESIAN_POINT ( 'NONE',  ( 37.26154191400000570, 74.46231100939999692, 0.000000000000000000 ) ) ;
#2073 = VECTOR ( 'NONE', #3169, 1000.000000000000114 ) ;
#2074 = CARTESIAN_POINT ( 'NONE',  ( 63.18263978400000269, 10.31648836419999959, 4.500000000000000000 ) ) ;
#2075 = CIRCLE ( 'NONE', #2706, 234.5000000000000000 ) ;
#2076 = ORIENTED_EDGE ( 'NONE', *, *, #1294, .F. ) ;
#2077 = DIRECTION ( 'NONE',  ( 0.000000000000000000, 0.000000000000000000, 1.000000000000000000 ) ) ;
#2078 = PLANE ( 'NONE',  #794 ) ;
#2079 = AXIS2_PLACEMENT_3D ( 'NONE', #3040, #80, #1165 ) ;
#2080 = ORIENTED_EDGE ( 'NONE', *, *, #777, .F. ) ;
#2081 = EDGE_CURVE ( 'NONE', #1838, #1505, #2905, .T. ) ;
#2082 = LINE ( 'NONE', #2400, #2301 ) ;
#2083 = PERSON_AND_ORGANIZATION_ROLE ( 'creator' ) ;
#2084 = FACE_OUTER_BOUND ( 'NONE', #3523, .T. ) ;
#2085 = ORIENTED_EDGE ( 'NONE', *, *, #685, .F. ) ;
#2086 = CARTESIAN_POINT ( 'NONE',  ( 352.6243759399999931, 36.59708727969999842, -20.00000000000000000 ) ) ;
#2087 = DIRECTION ( 'NONE',  ( 0.000000000000000000, 0.000000000000000000, 1.000000000000000000 ) ) ;
#2088 = ADVANCED_FACE ( 'NONE', ( #2380 ), #3499, .T. ) ;
#2089 = EDGE_CURVE ( 'NONE', #2459, #1157, #451, .T. ) ;
#2090 = EDGE_LOOP ( 'NONE', ( #2149, #1164, #3292, #2621 ) ) ;
#2091 = ORIENTED_EDGE ( 'NONE', *, *, #1944, .F. ) ;
#2092 = CYLINDRICAL_SURFACE ( 'NONE', #3534, 234.4999999999999432 ) ;
#2093 = AXIS2_PLACEMENT_3D ( 'NONE', #2053, #408, #1513 ) ;
#2094 = ORIENTED_EDGE ( 'NONE', *, *, #886, .F. ) ;
#2095 = CARTESIAN_POINT ( 'NONE',  ( 241.2818026031999921, 46.27541904319999588, 4.500000000000000000 ) ) ;
#2096 = LINE ( 'NONE', #2364, #48 ) ;
#2097 = CC_DESIGN_APPROVAL ( #2061, ( #2021 ) ) ;
#2098 = ORIENTED_EDGE ( 'NONE', *, *, #2489, .F. ) ;
#2099 = DIRECTION ( 'NONE',  ( 0.000000000000000000, 0.000000000000000000, 1.000000000000000000 ) ) ;
#2100 = EDGE_CURVE ( 'NONE', #78, #200, #1537, .T. ) ;
#2101 = ORIENTED_EDGE ( 'NONE', *, *, #715, .T. ) ;
#2102 = DIRECTION ( 'NONE',  ( 0.000000000000000000, 0.000000000000000000, -1.000000000000000000 ) ) ;
#2103 = ORIENTED_EDGE ( 'NONE', *, *, #2332, .F. ) ;
#2104 = CARTESIAN_POINT ( 'NONE',  ( 189.1453876279999804, -51.87514531060000422, -14.00000000000000000 ) ) ;
#2105 = DIRECTION ( 'NONE',  ( 0.000000000000000000, 0.000000000000000000, -1.000000000000000000 ) ) ;
#2106 = ORIENTED_EDGE ( 'NONE', *, *, #1960, .F. ) ;
#2107 = EDGE_CURVE ( 'NONE', #2636, #1146, #1567, .T. ) ;
#2108 = CARTESIAN_POINT ( 'NONE',  ( 189.1453876279999804, -28.27514531059999925, -14.00000000000000000 ) ) ;
#2109 = VECTOR ( 'NONE', #1448, 1000.000000000000114 ) ;
#2110 = ORIENTED_EDGE ( 'NONE', *, *, #341, .T. ) ;
#2111 = DIRECTION ( 'NONE',  ( 0.000000000000000000, 0.000000000000000000, -1.000000000000000000 ) ) ;
#2112 = DIRECTION ( 'NONE',  ( -0.3542910379979684610, -0.9351352096859159024, 0.000000000000000000 ) ) ;
#2113 = ORIENTED_EDGE ( 'NONE', *, *, #262, .F. ) ;
#2114 = ORIENTED_EDGE ( 'NONE', *, *, #1361, .F. ) ;
#2115 = DIRECTION ( 'NONE',  ( 0.000000000000000000, 0.000000000000000000, 1.000000000000000000 ) ) ;
#2116 = ORIENTED_EDGE ( 'NONE', *, *, #2081, .T. ) ;
#2117 = DIRECTION ( 'NONE',  ( -1.000000000000000000, 0.000000000000000000, 0.000000000000000000 ) ) ;
#2118 = ORIENTED_EDGE ( 'NONE', *, *, #1411, .T. ) ;
#2119 = DIRECTION ( 'NONE',  ( -1.000000000000000000, 0.000000000000000000, 0.000000000000000000 ) ) ;
#2120 = VECTOR ( 'NONE', #2614, 1000.000000000000227 ) ;
#2121 = LINE ( 'NONE', #2421, #12 ) ;
#2122 = EDGE_LOOP ( 'NONE', ( #548, #1529 ) ) ;
#2123 = DIRECTION ( 'NONE',  ( -1.000000000000000000, 0.000000000000000000, 0.000000000000000000 ) ) ;
#2124 = EDGE_CURVE ( 'NONE', #635, #2595, #2684, .T. ) ;
#2125 = EDGE_CURVE ( 'NONE', #416, #3424, #3132, .T. ) ;
#2126 = VECTOR ( 'NONE', #2705, 1000.000000000000000 ) ;
#2127 = DIRECTION ( 'NONE',  ( -0.5332293572801282133, -0.8459707161212033366, 0.000000000000000000 ) ) ;
#2128 = ORIENTED_EDGE ( 'NONE', *, *, #470, .F. ) ;
#2129 = CARTESIAN_POINT ( 'NONE',  ( 330.3646461959999669, 57.54289668739999541, -20.00000000000000000 ) ) ;
#2130 = VECTOR ( 'NONE', #3207, 1000.000000000000000 ) ;
#2131 = DIRECTION ( 'NONE',  ( 0.000000000000000000, 0.000000000000000000, 1.000000000000000000 ) ) ;
#2132 = ORIENTED_EDGE ( 'NONE', *, *, #2337, .F. ) ;
#2133 = CARTESIAN_POINT ( 'NONE',  ( 390.3619775960000311, -51.18737806875800089, 23.00000000000000000 ) ) ;
#2134 = EDGE_LOOP ( 'NONE', ( #355, #2938, #3116, #2433, #2779, #2450, #3219, #1695 ) ) ;
#2135 = CARTESIAN_POINT ( 'NONE',  ( -21.20039767200000114, -0.7369793489000050490, -20.00000000000000000 ) ) ;
#2136 = AXIS2_PLACEMENT_3D ( 'NONE', #546, #1090, #2185 ) ;
#2137 = EDGE_CURVE ( 'NONE', #2508, #3299, #2096, .T. ) ;
#2138 = AXIS2_PLACEMENT_3D ( 'NONE', #521, #2618, #768 ) ;
#2139 = ORIENTED_EDGE ( 'NONE', *, *, #695, .T. ) ;
#2140 = PLANE ( 'NONE',  #2303 ) ;
#2141 = LINE ( 'NONE', #1598, #2982 ) ;
#2142 = ORIENTED_EDGE ( 'NONE', *, *, #1960, .T. ) ;
#2143 = FACE_BOUND ( 'NONE', #1729, .T. ) ;
#2144 = DIRECTION ( 'NONE',  ( -1.000000000000000000, 0.000000000000000000, 0.000000000000000000 ) ) ;
#2145 = DIRECTION ( 'NONE',  ( 0.000000000000000000, 0.000000000000000000, -1.000000000000000000 ) ) ;
#2146 = CARTESIAN_POINT ( 'NONE',  ( 260.1503274840999893, 48.71657381140000354, 4.500000000000000000 ) ) ;
#2147 = AXIS2_PLACEMENT_3D ( 'NONE', #1355, #21, #16 ) ;
#2148 = ORIENTED_EDGE ( 'NONE', *, *, #2226, .F. ) ;
#2149 = ORIENTED_EDGE ( 'NONE', *, *, #2644, .T. ) ;
#2150 = CYLINDRICAL_SURFACE ( 'NONE', #614, 234.5000000000000000 ) ;
#2151 = ORIENTED_EDGE ( 'NONE', *, *, #1207, .T. ) ;
#2152 = AXIS2_PLACEMENT_3D ( 'NONE', #3124, #668, #2745 ) ;
#2153 = DIRECTION ( 'NONE',  ( 0.8464719258273608604, 0.5324333561922269809, 0.000000000000000000 ) ) ;
#2154 = ORIENTED_EDGE ( 'NONE', *, *, #856, .F. ) ;
#2155 = CYLINDRICAL_SURFACE ( 'NONE', #1440, 6.500000000000005329 ) ;
#2156 = CARTESIAN_POINT ( 'NONE',  ( 248.7161790719000294, -24.27138875780000049, -14.00000000000000000 ) ) ;
#2157 = VERTEX_POINT ( 'NONE', #1300 ) ;
#2158 = CARTESIAN_POINT ( 'NONE',  ( 70.68150199400000133, -44.59954985771000224, 23.00000000000000000 ) ) ;
#2159 = AXIS2_PLACEMENT_3D ( 'NONE', #1453, #1749, #401 ) ;
#2160 = CARTESIAN_POINT ( 'NONE',  ( 69.74060213899998928, 20.03109304279999847, 4.500000000000000000 ) ) ;
#2161 = ADVANCED_FACE ( 'NONE', ( #3216 ), #1855, .F. ) ;
#2162 = DIRECTION ( 'NONE',  ( 0.000000000000000000, 0.000000000000000000, 1.000000000000000000 ) ) ;
#2163 = AXIS2_PLACEMENT_3D ( 'NONE', #95, #134, #2307 ) ;
#2164 = ORIENTED_EDGE ( 'NONE', *, *, #2794, .F. ) ;
#2165 = ORIENTED_EDGE ( 'NONE', *, *, #578, .F. ) ;
#2166 = DIRECTION ( 'NONE',  ( -0.6821139440933026155, -0.7312459006883245127, 0.000000000000000000 ) ) ;
#2167 = EDGE_CURVE ( 'NONE', #1182, #3163, #1358, .T. ) ;
#2168 = CARTESIAN_POINT ( 'NONE',  ( 189.1453876279999804, -51.87514531060000422, 0.000000000000000000 ) ) ;
#2169 = CARTESIAN_POINT ( 'NONE',  ( 378.2907752560000176, 0.000000000000000000, -20.00000000000000000 ) ) ;
#2170 = ORIENTED_EDGE ( 'NONE', *, *, #2712, .F. ) ;
#2171 = DIRECTION ( 'NONE',  ( -1.000000000000000000, 0.000000000000000000, 0.000000000000000000 ) ) ;
#2172 = EDGE_CURVE ( 'NONE', #530, #2344, #765, .T. ) ;
#2173 = DIRECTION ( 'NONE',  ( -0.4932454876199978688, 0.8698901591249958987, 0.000000000000000000 ) ) ;
#2174 = EDGE_CURVE ( 'NONE', #1736, #2595, #2701, .T. ) ;
#2175 = EDGE_LOOP ( 'NONE', ( #1836, #892, #10, #1986 ) ) ;
#2176 = CARTESIAN_POINT ( 'NONE',  ( 48.78285014000000075, -95.40649841779999463, 1.500000000000000000 ) ) ;
#2177 = CARTESIAN_POINT ( 'NONE',  ( 27.57441748199999765, -124.5647284148000011, 0.000000000000000000 ) ) ;
#2178 = EDGE_LOOP ( 'NONE', ( #763, #1163, #2948, #2922 ) ) ;
#2179 = CARTESIAN_POINT ( 'NONE',  ( 315.1081354720000149, 10.31648836419999959, 4.500000000000000000 ) ) ;
#2180 = ORIENTED_EDGE ( 'NONE', *, *, #2242, .F. ) ;
#2181 = CARTESIAN_POINT ( 'NONE',  ( 68.51777805599999738, -36.89771249779999351, 23.00000000000000000 ) ) ;
#2182 = DIRECTION ( 'NONE',  ( -1.000000000000000000, 0.000000000000000000, 0.000000000000000000 ) ) ;
#2183 = CARTESIAN_POINT ( 'NONE',  ( 189.1453876279999804, -51.87514531060000422, 0.000000000000000000 ) ) ;
#2184 = ORIENTED_EDGE ( 'NONE', *, *, #1487, .F. ) ;
#2185 = DIRECTION ( 'NONE',  ( -1.000000000000000000, 0.000000000000000000, 0.000000000000000000 ) ) ;
#2186 = AXIS2_PLACEMENT_3D ( 'NONE', #2466, #19, #1923 ) ;
#2187 = AXIS2_PLACEMENT_3D ( 'NONE', #174, #2902, #2637 ) ;
#2188 = FACE_OUTER_BOUND ( 'NONE', #34, .T. ) ;
#2189 = AXIS2_PLACEMENT_3D ( 'NONE', #3009, #869, #1988 ) ;
#2190 = ORIENTED_EDGE ( 'NONE', *, *, #157, .F. ) ;
#2191 = LINE ( 'NONE', #513, #2890 ) ;
#2192 = EDGE_CURVE ( 'NONE', #2495, #3024, #3464, .T. ) ;
#2193 = DIRECTION ( 'NONE',  ( -1.000000000000000000, 0.000000000000000000, 0.000000000000000000 ) ) ;
#2194 = ORIENTED_EDGE ( 'NONE', *, *, #3373, .F. ) ;
#2195 = CYLINDRICAL_SURFACE ( 'NONE', #874, 8.000000000000003553 ) ;
#2196 = ORIENTED_EDGE ( 'NONE', *, *, #3020, .F. ) ;
#2197 = DIRECTION ( 'NONE',  ( -1.000000000000000000, 0.000000000000000000, 0.000000000000000000 ) ) ;
#2198 = CARTESIAN_POINT ( 'NONE',  ( 375.3600582050000298, -23.24673950400000066, -20.00000000000000000 ) ) ;
#2199 = CARTESIAN_POINT ( 'NONE',  ( 189.1453876279999804, -165.7751453106000099, -20.00000000000000000 ) ) ;
#2200 = AXIS2_PLACEMENT_3D ( 'NONE', #1760, #669, #2541 ) ;
#2201 = ORIENTED_EDGE ( 'NONE', *, *, #1791, .F. ) ;
#2202 = CIRCLE ( 'NONE', #2662, 6.499999999999999112 ) ;
#2203 = CARTESIAN_POINT ( 'NONE',  ( 189.1453876279999804, -51.87514531060000422, 0.000000000000000000 ) ) ;
#2204 = ORIENTED_EDGE ( 'NONE', *, *, #3391, .T. ) ;
#2205 = ORIENTED_EDGE ( 'NONE', *, *, #2262, .T. ) ;
#2206 = CARTESIAN_POINT ( 'NONE',  ( 189.1453876279999804, -28.27514531059999925, 23.00000000000000000 ) ) ;
#2207 = EDGE_CURVE ( 'NONE', #1843, #975, #2782, .T. ) ;
#2208 = LINE ( 'NONE', #599, #395 ) ;
#2209 = VERTEX_POINT ( 'NONE', #2964 ) ;
#2210 = DIRECTION ( 'NONE',  ( -1.000000000000000000, 0.000000000000000000, 0.000000000000000000 ) ) ;
#2211 = ORIENTED_EDGE ( 'NONE', *, *, #1045, .F. ) ;
#2212 = CARTESIAN_POINT ( 'NONE',  ( 137.4996284165999896, -23.17874786790000030, -14.00000000000000000 ) ) ;
#2213 = CYLINDRICAL_SURFACE ( 'NONE', #96, 234.5000000000000000 ) ;
#2214 = CARTESIAN_POINT ( 'NONE',  ( -7.500000000000000000, 0.000000000000000000, 0.000000000000000000 ) ) ;
#2215 = VECTOR ( 'NONE', #108, 1000.000000000000000 ) ;
#2216 = ORIENTED_EDGE ( 'NONE', *, *, #1602, .T. ) ;
#2217 = FACE_OUTER_BOUND ( 'NONE', #3371, .T. ) ;
#2218 = VECTOR ( 'NONE', #3182, 999.9999999999998863 ) ;
#2219 = CARTESIAN_POINT ( 'NONE',  ( 308.5501731169999857, 20.03109304279999847, -14.00000000000000000 ) ) ;
#2220 = VERTEX_POINT ( 'NONE', #1671 ) ;
#2221 = ORIENTED_EDGE ( 'NONE', *, *, #2873, .F. ) ;
#2222 = CYLINDRICAL_SURFACE ( 'NONE', #1384, 8.000000000000014211 ) ;
#2223 = EDGE_CURVE ( 'NONE', #169, #1194, #1886, .T. ) ;
#2224 = AXIS2_PLACEMENT_3D ( 'NONE', #398, #1764, #1450 ) ;
#2225 = DIRECTION ( 'NONE',  ( -0.2779853360529210282, 0.9605853178867271858, 0.000000000000000000 ) ) ;
#2226 = EDGE_CURVE ( 'NONE', #226, #1273, #1655, .T. ) ;
#2227 = EDGE_CURVE ( 'NONE', #1547, #3241, #2208, .T. ) ;
#2228 = VECTOR ( 'NONE', #3374, 1000.000000000000000 ) ;
#2229 = FACE_OUTER_BOUND ( 'NONE', #2178, .T. ) ;
#2230 = ORIENTED_EDGE ( 'NONE', *, *, #1553, .F. ) ;
#2231 = FACE_OUTER_BOUND ( 'NONE', #993, .T. ) ;
#2232 = ORIENTED_EDGE ( 'NONE', *, *, #1378, .F. ) ;
#2233 = DIRECTION ( 'NONE',  ( 0.6821139440933030595, -0.7312459006883240686, 0.000000000000000000 ) ) ;
#2234 = DIRECTION ( 'NONE',  ( -1.000000000000000000, 0.000000000000000000, 0.000000000000000000 ) ) ;
#2235 = EDGE_CURVE ( 'NONE', #882, #958, #2714, .T. ) ;
#2236 = DIRECTION ( 'NONE',  ( 0.9380135262632416371, 0.3465986505270888807, 0.000000000000000000 ) ) ;
#2237 = EDGE_CURVE ( 'NONE', #3094, #2288, #670, .T. ) ;
#2238 = AXIS2_PLACEMENT_3D ( 'NONE', #2549, #3134, #3114 ) ;
#2239 = VERTEX_POINT ( 'NONE', #2177 ) ;
#2240 = DIRECTION ( 'NONE',  ( -1.000000000000000000, 0.000000000000000000, 0.000000000000000000 ) ) ;
#2241 = DIRECTION ( 'NONE',  ( 0.000000000000000000, 0.000000000000000000, -1.000000000000000000 ) ) ;
#2242 = EDGE_CURVE ( 'NONE', #2500, #2381, #318, .T. ) ;
#2243 = CIRCLE ( 'NONE', #1894, 8.000000000000000000 ) ;
#2244 = ORIENTED_EDGE ( 'NONE', *, *, #3208, .F. ) ;
#2245 = DIRECTION ( 'NONE',  ( 0.000000000000000000, 0.000000000000000000, -1.000000000000000000 ) ) ;
#2246 = DIRECTION ( 'NONE',  ( 0.000000000000000000, 0.000000000000000000, 1.000000000000000000 ) ) ;
#2247 = AXIS2_PLACEMENT_3D ( 'NONE', #911, #2010, #858 ) ;
#2248 = ADVANCED_FACE ( 'NONE', ( #551 ), #3047, .F. ) ;
#2249 = DIRECTION ( 'NONE',  ( 0.9063077903916659794, 0.4226182545458445072, 0.000000000000000000 ) ) ;
#2250 = ORIENTED_EDGE ( 'NONE', *, *, #965, .F. ) ;
#2251 = CARTESIAN_POINT ( 'NONE',  ( 128.4878233683000133, 42.18476372899999660, -14.00000000000000000 ) ) ;
#2252 = EDGE_LOOP ( 'NONE', ( #1444, #746, #969, #1295 ) ) ;
#2253 = LINE ( 'NONE', #2036, #2488 ) ;
#2254 = DIRECTION ( 'NONE',  ( 0.000000000000000000, 0.000000000000000000, -1.000000000000000000 ) ) ;
#2255 = DIRECTION ( 'NONE',  ( -1.000000000000000000, 0.000000000000000000, 0.000000000000000000 ) ) ;
#2256 = ORIENTED_EDGE ( 'NONE', *, *, #125, .T. ) ;
#2257 = VERTEX_POINT ( 'NONE', #1919 ) ;
#2258 = CARTESIAN_POINT ( 'NONE',  ( 144.9340048852000109, 47.36805993320000141, 4.500000000000000000 ) ) ;
#2259 = VECTOR ( 'NONE', #3294, 1000.000000000000000 ) ;
#2260 = ORIENTED_EDGE ( 'NONE', *, *, #383, .F. ) ;
#2261 = DIRECTION ( 'NONE',  ( 0.000000000000000000, 0.000000000000000000, 1.000000000000000000 ) ) ;
#2262 = EDGE_CURVE ( 'NONE', #1067, #2288, #3535, .T. ) ;
#2263 = CYLINDRICAL_SURFACE ( 'NONE', #2575, 438.0000000000000568 ) ;
#2264 = AXIS2_PLACEMENT_3D ( 'NONE', #1743, #2799, #1296 ) ;
#2265 = DIRECTION ( 'NONE',  ( 0.000000000000000000, 0.000000000000000000, -1.000000000000000000 ) ) ;
#2266 = ORIENTED_EDGE ( 'NONE', *, *, #2952, .T. ) ;
#2267 = FACE_OUTER_BOUND ( 'NONE', #891, .T. ) ;
#2268 = EDGE_LOOP ( 'NONE', ( #1368, #3204, #484, #2906 ) ) ;
#2269 = CARTESIAN_POINT ( 'NONE',  ( 231.7693104841000036, -22.71962530309999906, 4.500000000000000000 ) ) ;
#2270 = ORIENTED_EDGE ( 'NONE', *, *, #2870, .F. ) ;
#2271 = DIRECTION ( 'NONE',  ( 0.000000000000000000, 0.000000000000000000, 1.000000000000000000 ) ) ;
#2272 = DIRECTION ( 'NONE',  ( -1.000000000000000000, 0.000000000000000000, 0.000000000000000000 ) ) ;
#2273 = ORIENTED_EDGE ( 'NONE', *, *, #741, .T. ) ;
#2274 = ADVANCED_FACE ( 'NONE', ( #2517 ), #814, .F. ) ;
#2275 = LINE ( 'NONE', #3383, #168 ) ;
#2276 = DIRECTION ( 'NONE',  ( -1.000000000000000000, 0.000000000000000000, 0.000000000000000000 ) ) ;
#2277 = CIRCLE ( 'NONE', #3530, 8.000000000000007105 ) ;
#2278 = DIRECTION ( 'NONE',  ( 0.000000000000000000, 0.000000000000000000, 1.000000000000000000 ) ) ;
#2279 = VECTOR ( 'NONE', #1081, 1000.000000000000227 ) ;
#2280 = VERTEX_POINT ( 'NONE', #1687 ) ;
#2281 = DIRECTION ( 'NONE',  ( 0.1365801112420496066, -0.9906290290583600333, 0.000000000000000000 ) ) ;
#2282 = ADVANCED_FACE ( 'NONE', ( #2229 ), #268, .F. ) ;
#2283 = CARTESIAN_POINT ( 'NONE',  ( 2.930717050999980255, -23.24673950400000066, -10.00000000000000000 ) ) ;
#2284 = DIRECTION ( 'NONE',  ( 0.000000000000000000, 0.000000000000000000, 1.000000000000000000 ) ) ;
#2285 = CARTESIAN_POINT ( 'NONE',  ( 33.32726672399999757, -48.50024547803000274, -14.00000000000000000 ) ) ;
#2286 = CARTESIAN_POINT ( 'NONE',  ( 387.6430542350000223, -49.91952328353000468, -14.00000000000000000 ) ) ;
#2287 = AXIS2_PLACEMENT_3D ( 'NONE', #684, #3102, #3174 ) ;
#2288 = VERTEX_POINT ( 'NONE', #1350 ) ;
#2289 = CARTESIAN_POINT ( 'NONE',  ( 189.1453876279999804, -466.2751453106000099, -14.00000000000000000 ) ) ;
#2290 = DIRECTION ( 'NONE',  ( 0.000000000000000000, 0.000000000000000000, -1.000000000000000000 ) ) ;
#2291 = VERTEX_POINT ( 'NONE', #3301 ) ;
#2292 = CARTESIAN_POINT ( 'NONE',  ( 223.8442782516000022, -21.62698441310000064, -14.00000000000000000 ) ) ;
#2293 = CARTESIAN_POINT ( 'NONE',  ( 189.1453876279999804, -174.7751453105999815, 4.500000000000000000 ) ) ;
#2294 = AXIS2_PLACEMENT_3D ( 'NONE', #1275, #506, #2369 ) ;
#2295 = VERTEX_POINT ( 'NONE', #1905 ) ;
#2296 = CARTESIAN_POINT ( 'NONE',  ( 329.5079251159999671, -95.40649841779999463, -20.00000000000000000 ) ) ;
#2297 = DIRECTION ( 'NONE',  ( -1.000000000000000000, 0.000000000000000000, 0.000000000000000000 ) ) ;
#2298 = AXIS2_PLACEMENT_3D ( 'NONE', #583, #1675, #322 ) ;
#2299 = CIRCLE ( 'NONE', #2187, 7.999999999999992895 ) ;
#2300 = DIRECTION ( 'NONE',  ( -1.000000000000000000, 0.000000000000000000, 0.000000000000000000 ) ) ;
#2301 = VECTOR ( 'NONE', #3185, 1000.000000000000114 ) ;
#2302 = LINE ( 'NONE', #956, #2491 ) ;
#2303 = AXIS2_PLACEMENT_3D ( 'NONE', #2420, #100, #292 ) ;
#2304 = FACE_OUTER_BOUND ( 'NONE', #3090, .T. ) ;
#2305 = ORIENTED_EDGE ( 'NONE', *, *, #965, .T. ) ;
#2306 = DIRECTION ( 'NONE',  ( -0.8459707161212033366, 0.5332293572801282133, 0.000000000000000000 ) ) ;
#2307 = DIRECTION ( 'NONE',  ( -1.000000000000000000, 0.000000000000000000, 0.000000000000000000 ) ) ;
#2308 = EDGE_LOOP ( 'NONE', ( #439, #3238, #575, #1043 ) ) ;
#2309 = VERTEX_POINT ( 'NONE', #3254 ) ;
#2310 = CALENDAR_DATE ( 2026, 21, 8 ) ;
#2311 = LINE ( 'NONE', #1203, #1209 ) ;
#2312 = ORIENTED_EDGE ( 'NONE', *, *, #1944, .T. ) ;
#2313 = CARTESIAN_POINT ( 'NONE',  ( 370.7907752560000176, 0.000000000000000000, 1.500000000000000000 ) ) ;
#2314 = EDGE_CURVE ( 'NONE', #252, #2694, #3015, .T. ) ;
#2315 = EDGE_CURVE ( 'NONE', #792, #530, #579, .T. ) ;
#2316 = CARTESIAN_POINT ( 'NONE',  ( 353.3360745710000401, -51.80407926460890167, 23.00000000000000000 ) ) ;
#2317 = VECTOR ( 'NONE', #162, 1000.000000000000000 ) ;
#2318 = ORIENTED_EDGE ( 'NONE', *, *, #1166, .F. ) ;
#2319 = AXIS2_PLACEMENT_3D ( 'NONE', #1153, #2249, #3338 ) ;
#2320 = DIRECTION ( 'NONE',  ( 0.000000000000000000, 0.000000000000000000, -1.000000000000000000 ) ) ;
#2321 = EDGE_CURVE ( 'NONE', #2655, #2817, #1639, .T. ) ;
#2322 = LINE ( 'NONE', #1759, #1001 ) ;
#2323 = DIRECTION ( 'NONE',  ( -1.000000000000000000, 0.000000000000000000, 0.000000000000000000 ) ) ;
#2324 = DESIGN_CONTEXT ( 'detailed design', #3268, 'design' ) ;
#2325 = EDGE_CURVE ( 'NONE', #3112, #996, #13, .T. ) ;
#2326 = ORIENTED_EDGE ( 'NONE', *, *, #2545, .T. ) ;
#2327 = CARTESIAN_POINT ( 'NONE',  ( 303.4471111870000186, -79.38045786309999130, 0.000000000000000000 ) ) ;
#2328 = CARTESIAN_POINT ( 'NONE',  ( -7.500000000000000000, 0.000000000000000000, -20.00000000000000000 ) ) ;
#2329 = ORIENTED_EDGE ( 'NONE', *, *, #2859, .F. ) ;
#2330 = ORIENTED_EDGE ( 'NONE', *, *, #2237, .F. ) ;
#2331 = LINE ( 'NONE', #2043, #3489 ) ;
#2332 = EDGE_CURVE ( 'NONE', #868, #2257, #2676, .T. ) ;
#2333 = EDGE_LOOP ( 'NONE', ( #787, #3249 ) ) ;
#2334 = CARTESIAN_POINT ( 'NONE',  ( 189.1453876279999804, -174.7751453105999815, -14.00000000000000000 ) ) ;
#2335 = CARTESIAN_POINT ( 'NONE',  ( 40.80834840200000002, -45.66591717405000139, -14.00000000000000000 ) ) ;
#2336 = ORIENTED_EDGE ( 'NONE', *, *, #3121, .F. ) ;
#2337 = EDGE_CURVE ( 'NONE', #3480, #3473, #1589, .T. ) ;
#2338 = CARTESIAN_POINT ( 'NONE',  ( 399.4911729280000259, -0.7369793489000050490, -10.00000000000000000 ) ) ;
#2339 = CARTESIAN_POINT ( 'NONE',  ( 154.4464970043999870, -21.62698441310000064, 23.00000000000000000 ) ) ;
#2340 = AXIS2_PLACEMENT_3D ( 'NONE', #3054, #2784, #1088 ) ;
#2341 = ORIENTED_EDGE ( 'NONE', *, *, #707, .F. ) ;
#2342 = CARTESIAN_POINT ( 'NONE',  ( 302.0883146570000122, -34.67382980940000436, 23.00000000000000000 ) ) ;
#2343 = FACE_OUTER_BOUND ( 'NONE', #2371, .T. ) ;
#2344 = VERTEX_POINT ( 'NONE', #50 ) ;
#2345 = LINE ( 'NONE', #1805, #1989 ) ;
#2346 = APPROVAL_STATUS ( 'not_yet_approved' ) ;
#2347 = EDGE_CURVE ( 'NONE', #1021, #2239, #1955, .T. ) ;
#2348 = EDGE_CURVE ( 'NONE', #2667, #958, #733, .T. ) ;
#2349 = LINE ( 'NONE', #1241, #2073 ) ;
#2350 = AXIS2_PLACEMENT_3D ( 'NONE', #1973, #2699, #3066 ) ;
#2351 = EDGE_LOOP ( 'NONE', ( #3202, #3069, #2865, #3343 ) ) ;
#2352 = DIRECTION ( 'NONE',  ( 0.000000000000000000, 0.000000000000000000, 1.000000000000000000 ) ) ;
#2353 = CARTESIAN_POINT ( 'NONE',  ( 120.5627911357999977, 41.09212283899999818, 23.00000000000000000 ) ) ;
#2354 = AXIS2_PLACEMENT_3D ( 'NONE', #274, #3038, #1985 ) ;
#2355 = ORIENTED_EDGE ( 'NONE', *, *, #741, .F. ) ;
#2356 = VERTEX_POINT ( 'NONE', #3141 ) ;
#2357 = VECTOR ( 'NONE', #1865, 1000.000000000000000 ) ;
#2358 = EDGE_CURVE ( 'NONE', #712, #2002, #2018, .T. ) ;
#2359 = DIRECTION ( 'NONE',  ( 0.000000000000000000, 0.000000000000000000, -1.000000000000000000 ) ) ;
#2360 = CIRCLE ( 'NONE', #3272, 234.5000000000000000 ) ;
#2361 = VECTOR ( 'NONE', #1863, 999.9999999999998863 ) ;
#2362 = ORIENTED_EDGE ( 'NONE', *, *, #1265, .F. ) ;
#2363 = DIRECTION ( 'NONE',  ( -1.000000000000000000, 0.000000000000000000, 0.000000000000000000 ) ) ;
#2364 = CARTESIAN_POINT ( 'NONE',  ( 189.1453876279999804, -37.27514531060000280, 1.500000000000000000 ) ) ;
#2365 = CC_DESIGN_APPROVAL ( #2586, ( #936 ) ) ;
#2366 = ORIENTED_EDGE ( 'NONE', *, *, #802, .T. ) ;
#2367 = DIRECTION ( 'NONE',  ( 0.8464719258273608604, 0.5324333561922269809, 0.000000000000000000 ) ) ;
#2368 = PERSON_AND_ORGANIZATION ( #2485, #195 ) ;
#2369 = DIRECTION ( 'NONE',  ( -1.000000000000000000, 0.000000000000000000, 0.000000000000000000 ) ) ;
#2370 = EDGE_CURVE ( 'NONE', #1873, #1258, #1647, .T. ) ;
#2371 = EDGE_LOOP ( 'NONE', ( #1727, #2944, #84, #403 ) ) ;
#2372 = DIRECTION ( 'NONE',  ( 0.000000000000000000, 0.000000000000000000, 1.000000000000000000 ) ) ;
#2373 = CARTESIAN_POINT ( 'NONE',  ( -0.7369793489999940661, 21.20039767169999934, -20.00000000000000000 ) ) ;
#2374 = EDGE_CURVE ( 'NONE', #1736, #2220, #375, .T. ) ;
#2375 = ORIENTED_EDGE ( 'NONE', *, *, #3319, .T. ) ;
#2376 = CARTESIAN_POINT ( 'NONE',  ( 22.66288947299999990, -0.6272485393000040155, -10.00000000000000000 ) ) ;
#2377 = VECTOR ( 'NONE', #706, 1000.000000000000000 ) ;
#2378 = VERTEX_POINT ( 'NONE', #2572 ) ;
#2379 = CARTESIAN_POINT ( 'NONE',  ( -0.7369793489999940661, 21.20039767169999934, -10.00000000000000000 ) ) ;
#2380 = FACE_OUTER_BOUND ( 'NONE', #2810, .T. ) ;
#2381 = VERTEX_POINT ( 'NONE', #2816 ) ;
#2382 = FACE_OUTER_BOUND ( 'NONE', #3209, .T. ) ;
#2383 = ORIENTED_EDGE ( 'NONE', *, *, #2427, .T. ) ;
#2384 = DIRECTION ( 'NONE',  ( 0.000000000000000000, 0.000000000000000000, 1.000000000000000000 ) ) ;
#2385 = ADVANCED_FACE ( 'NONE', ( #1479 ), #428, .F. ) ;
#2386 = EDGE_CURVE ( 'NONE', #3512, #116, #2051, .T. ) ;
#2387 = ORIENTED_EDGE ( 'NONE', *, *, #1553, .T. ) ;
#2388 = DIRECTION ( 'NONE',  ( -0.8459707161212032256, 0.5332293572801281023, 0.000000000000000000 ) ) ;
#2389 = LINE ( 'NONE', #3490, #2130 ) ;
#2390 = ORIENTED_EDGE ( 'NONE', *, *, #2427, .F. ) ;
#2391 = DIRECTION ( 'NONE',  ( 0.000000000000000000, 0.000000000000000000, -1.000000000000000000 ) ) ;
#2392 = CIRCLE ( 'NONE', #225, 438.0000000000000000 ) ;
#2393 = CARTESIAN_POINT ( 'NONE',  ( 189.1453876279999804, -51.87514531060000422, -14.00000000000000000 ) ) ;
#2394 = VECTOR ( 'NONE', #2428, 999.9999999999998863 ) ;
#2395 = ORIENTED_EDGE ( 'NONE', *, *, #1277, .T. ) ;
#2396 = CARTESIAN_POINT ( 'NONE',  ( 9.551287654999990551, -75.78802504909999982, -20.00000000000000000 ) ) ;
#2397 = CARTESIAN_POINT ( 'NONE',  ( 302.0883146570000122, -34.67382980940000436, 23.00000000000000000 ) ) ;
#2398 = ORIENTED_EDGE ( 'NONE', *, *, #1186, .T. ) ;
#2399 = ORIENTED_EDGE ( 'NONE', *, *, #2348, .F. ) ;
#2400 = CARTESIAN_POINT ( 'NONE',  ( 378.8048137670000415, -75.97179588150000029, 23.00000000000000000 ) ) ;
#2401 = VERTEX_POINT ( 'NONE', #875 ) ;
#2402 = CARTESIAN_POINT ( 'NONE',  ( 189.1453876279999804, -165.7751453106000099, -20.00000000000000000 ) ) ;
#2403 = EDGE_LOOP ( 'NONE', ( #1784, #1828, #2598, #319, #722, #1113, #1423, #2984 ) ) ;
#2404 = CARTESIAN_POINT ( 'NONE',  ( 189.1453876279999804, -51.87514531060000422, 0.000000000000000000 ) ) ;
#2405 = VECTOR ( 'NONE', #2225, 1000.000000000000227 ) ;
#2406 = CARTESIAN_POINT ( 'NONE',  ( 62.64066339799999383, 90.45919172840000044, -20.00000000000000000 ) ) ;
#2407 = ORIENTED_EDGE ( 'NONE', *, *, #1438, .T. ) ;
#2408 = CARTESIAN_POINT ( 'NONE',  ( 380.5191671059999976, -72.29535328040000763, -14.00000000000000000 ) ) ;
#2409 = DIRECTION ( 'NONE',  ( -1.000000000000000000, 0.000000000000000000, 0.000000000000000000 ) ) ;
#2410 = LINE ( 'NONE', #3430, #909 ) ;
#2411 = CIRCLE ( 'NONE', #2867, 438.0000000000000000 ) ;
#2412 = CARTESIAN_POINT ( 'NONE',  ( 356.9117926060000059, -42.36613284021999704, 23.00000000000000000 ) ) ;
#2413 = VERTEX_POINT ( 'NONE', #1210 ) ;
#2414 = ORIENTED_EDGE ( 'NONE', *, *, #335, .T. ) ;
#2415 = CARTESIAN_POINT ( 'NONE',  ( 367.9685923200000275, -35.76251471980000218, -14.00000000000000000 ) ) ;
#2416 = ORIENTED_EDGE ( 'NONE', *, *, #1606, .F. ) ;
#2417 = DIRECTION ( 'NONE',  ( 0.000000000000000000, 0.000000000000000000, -1.000000000000000000 ) ) ;
#2418 = AXIS2_PLACEMENT_3D ( 'NONE', #1702, #2813, #105 ) ;
#2419 = ORIENTED_EDGE ( 'NONE', *, *, #1075, .T. ) ;
#2420 = CARTESIAN_POINT ( 'NONE',  ( 11.88242043099999989, 58.46543029139999703, -20.00000000000000000 ) ) ;
#2421 = CARTESIAN_POINT ( 'NONE',  ( 359.7279226879999783, -100.1763767319999943, -20.00000000000000000 ) ) ;
#2422 = EDGE_CURVE ( 'NONE', #618, #2295, #3302, .T. ) ;
#2423 = ORIENTED_EDGE ( 'NONE', *, *, #3475, .F. ) ;
#2424 = DIRECTION ( 'NONE',  ( 0.000000000000000000, 0.000000000000000000, -1.000000000000000000 ) ) ;
#2425 = ADVANCED_FACE ( 'NONE', ( #1495 ), #3123, .F. ) ;
#2426 = VERTEX_POINT ( 'NONE', #2555 ) ;
#2427 = EDGE_CURVE ( 'NONE', #478, #2825, #2392, .T. ) ;
#2428 = DIRECTION ( 'NONE',  ( -0.3465986505270888252, -0.9380135262632416371, 0.000000000000000000 ) ) ;
#2429 = EDGE_CURVE ( 'NONE', #2879, #194, #3472, .T. ) ;
#2430 = DIRECTION ( 'NONE',  ( -1.000000000000000000, 0.000000000000000000, 0.000000000000000000 ) ) ;
#2431 = DIRECTION ( 'NONE',  ( 0.000000000000000000, 0.000000000000000000, -1.000000000000000000 ) ) ;
#2432 = CIRCLE ( 'NONE', #1059, 6.499999999999999112 ) ;
#2433 = ORIENTED_EDGE ( 'NONE', *, *, #1786, .T. ) ;
#2434 = VERTEX_POINT ( 'NONE', #67 ) ;
#2435 = CARTESIAN_POINT ( 'NONE',  ( 390.3619775960000311, -51.18737806875800089, 23.00000000000000000 ) ) ;
#2436 = ADVANCED_FACE ( 'NONE', ( #1229 ), #897, .F. ) ;
#2437 = EDGE_CURVE ( 'NONE', #879, #1117, #382, .T. ) ;
#2438 = CARTESIAN_POINT ( 'NONE',  ( 189.1453876279999804, -174.7751453105999815, -14.00000000000000000 ) ) ;
#2439 = AXIS2_PLACEMENT_3D ( 'NONE', #1382, #1918, #775 ) ;
#2440 = CARTESIAN_POINT ( 'NONE',  ( 293.1936686440000130, -33.03369425900000067, 23.00000000000000000 ) ) ;
#2441 = ORIENTED_EDGE ( 'NONE', *, *, #3084, .T. ) ;
#2442 = DIRECTION ( 'NONE',  ( 0.000000000000000000, 0.000000000000000000, 1.000000000000000000 ) ) ;
#2443 = FACE_OUTER_BOUND ( 'NONE', #3081, .T. ) ;
#2444 = ORIENTED_EDGE ( 'NONE', *, *, #552, .F. ) ;
#2445 = LINE ( 'NONE', #3286, #102 ) ;
#2446 = CARTESIAN_POINT ( 'NONE',  ( 76.39798081600001467, 68.63314725239999348, -20.00000000000000000 ) ) ;
#2447 = VECTOR ( 'NONE', #1199, 1000.000000000000000 ) ;
#2448 = VERTEX_POINT ( 'NONE', #1706 ) ;
#2449 = DIRECTION ( 'NONE',  ( 0.000000000000000000, 0.000000000000000000, 1.000000000000000000 ) ) ;
#2450 = ORIENTED_EDGE ( 'NONE', *, *, #2207, .T. ) ;
#2451 = LINE ( 'NONE', #2752, #2642 ) ;
#2452 = AXIS2_PLACEMENT_3D ( 'NONE', #462, #1283, #499 ) ;
#2453 = CARTESIAN_POINT ( 'NONE',  ( 323.8646461959999669, 57.54289668739999541, 1.500000000000000000 ) ) ;
#2454 = DIRECTION ( 'NONE',  ( -1.000000000000000000, 0.000000000000000000, 0.000000000000000000 ) ) ;
#2455 = EDGE_LOOP ( 'NONE', ( #737, #2044, #963, #291 ) ) ;
#2456 = DIRECTION ( 'NONE',  ( 0.000000000000000000, 0.000000000000000000, 1.000000000000000000 ) ) ;
#2457 = ADVANCED_FACE ( 'NONE', ( #1172, #1441, #2536, #1998, #3085, #634, #1724 ), #3395, .F. ) ;
#2458 = LINE ( 'NONE', #2673, #2529 ) ;
#2459 = VERTEX_POINT ( 'NONE', #935 ) ;
#2460 = CARTESIAN_POINT ( 'NONE',  ( 118.1404477718999999, 48.71657381140000354, -14.00000000000000000 ) ) ;
#2461 = VECTOR ( 'NONE', #3485, 1000.000000000000000 ) ;
#2462 = CARTESIAN_POINT ( 'NONE',  ( 189.1453876279999804, -165.7751453106000099, 23.00000000000000000 ) ) ;
#2463 = VERTEX_POINT ( 'NONE', #976 ) ;
#2464 = CYLINDRICAL_SURFACE ( 'NONE', #2717, 7.999999999999996447 ) ;
#2465 = ORIENTED_EDGE ( 'NONE', *, *, #1332, .F. ) ;
#2466 = CARTESIAN_POINT ( 'NONE',  ( 0.000000000000000000, 0.000000000000000000, 0.000000000000000000 ) ) ;
#2467 = DIRECTION ( 'NONE',  ( 0.000000000000000000, 0.000000000000000000, 1.000000000000000000 ) ) ;
#2468 = LINE ( 'NONE', #22, #1133 ) ;
#2469 = VECTOR ( 'NONE', #495, 1000.000000000000000 ) ;
#2470 = VERTEX_POINT ( 'NONE', #1797 ) ;
#2471 = CARTESIAN_POINT ( 'NONE',  ( 350.7163577739999596, -124.5647284148000011, -20.00000000000000000 ) ) ;
#2472 = AXIS2_PLACEMENT_3D ( 'NONE', #3397, #620, #1481 ) ;
#2473 = AXIS2_PLACEMENT_3D ( 'NONE', #1129, #45, #1114 ) ;
#2474 = DIRECTION ( 'NONE',  ( 0.4226182617411953224, 0.9063077870364186772, 0.000000000000000000 ) ) ;
#2475 = EDGE_CURVE ( 'NONE', #2448, #882, #3425, .T. ) ;
#2476 = CIRCLE ( 'NONE', #1842, 8.000000000000007105 ) ;
#2477 = AXIS2_PLACEMENT_3D ( 'NONE', #3312, #1928, #347 ) ;
#2478 = ORIENTED_EDGE ( 'NONE', *, *, #2715, .T. ) ;
#2479 = CARTESIAN_POINT ( 'NONE',  ( 240.7911468393999996, -23.17874786790000030, 4.500000000000000000 ) ) ;
#2480 = CARTESIAN_POINT ( 'NONE',  ( 336.0079251159999671, -95.40649841779999463, 1.500000000000000000 ) ) ;
#2481 = ORIENTED_EDGE ( 'NONE', *, *, #447, .T. ) ;
#2482 = DIRECTION ( 'NONE',  ( 0.000000000000000000, 0.000000000000000000, -1.000000000000000000 ) ) ;
#2483 = EDGE_LOOP ( 'NONE', ( #135, #1902, #589, #2180 ) ) ;
#2484 = CARTESIAN_POINT ( 'NONE',  ( 54.42612905999999384, 57.54289668739999541, 0.000000000000000000 ) ) ;
#2485 = PERSON ( 'UNSPECIFIED', 'UNSPECIFIED', 'UNSPECIFIED', ('UNSPECIFIED'), ('UNSPECIFIED'), ('UNSPECIFIED') ) ;
#2486 = CARTESIAN_POINT ( 'NONE',  ( 350.7163577739999596, -124.5647284148000011, -20.00000000000000000 ) ) ;
#2487 = DIRECTION ( 'NONE',  ( 0.000000000000000000, 0.000000000000000000, -1.000000000000000000 ) ) ;
#2488 = VECTOR ( 'NONE', #880, 1000.000000000000000 ) ;
#2489 = EDGE_CURVE ( 'NONE', #3448, #1628, #1289, .T. ) ;
#2490 = EDGE_LOOP ( 'NONE', ( #2518, #2260, #774, #3298, #2060, #512, #1442, #3491, #1648, #1085, #44, #674, #2103, #2658, #1652, #831, #1672, #1178, #961, #1875 ) ) ;
#2491 = VECTOR ( 'NONE', #2851, 999.9999999999998863 ) ;
#2492 = EDGE_CURVE ( 'NONE', #3024, #295, #1246, .T. ) ;
#2493 = EDGE_CURVE ( 'NONE', #3398, #2508, #3406, .T. ) ;
#2494 = CYLINDRICAL_SURFACE ( 'NONE', #73, 8.000000000000000000 ) ;
#2495 = VERTEX_POINT ( 'NONE', #2198 ) ;
#2496 = FACE_OUTER_BOUND ( 'NONE', #1018, .T. ) ;
#2497 = DIRECTION ( 'NONE',  ( 0.000000000000000000, 0.000000000000000000, 1.000000000000000000 ) ) ;
#2498 = EDGE_CURVE ( 'NONE', #781, #1545, #3515, .T. ) ;
#2499 = DIRECTION ( 'NONE',  ( -1.000000000000000000, 0.000000000000000000, 0.000000000000000000 ) ) ;
#2500 = VERTEX_POINT ( 'NONE', #1693 ) ;
#2501 = CARTESIAN_POINT ( 'NONE',  ( 360.4875106420000179, -32.92818641579999905, -14.00000000000000000 ) ) ;
#2502 = CARTESIAN_POINT ( 'NONE',  ( 375.3600582050000298, -23.24673950400000066, -20.00000000000000000 ) ) ;
#2503 = EDGE_CURVE ( 'NONE', #3424, #2765, #2738, .T. ) ;
#2504 = VECTOR ( 'NONE', #3432, 1000.000000000000000 ) ;
#2505 = DIRECTION ( 'NONE',  ( 0.000000000000000000, 0.000000000000000000, 1.000000000000000000 ) ) ;
#2506 = CARTESIAN_POINT ( 'NONE',  ( 350.8535517669999990, -32.95374210920000735, 23.00000000000000000 ) ) ;
#2507 = VECTOR ( 'NONE', #1134, 1000.000000000000114 ) ;
#2508 = VERTEX_POINT ( 'NONE', #834 ) ;
#2509 = DIRECTION ( 'NONE',  ( 0.4290983405249745863, 0.9032577783549461392, 0.000000000000000000 ) ) ;
#2510 = VECTOR ( 'NONE', #2038, 1000.000000000000000 ) ;
#2511 = DIRECTION ( 'NONE',  ( -1.000000000000000000, 0.000000000000000000, 0.000000000000000000 ) ) ;
#2512 = ORIENTED_EDGE ( 'NONE', *, *, #328, .F. ) ;
#2513 = CYLINDRICAL_SURFACE ( 'NONE', #1953, 234.5000000000000000 ) ;
#2514 = AXIS2_PLACEMENT_3D ( 'NONE', #2857, #1517, #656 ) ;
#2515 = DIRECTION ( 'NONE',  ( 0.000000000000000000, 0.000000000000000000, 1.000000000000000000 ) ) ;
#2516 = AXIS2_PLACEMENT_3D ( 'NONE', #2335, #3422, #2886 ) ;
#2517 = FACE_OUTER_BOUND ( 'NONE', #1128, .T. ) ;
#2518 = ORIENTED_EDGE ( 'NONE', *, *, #1638, .T. ) ;
#2519 = CARTESIAN_POINT ( 'NONE',  ( 323.8646461959999669, 57.54289668739999541, -20.00000000000000000 ) ) ;
#2520 = ORIENTED_EDGE ( 'NONE', *, *, #953, .T. ) ;
#2521 = CARTESIAN_POINT ( 'NONE',  ( 189.1453876279999804, -174.7751453105999815, 4.500000000000000000 ) ) ;
#2522 = CARTESIAN_POINT ( 'NONE',  ( 27.43722348899999730, -32.95374210920000735, -14.00000000000000000 ) ) ;
#2523 = FACE_OUTER_BOUND ( 'NONE', #2009, .T. ) ;
#2524 = ADVANCED_FACE ( 'NONE', ( #1645, #1924 ), #605, .T. ) ;
#2525 = AXIS2_PLACEMENT_3D ( 'NONE', #2169, #2951, #187 ) ;
#2526 = ORIENTED_EDGE ( 'NONE', *, *, #1705, .F. ) ;
#2527 = ORIENTED_EDGE ( 'NONE', *, *, #726, .T. ) ;
#2528 = FACE_OUTER_BOUND ( 'NONE', #1804, .T. ) ;
#2529 = VECTOR ( 'NONE', #1827, 1000.000000000000000 ) ;
#2530 = VERTEX_POINT ( 'NONE', #288 ) ;
#2531 = CARTESIAN_POINT ( 'NONE',  ( -9.134840311000010260, -11.99185942650000136, 0.000000000000000000 ) ) ;
#2532 = CIRCLE ( 'NONE', #812, 8.000000000000007105 ) ;
#2533 = CARTESIAN_POINT ( 'NONE',  ( 74.84366406899999902, -79.38045786309999130, 0.000000000000000000 ) ) ;
#2534 = AXIS2_PLACEMENT_3D ( 'NONE', #573, #889, #2240 ) ;
#2535 = EDGE_CURVE ( 'NONE', #1407, #207, #342, .T. ) ;
#2536 = FACE_BOUND ( 'NONE', #2805, .T. ) ;
#2537 = ADVANCED_FACE ( 'NONE', ( #3053 ), #323, .T. ) ;
#2538 = ORIENTED_EDGE ( 'NONE', *, *, #1336, .F. ) ;
#2539 = DIRECTION ( 'NONE',  ( 0.000000000000000000, 0.000000000000000000, -1.000000000000000000 ) ) ;
#2540 = ORIENTED_EDGE ( 'NONE', *, *, #2492, .T. ) ;
#2541 = DIRECTION ( 'NONE',  ( 1.000000000000000000, 0.000000000000000000, 0.000000000000000000 ) ) ;
#2542 = ORIENTED_EDGE ( 'NONE', *, *, #3391, .F. ) ;
#2543 = CARTESIAN_POINT ( 'NONE',  ( 130.6431305597999994, -32.19970726099999325, 23.00000000000000000 ) ) ;
#2544 = LINE ( 'NONE', #3381, #1419 ) ;
#2545 = EDGE_CURVE ( 'NONE', #2646, #781, #2942, .T. ) ;
#2546 = ORIENTED_EDGE ( 'NONE', *, *, #1409, .T. ) ;
#2547 = DIRECTION ( 'NONE',  ( -0.9063077870364186772, 0.4226182617411953224, 0.000000000000000000 ) ) ;
#2548 = CYLINDRICAL_SURFACE ( 'NONE', #2189, 234.5000000000000000 ) ;
#2549 = CARTESIAN_POINT ( 'NONE',  ( 367.9685923200000275, -35.76251471980000218, 4.500000000000000000 ) ) ;
#2550 = AXIS2_PLACEMENT_3D ( 'NONE', #1405, #1139, #2234 ) ;
#2551 = ORIENTED_EDGE ( 'NONE', *, *, #1644, .F. ) ;
#2552 = CARTESIAN_POINT ( 'NONE',  ( 141.7652187122999976, 11.77789687010000108, 23.00000000000000000 ) ) ;
#2553 = DIRECTION ( 'NONE',  ( -0.9380135262632416371, 0.3465986505270888252, 0.000000000000000000 ) ) ;
#2554 = CIRCLE ( 'NONE', #829, 438.0000000000000000 ) ;
#2555 = CARTESIAN_POINT ( 'NONE',  ( 370.7907752560000176, 0.000000000000000000, -20.00000000000000000 ) ) ;
#2556 = VERTEX_POINT ( 'NONE', #2486 ) ;
#2557 = CARTESIAN_POINT ( 'NONE',  ( 338.8403970540000500, 14.72874426789999980, -10.00000000000000000 ) ) ;
#2558 = DIRECTION ( 'NONE',  ( 0.000000000000000000, 0.000000000000000000, -1.000000000000000000 ) ) ;
#2559 = ORIENTED_EDGE ( 'NONE', *, *, #1601, .T. ) ;
#2560 = DIRECTION ( 'NONE',  ( -0.9351352096859167906, 0.3542910379979667401, 0.000000000000000000 ) ) ;
#2561 = DIRECTION ( 'NONE',  ( 0.3849142794169345683, -0.9229523267758428240, 0.000000000000000000 ) ) ;
#2562 = EDGE_LOOP ( 'NONE', ( #310, #2481 ) ) ;
#2563 = EDGE_LOOP ( 'NONE', ( #3462, #1631, #3484, #988 ) ) ;
#2564 = DATE_AND_TIME ( #2310, #1280 ) ;
#2565 = DIRECTION ( 'NONE',  ( 0.000000000000000000, 0.000000000000000000, -1.000000000000000000 ) ) ;
#2566 = AXIS2_PLACEMENT_3D ( 'NONE', #954, #1742, #666 ) ;
#2567 = EDGE_CURVE ( 'NONE', #1832, #3279, #1892, .T. ) ;
#2568 = ORIENTED_EDGE ( 'NONE', *, *, #534, .F. ) ;
#2569 = CARTESIAN_POINT ( 'NONE',  ( 189.1453876279999804, -174.7751453105999815, 4.500000000000000000 ) ) ;
#2570 = VECTOR ( 'NONE', #744, 1000.000000000000114 ) ;
#2571 = CARTESIAN_POINT ( 'NONE',  ( 315.6501118580000025, 90.45919172840000044, -20.00000000000000000 ) ) ;
#2572 = CARTESIAN_POINT ( 'NONE',  ( 24.95470068500000238, -51.80407926460890167, 23.00000000000000000 ) ) ;
#2573 = DIRECTION ( 'NONE',  ( -1.000000000000000000, 0.000000000000000000, 0.000000000000000000 ) ) ;
#2574 = DIRECTION ( 'NONE',  ( -1.000000000000000000, 0.000000000000000000, 0.000000000000000000 ) ) ;
#2575 = AXIS2_PLACEMENT_3D ( 'NONE', #1149, #2246, #2963 ) ;
#2576 = ORIENTED_EDGE ( 'NONE', *, *, #2337, .T. ) ;
#2577 = DIRECTION ( 'NONE',  ( -1.000000000000000000, 0.000000000000000000, 0.000000000000000000 ) ) ;
#2578 = FACE_OUTER_BOUND ( 'NONE', #3028, .T. ) ;
#2579 = EDGE_CURVE ( 'NONE', #3335, #350, #3230, .T. ) ;
#2580 = ORIENTED_EDGE ( 'NONE', *, *, #2882, .F. ) ;
#2581 = ORIENTED_EDGE ( 'NONE', *, *, #2503, .T. ) ;
#2582 = CYLINDRICAL_SURFACE ( 'NONE', #2238, 7.999999999999994671 ) ;
#2583 = PRODUCT_DEFINITION_SHAPE ( 'NONE', 'NONE',  #936 ) ;
#2584 = ORIENTED_EDGE ( 'NONE', *, *, #2788, .F. ) ;
#2585 = DIRECTION ( 'NONE',  ( 0.000000000000000000, 0.000000000000000000, 1.000000000000000000 ) ) ;
#2586 = APPROVAL ( #1254, 'UNSPECIFIED' ) ;
#2587 = DIRECTION ( 'NONE',  ( 0.4226182545458444517, -0.9063077903916658684, 0.000000000000000000 ) ) ;
#2588 = EDGE_CURVE ( 'NONE', #2829, #2257, #2722, .T. ) ;
#2589 = AXIS2_PLACEMENT_3D ( 'NONE', #3315, #3082, #63 ) ;
#2590 = CARTESIAN_POINT ( 'NONE',  ( 130.6431305597999994, -32.19970726099999325, 4.500000000000000000 ) ) ;
#2591 = CIRCLE ( 'NONE', #3043, 438.0000000000000000 ) ;
#2592 = DIRECTION ( 'NONE',  ( 0.000000000000000000, 0.000000000000000000, 1.000000000000000000 ) ) ;
#2593 = CARTESIAN_POINT ( 'NONE',  ( 336.8646461959999669, 57.54289668739999541, 0.000000000000000000 ) ) ;
#2594 = EDGE_CURVE ( 'NONE', #490, #1642, #1860, .T. ) ;
#2595 = VERTEX_POINT ( 'NONE', #1962 ) ;
#2596 = DIRECTION ( 'NONE',  ( 0.000000000000000000, 0.000000000000000000, 1.000000000000000000 ) ) ;
#2597 = FACE_OUTER_BOUND ( 'NONE', #2308, .T. ) ;
#2598 = ORIENTED_EDGE ( 'NONE', *, *, #425, .T. ) ;
#2599 = ORIENTED_EDGE ( 'NONE', *, *, #2588, .F. ) ;
#2600 = PLANE ( 'NONE',  #805 ) ;
#2601 = ORIENTED_EDGE ( 'NONE', *, *, #1564, .F. ) ;
#2602 = CARTESIAN_POINT ( 'NONE',  ( 374.2846436999999469, -30.85257633249999998, 23.00000000000000000 ) ) ;
#2603 = ADVANCED_FACE ( 'NONE', ( #3524 ), #2213, .F. ) ;
#2604 = EDGE_CURVE ( 'NONE', #1157, #696, #1914, .T. ) ;
#2605 = CARTESIAN_POINT ( 'NONE',  ( 307.6092732619999879, -44.59954985771000224, 23.00000000000000000 ) ) ;
#2606 = AXIS2_PLACEMENT_3D ( 'NONE', #2608, #2891, #160 ) ;
#2607 = CIRCLE ( 'NONE', #3060, 8.000000000000000000 ) ;
#2608 = CARTESIAN_POINT ( 'NONE',  ( 337.4824268539999821, -45.66591717405000139, 23.00000000000000000 ) ) ;
#2609 = ADVANCED_FACE ( 'NONE', ( #3037 ), #2769, .F. ) ;
#2610 = CC_DESIGN_SECURITY_CLASSIFICATION ( #2021, ( #813 ) ) ;
#2611 = EDGE_CURVE ( 'NONE', #78, #1342, #828, .T. ) ;
#2612 = DIRECTION ( 'NONE',  ( -1.000000000000000000, 0.000000000000000000, 0.000000000000000000 ) ) ;
#2613 = ORIENTED_EDGE ( 'NONE', *, *, #2125, .F. ) ;
#2614 = DIRECTION ( 'NONE',  ( 0.1365801112420496066, 0.9906290290583600333, 0.000000000000000000 ) ) ;
#2615 = DIRECTION ( 'NONE',  ( 0.000000000000000000, 0.000000000000000000, 1.000000000000000000 ) ) ;
#2616 = VERTEX_POINT ( 'NONE', #1629 ) ;
#2617 = ADVANCED_FACE ( 'NONE', ( #556 ), #1070, .F. ) ;
#2618 = DIRECTION ( 'NONE',  ( 0.000000000000000000, 0.000000000000000000, 1.000000000000000000 ) ) ;
#2619 = COORDINATED_UNIVERSAL_TIME_OFFSET ( 8, 0, .AHEAD. ) ;
#2620 = DIRECTION ( 'NONE',  ( 0.8464719258273608604, 0.5324333561922269809, 0.000000000000000000 ) ) ;
#2621 = ORIENTED_EDGE ( 'NONE', *, *, #1321, .T. ) ;
#2622 = DIRECTION ( 'NONE',  ( 0.5332293572801282133, 0.8459707161212033366, 0.000000000000000000 ) ) ;
#2623 = PLANE ( 'NONE',  #3375 ) ;
#2624 = AXIS2_PLACEMENT_3D ( 'NONE', #39, #2724, #2454 ) ;
#2625 = EDGE_CURVE ( 'NONE', #705, #2950, #2432, .T. ) ;
#2626 = ORIENTED_EDGE ( 'NONE', *, *, #1586, .T. ) ;
#2627 = CARTESIAN_POINT ( 'NONE',  ( 356.7435950020000632, -17.40723874029999863, 23.00000000000000000 ) ) ;
#2628 = ORIENTED_EDGE ( 'NONE', *, *, #383, .T. ) ;
#2629 = FACE_OUTER_BOUND ( 'NONE', #839, .T. ) ;
#2630 = CARTESIAN_POINT ( 'NONE',  ( 356.9117926060000059, -42.36613284021999704, -14.00000000000000000 ) ) ;
#2631 = ORIENTED_EDGE ( 'NONE', *, *, #1601, .F. ) ;
#2632 = PLANE ( 'NONE',  #278 ) ;
#2633 = PERSON_AND_ORGANIZATION ( #2485, #195 ) ;
#2634 = EDGE_CURVE ( 'NONE', #2295, #1407, #602, .T. ) ;
#2635 = CARTESIAN_POINT ( 'NONE',  ( 329.5079251159999671, -95.40649841779999463, 1.500000000000000000 ) ) ;
#2636 = VERTEX_POINT ( 'NONE', #2501 ) ;
#2637 = DIRECTION ( 'NONE',  ( -1.000000000000000000, 0.000000000000000000, 0.000000000000000000 ) ) ;
#2638 = CARTESIAN_POINT ( 'NONE',  ( 300.8719208809999941, -6.501300608100000211, -14.00000000000000000 ) ) ;
#2639 = ORIENTED_EDGE ( 'NONE', *, *, #1676, .T. ) ;
#2640 = VECTOR ( 'NONE', #2105, 1000.000000000000000 ) ;
#2641 = CYLINDRICAL_SURFACE ( 'NONE', #2452, 438.0000000000000568 ) ;
#2642 = VECTOR ( 'NONE', #2166, 1000.000000000000000 ) ;
#2643 = CIRCLE ( 'NONE', #1669, 6.500000000000005329 ) ;
#2644 = EDGE_CURVE ( 'NONE', #2667, #2448, #2719, .T. ) ;
#2645 = ADVANCED_FACE ( 'NONE', ( #2231 ), #1403, .T. ) ;
#2646 = VERTEX_POINT ( 'NONE', #69 ) ;
#2647 = DIRECTION ( 'NONE',  ( 0.000000000000000000, 0.000000000000000000, -1.000000000000000000 ) ) ;
#2648 = DIRECTION ( 'NONE',  ( -1.000000000000000000, 0.000000000000000000, 0.000000000000000000 ) ) ;
#2649 = AXIS2_PLACEMENT_3D ( 'NONE', #1395, #1377, #2509 ) ;
#2650 = ORIENTED_EDGE ( 'NONE', *, *, #2489, .T. ) ;
#2651 = DIRECTION ( 'NONE',  ( 0.6821139440933026155, 0.7312459006883245127, 0.000000000000000000 ) ) ;
#2652 = ORIENTED_EDGE ( 'NONE', *, *, #1740, .F. ) ;
#2653 = DIRECTION ( 'NONE',  ( -1.000000000000000000, 0.000000000000000000, 0.000000000000000000 ) ) ;
#2654 = EDGE_CURVE ( 'NONE', #200, #3465, #2202, .T. ) ;
#2655 = VERTEX_POINT ( 'NONE', #1369 ) ;
#2656 = CARTESIAN_POINT ( 'NONE',  ( 65.83209919899999818, -54.99210629891000224, -20.00000000000000000 ) ) ;
#2657 = DIRECTION ( 'NONE',  ( 0.000000000000000000, 0.000000000000000000, -1.000000000000000000 ) ) ;
#2658 = ORIENTED_EDGE ( 'NONE', *, *, #1054, .T. ) ;
#2659 = DIRECTION ( 'NONE',  ( 0.000000000000000000, 0.000000000000000000, 1.000000000000000000 ) ) ;
#2660 = CIRCLE ( 'NONE', #1112, 438.0000000000000000 ) ;
#2661 = DIRECTION ( 'NONE',  ( -1.000000000000000000, 0.000000000000000000, 0.000000000000000000 ) ) ;
#2662 = AXIS2_PLACEMENT_3D ( 'NONE', #1641, #2766, #1888 ) ;
#2663 = ORIENTED_EDGE ( 'NONE', *, *, #1644, .T. ) ;
#2664 = CARTESIAN_POINT ( 'NONE',  ( 55.71482326999999657, -114.1667688990000045, 0.000000000000000000 ) ) ;
#2665 = CARTESIAN_POINT ( 'NONE',  ( 330.3646461959999669, 57.54289668739999541, 0.000000000000000000 ) ) ;
#2666 = ORIENTED_EDGE ( 'NONE', *, *, #1451, .T. ) ;
#2667 = VERTEX_POINT ( 'NONE', #53 ) ;
#2668 = DIRECTION ( 'NONE',  ( 0.000000000000000000, 0.000000000000000000, -1.000000000000000000 ) ) ;
#2669 = ORIENTED_EDGE ( 'NONE', *, *, #66, .F. ) ;
#2670 = CARTESIAN_POINT ( 'NONE',  ( -0.5140387330000160127, -75.97179598530000533, 23.00000000000000000 ) ) ;
#2671 = ORIENTED_EDGE ( 'NONE', *, *, #3225, .T. ) ;
#2672 = CARTESIAN_POINT ( 'NONE',  ( 322.5759519860000069, -114.1667688990000045, -20.00000000000000000 ) ) ;
#2673 = CARTESIAN_POINT ( 'NONE',  ( 94.51028419469999164, -38.62084894709999361, 4.500000000000000000 ) ) ;
#2674 = VERTEX_POINT ( 'NONE', #3537 ) ;
#2675 = DIRECTION ( 'NONE',  ( 0.000000000000000000, 0.000000000000000000, 1.000000000000000000 ) ) ;
#2676 = CIRCLE ( 'NONE', #2733, 234.5000000000000000 ) ;
#2677 = DIRECTION ( 'NONE',  ( 0.4369264371650808942, 0.8994972420781670586, 0.000000000000000000 ) ) ;
#2678 = AXIS2_PLACEMENT_3D ( 'NONE', #2339, #196, #3211 ) ;
#2679 = CARTESIAN_POINT ( 'NONE',  ( 315.1081354720000149, 10.31648836419999959, -14.00000000000000000 ) ) ;
#2680 = DIRECTION ( 'NONE',  ( -1.000000000000000000, 0.000000000000000000, 0.000000000000000000 ) ) ;
#2681 = ORIENTED_EDGE ( 'NONE', *, *, #3251, .T. ) ;
#2682 = ORIENTED_EDGE ( 'NONE', *, *, #219, .T. ) ;
#2683 = FACE_OUTER_BOUND ( 'NONE', #1620, .T. ) ;
#2684 = CIRCLE ( 'NONE', #1127, 8.000000000000007105 ) ;
#2685 = EDGE_LOOP ( 'NONE', ( #1887, #1901, #3181, #2911, #662, #1456, #2626 ) ) ;
#2686 = EDGE_CURVE ( 'NONE', #1266, #379, #206, .T. ) ;
#2687 = FACE_OUTER_BOUND ( 'NONE', #1993, .T. ) ;
#2688 = EDGE_CURVE ( 'NONE', #435, #3335, #1352, .T. ) ;
#2689 = ORIENTED_EDGE ( 'NONE', *, *, #1420, .F. ) ;
#2690 = DIRECTION ( 'NONE',  ( 0.7312459006883240686, -0.6821139440933030595, 0.000000000000000000 ) ) ;
#2691 = AXIS2_PLACEMENT_3D ( 'NONE', #2373, #141, #405 ) ;
#2692 = DIRECTION ( 'NONE',  ( 0.000000000000000000, 0.000000000000000000, 1.000000000000000000 ) ) ;
#2693 = EDGE_CURVE ( 'NONE', #1824, #618, #1115, .T. ) ;
#2694 = VERTEX_POINT ( 'NONE', #2251 ) ;
#2695 = DIRECTION ( 'NONE',  ( 1.000000000000000000, 0.000000000000000000, 0.000000000000000000 ) ) ;
#2696 = CIRCLE ( 'NONE', #979, 234.5000000000000000 ) ;
#2697 = EDGE_CURVE ( 'NONE', #1273, #882, #1102, .T. ) ;
#2698 = CARTESIAN_POINT ( 'NONE',  ( 260.1503274840999893, 48.71657381140000354, 23.00000000000000000 ) ) ;
#2699 = DIRECTION ( 'NONE',  ( 0.000000000000000000, 0.000000000000000000, 1.000000000000000000 ) ) ;
#2700 = VECTOR ( 'NONE', #1665, 1000.000000000000000 ) ;
#2701 = LINE ( 'NONE', #199, #333 ) ;
#2702 = ORIENTED_EDGE ( 'NONE', *, *, #3157, .F. ) ;
#2703 = VERTEX_POINT ( 'NONE', #1118 ) ;
#2704 = DIRECTION ( 'NONE',  ( -1.000000000000000000, 0.000000000000000000, 0.000000000000000000 ) ) ;
#2705 = DIRECTION ( 'NONE',  ( 0.000000000000000000, 0.000000000000000000, -1.000000000000000000 ) ) ;
#2706 = AXIS2_PLACEMENT_3D ( 'NONE', #1543, #139, #3154 ) ;
#2707 = ORIENTED_EDGE ( 'NONE', *, *, #726, .F. ) ;
#2708 = CARTESIAN_POINT ( 'NONE',  ( 293.1936686440000130, -33.03369425900000067, 23.00000000000000000 ) ) ;
#2709 = CARTESIAN_POINT ( 'NONE',  ( -2.228391850000010166, -72.29535328040000763, -14.00000000000000000 ) ) ;
#2710 = ORIENTED_EDGE ( 'NONE', *, *, #159, .F. ) ;
#2711 = CARTESIAN_POINT ( 'NONE',  ( 189.1453876279999804, -174.7751453105999815, 4.500000000000000000 ) ) ;
#2712 = EDGE_CURVE ( 'NONE', #621, #906, #1136, .T. ) ;
#2713 = CARTESIAN_POINT ( 'NONE',  ( 128.4878233683000133, 42.18476372899999660, 4.500000000000000000 ) ) ;
#2714 = LINE ( 'NONE', #538, #843 ) ;
#2715 = EDGE_CURVE ( 'NONE', #1320, #3112, #716, .T. ) ;
#2716 = EDGE_CURVE ( 'NONE', #2975, #1793, #1674, .T. ) ;
#2717 = AXIS2_PLACEMENT_3D ( 'NONE', #1690, #3291, #832 ) ;
#2718 = ORIENTED_EDGE ( 'NONE', *, *, #1449, .F. ) ;
#2719 = LINE ( 'NONE', #1626, #3289 ) ;
#2720 = ORIENTED_EDGE ( 'NONE', *, *, #1705, .T. ) ;
#2721 = CARTESIAN_POINT ( 'NONE',  ( 189.1453876279999804, -174.7751453105999815, -14.00000000000000000 ) ) ;
#2722 = LINE ( 'NONE', #38, #2999 ) ;
#2723 = AXIS2_PLACEMENT_3D ( 'NONE', #3210, #1313, #1600 ) ;
#2724 = DIRECTION ( 'NONE',  ( 0.000000000000000000, 0.000000000000000000, 1.000000000000000000 ) ) ;
#2725 = ORIENTED_EDGE ( 'NONE', *, *, #1371, .T. ) ;
#2726 = CARTESIAN_POINT ( 'NONE',  ( 355.6278857829999538, -0.6272485393000040155, 0.000000000000000000 ) ) ;
#2727 = FACE_OUTER_BOUND ( 'NONE', #608, .T. ) ;
#2728 = VERTEX_POINT ( 'NONE', #3002 ) ;
#2729 = ORIENTED_EDGE ( 'NONE', *, *, #2332, .T. ) ;
#2730 = CARTESIAN_POINT ( 'NONE',  ( 18.56285256799995054, -100.1763767319999943, 0.000000000000000000 ) ) ;
#2731 = ADVANCED_FACE ( 'NONE', ( #2735 ), #2195, .F. ) ;
#2732 = CARTESIAN_POINT ( 'NONE',  ( 77.41885437500000933, -6.501300608100000211, -14.00000000000000000 ) ) ;
#2733 = AXIS2_PLACEMENT_3D ( 'NONE', #2462, #1100, #2193 ) ;
#2734 = ORIENTED_EDGE ( 'NONE', *, *, #2192, .F. ) ;
#2735 = FACE_OUTER_BOUND ( 'NONE', #269, .T. ) ;
#2736 = CARTESIAN_POINT ( 'NONE',  ( 368.7394876010000075, -75.78802504909999982, -20.00000000000000000 ) ) ;
#2737 = VECTOR ( 'NONE', #2306, 1000.000000000000000 ) ;
#2738 = LINE ( 'NONE', #2453, #2259 ) ;
#2739 = LINE ( 'NONE', #1911, #1436 ) ;
#2740 = ORIENTED_EDGE ( 'NONE', *, *, #1975, .F. ) ;
#2741 =( LENGTH_UNIT ( ) NAMED_UNIT ( * ) SI_UNIT ( .MILLI., .METRE. ) );
#2742 = DIRECTION ( 'NONE',  ( 0.000000000000000000, 0.000000000000000000, 1.000000000000000000 ) ) ;
#2743 = ORIENTED_EDGE ( 'NONE', *, *, #2492, .F. ) ;
#2744 = ORIENTED_EDGE ( 'NONE', *, *, #3234, .F. ) ;
#2745 = DIRECTION ( 'NONE',  ( -0.9351352096859161245, -0.3542910379979680724, 0.000000000000000000 ) ) ;
#2746 = AXIS2_PLACEMENT_3D ( 'NONE', #180, #1267, #2363 ) ;
#2747 = VECTOR ( 'NONE', #2417, 1000.000000000000000 ) ;
#2748 = DIRECTION ( 'NONE',  ( 0.000000000000000000, 0.000000000000000000, 1.000000000000000000 ) ) ;
#2749 = EDGE_LOOP ( 'NONE', ( #3063, #523, #3186, #2861, #2329, #1101, #900, #520 ) ) ;
#2750 = DIRECTION ( 'NONE',  ( 0.000000000000000000, 0.000000000000000000, -1.000000000000000000 ) ) ;
#2751 = ORIENTED_EDGE ( 'NONE', *, *, #3282, .T. ) ;
#2752 = CARTESIAN_POINT ( 'NONE',  ( -10.96868851100001940, 10.23170916139999953, -20.00000000000000000 ) ) ;
#2753 = ADVANCED_FACE ( 'NONE', ( #2985 ), #2464, .F. ) ;
#2754 = ADVANCED_FACE ( 'NONE', ( #1922 ), #338, .F. ) ;
#2755 = DIRECTION ( 'NONE',  ( 0.000000000000000000, 0.000000000000000000, 1.000000000000000000 ) ) ;
#2756 = CARTESIAN_POINT ( 'NONE',  ( 354.9178643420000299, -8.914553354700000654, -14.00000000000000000 ) ) ;
#2757 = ORIENTED_EDGE ( 'NONE', *, *, #657, .F. ) ;
#2758 = AXIS2_PLACEMENT_3D ( 'NONE', #2296, #2372, #1244 ) ;
#2759 = FACE_OUTER_BOUND ( 'NONE', #1927, .T. ) ;
#2760 = ORIENTED_EDGE ( 'NONE', *, *, #2693, .T. ) ;
#2761 = AXIS2_PLACEMENT_3D ( 'NONE', #1086, #1339, #2197 ) ;
#2762 = ORIENTED_EDGE ( 'NONE', *, *, #3067, .F. ) ;
#2763 = DIRECTION ( 'NONE',  ( 0.000000000000000000, 0.000000000000000000, -1.000000000000000000 ) ) ;
#2764 = DIRECTION ( 'NONE',  ( 0.5332293572801282133, -0.8459707161212033366, 0.000000000000000000 ) ) ;
#2765 = VERTEX_POINT ( 'NONE', #2519 ) ;
#2766 = DIRECTION ( 'NONE',  ( 0.000000000000000000, 0.000000000000000000, 1.000000000000000000 ) ) ;
#2767 = ORIENTED_EDGE ( 'NONE', *, *, #2493, .F. ) ;
#2768 = DIRECTION ( 'NONE',  ( 0.000000000000000000, 0.000000000000000000, -1.000000000000000000 ) ) ;
#2769 = CYLINDRICAL_SURFACE ( 'NONE', #2550, 6.500000000000005329 ) ;
#2770 = DIRECTION ( 'NONE',  ( 0.000000000000000000, 0.000000000000000000, 1.000000000000000000 ) ) ;
#2771 = CIRCLE ( 'NONE', #743, 8.000000000000000000 ) ;
#2772 = ORIENTED_EDGE ( 'NONE', *, *, #742, .T. ) ;
#2773 = AXIS2_PLACEMENT_3D ( 'NONE', #1677, #1087, #4 ) ;
#2774 = DIRECTION ( 'NONE',  ( 0.000000000000000000, 0.000000000000000000, 1.000000000000000000 ) ) ;
#2775 = ORIENTED_EDGE ( 'NONE', *, *, #914, .F. ) ;
#2776 = DIRECTION ( 'NONE',  ( 0.9351352096859163465, -0.3542910379979675173, 0.000000000000000000 ) ) ;
#2777 = FACE_OUTER_BOUND ( 'NONE', #2785, .T. ) ;
#2778 = DIRECTION ( 'NONE',  ( -0.5332293572801282133, 0.8459707161212033366, 0.000000000000000000 ) ) ;
#2779 = ORIENTED_EDGE ( 'NONE', *, *, #1064, .T. ) ;
#2780 = DIRECTION ( 'NONE',  ( 0.000000000000000000, 0.000000000000000000, 1.000000000000000000 ) ) ;
#2781 = CYLINDRICAL_SURFACE ( 'NONE', #1242, 8.000000000000000000 ) ;
#2782 = CIRCLE ( 'NONE', #171, 234.5000000000000000 ) ;
#2783 = CARTESIAN_POINT ( 'NONE',  ( 189.1453876279999804, -165.7751453106000099, 0.000000000000000000 ) ) ;
#2784 = DIRECTION ( 'NONE',  ( 0.000000000000000000, 0.000000000000000000, 1.000000000000000000 ) ) ;
#2785 = EDGE_LOOP ( 'NONE', ( #1223, #1663, #1429, #3086, #2326, #431, #1469, #1329, #3008, #2383 ) ) ;
#2786 = EDGE_LOOP ( 'NONE', ( #3044, #3445, #1062, #848 ) ) ;
#2787 = CARTESIAN_POINT ( 'NONE',  ( 337.4824268539999821, -45.66591717405000139, 4.500000000000000000 ) ) ;
#2788 = EDGE_CURVE ( 'NONE', #1117, #3448, #2033, .T. ) ;
#2789 = ORIENTED_EDGE ( 'NONE', *, *, #3244, .F. ) ;
#2790 = DIRECTION ( 'NONE',  ( -0.7312459006883245127, 0.6821139440933026155, 0.000000000000000000 ) ) ;
#2791 = CIRCLE ( 'NONE', #515, 8.000000000000007105 ) ;
#2792 = EDGE_CURVE ( 'NONE', #1021, #169, #2302, .T. ) ;
#2793 = CARTESIAN_POINT ( 'NONE',  ( 189.1453876279999804, -174.7751453105999815, -14.00000000000000000 ) ) ;
#2794 = EDGE_CURVE ( 'NONE', #2703, #2646, #1633, .T. ) ;
#2795 = AXIS2_PLACEMENT_3D ( 'NONE', #2793, #2497, #250 ) ;
#2796 = CARTESIAN_POINT ( 'NONE',  ( 189.1453876279999804, -466.2751453106000099, -14.00000000000000000 ) ) ;
#2797 = ADVANCED_FACE ( 'NONE', ( #2267 ), #3142, .F. ) ;
#2798 = EDGE_LOOP ( 'NONE', ( #253, #59, #1590, #2568 ) ) ;
#2799 = DIRECTION ( 'NONE',  ( 0.000000000000000000, 0.000000000000000000, 1.000000000000000000 ) ) ;
#2800 = ORIENTED_EDGE ( 'NONE', *, *, #219, .F. ) ;
#2801 = DIRECTION ( 'NONE',  ( 0.000000000000000000, 0.000000000000000000, 1.000000000000000000 ) ) ;
#2802 = ORIENTED_EDGE ( 'NONE', *, *, #707, .T. ) ;
#2803 = DIRECTION ( 'NONE',  ( 0.000000000000000000, 0.000000000000000000, 1.000000000000000000 ) ) ;
#2804 = CARTESIAN_POINT ( 'NONE',  ( 241.2818026031999921, 46.27541904319999588, 23.00000000000000000 ) ) ;
#2805 = EDGE_LOOP ( 'NONE', ( #2639, #1538 ) ) ;
#2806 = ORIENTED_EDGE ( 'NONE', *, *, #3221, .T. ) ;
#2807 = CARTESIAN_POINT ( 'NONE',  ( 189.1453876279999804, -174.7751453105999815, 23.00000000000000000 ) ) ;
#2808 = DIRECTION ( 'NONE',  ( 0.000000000000000000, 0.000000000000000000, 1.000000000000000000 ) ) ;
#2809 = AXIS2_PLACEMENT_3D ( 'NONE', #224, #3511, #1023 ) ;
#2810 = EDGE_LOOP ( 'NONE', ( #2318, #2101, #1666, #1431 ) ) ;
#2811 = ORIENTED_EDGE ( 'NONE', *, *, #2840, .T. ) ;
#2812 = CIRCLE ( 'NONE', #192, 8.000000000000000000 ) ;
#2813 = DIRECTION ( 'NONE',  ( 0.000000000000000000, 0.000000000000000000, 1.000000000000000000 ) ) ;
#2814 = DIRECTION ( 'NONE',  ( -1.000000000000000000, 0.000000000000000000, 0.000000000000000000 ) ) ;
#2815 = LOCAL_TIME ( 17, 50, 38.00000000000000000, #2619 ) ;
#2816 = CARTESIAN_POINT ( 'NONE',  ( 366.4083548250000035, 58.46543029139999703, 0.000000000000000000 ) ) ;
#2817 = VERTEX_POINT ( 'NONE', #619 ) ;
#2818 = DIRECTION ( 'NONE',  ( 0.7312459006883245127, -0.6821139440933026155, 0.000000000000000000 ) ) ;
#2819 = VERTEX_POINT ( 'NONE', #1230 ) ;
#2820 = LINE ( 'NONE', #394, #3099 ) ;
#2821 = EDGE_LOOP ( 'NONE', ( #222, #994, #2266, #2718 ) ) ;
#2822 = LINE ( 'NONE', #1467, #117 ) ;
#2823 = CARTESIAN_POINT ( 'NONE',  ( 223.2218766261000269, -29.60273617809999891, 23.00000000000000000 ) ) ;
#2824 = EDGE_CURVE ( 'NONE', #2381, #2728, #2322, .T. ) ;
#2825 = VERTEX_POINT ( 'NONE', #1175 ) ;
#2826 = ORIENTED_EDGE ( 'NONE', *, *, #3351, .F. ) ;
#2827 = CALENDAR_DATE ( 2026, 21, 8 ) ;
#2828 = DIRECTION ( 'NONE',  ( 0.000000000000000000, 0.000000000000000000, 1.000000000000000000 ) ) ;
#2829 = VERTEX_POINT ( 'NONE', #3087 ) ;
#2830 = DIRECTION ( 'NONE',  ( 0.000000000000000000, 0.000000000000000000, 1.000000000000000000 ) ) ;
#2831 = CARTESIAN_POINT ( 'NONE',  ( 349.2625133239999968, -14.57291043640000083, -14.00000000000000000 ) ) ;
#2832 = AXIS2_PLACEMENT_3D ( 'NONE', #1979, #3106, #3070 ) ;
#2833 = DIRECTION ( 'NONE',  ( 0.000000000000000000, 0.000000000000000000, 1.000000000000000000 ) ) ;
#2834 = CARTESIAN_POINT ( 'NONE',  ( 391.1220386409999605, -49.55742189685000199, 23.00000000000000000 ) ) ;
#2835 = CARTESIAN_POINT ( 'NONE',  ( 20.55293324300000180, -62.02202618280000479, -14.00000000000000000 ) ) ;
#2836 = ORIENTED_EDGE ( 'NONE', *, *, #2611, .F. ) ;
#2837 = DIRECTION ( 'NONE',  ( -1.000000000000000000, 0.000000000000000000, 0.000000000000000000 ) ) ;
#2838 = LINE ( 'NONE', #3110, #1992 ) ;
#2839 = ORIENTED_EDGE ( 'NONE', *, *, #1606, .T. ) ;
#2840 = EDGE_CURVE ( 'NONE', #2470, #3299, #550, .T. ) ;
#2841 = ORIENTED_EDGE ( 'NONE', *, *, #185, .T. ) ;
#2842 = COORDINATED_UNIVERSAL_TIME_OFFSET ( 8, 0, .AHEAD. ) ;
#2843 = CARTESIAN_POINT ( 'NONE',  ( 360.8171562480000603, -54.63840756859000436, -14.00000000000000000 ) ) ;
#2844 = VECTOR ( 'NONE', #3376, 1000.000000000000227 ) ;
#2845 = EDGE_LOOP ( 'NONE', ( #840, #1978, #640, #3196 ) ) ;
#2846 = CARTESIAN_POINT ( 'NONE',  ( 374.2846436999999469, -30.85257633249999998, -14.00000000000000000 ) ) ;
#2847 = AXIS2_PLACEMENT_3D ( 'NONE', #3399, #146, #1854 ) ;
#2848 = CARTESIAN_POINT ( 'NONE',  ( 55.28285014000000785, -95.40649841779999463, 0.000000000000000000 ) ) ;
#2849 = VECTOR ( 'NONE', #835, 1000.000000000000114 ) ;
#2850 = CARTESIAN_POINT ( 'NONE',  ( 27.57441748199999765, -124.5647284148000011, -10.00000000000000000 ) ) ;
#2851 = DIRECTION ( 'NONE',  ( 0.9380135262632416371, 0.3465986505270888252, 0.000000000000000000 ) ) ;
#2852 = DIRECTION ( 'NONE',  ( -0.1365801112420496066, 0.9906290290583600333, 0.000000000000000000 ) ) ;
#2853 = EDGE_CURVE ( 'NONE', #116, #2413, #2607, .T. ) ;
#2854 = VECTOR ( 'NONE', #2032, 1000.000000000000000 ) ;
#2855 = VERTEX_POINT ( 'NONE', #3396 ) ;
#2856 = CARTESIAN_POINT ( 'NONE',  ( 357.7378420129999768, -62.02202618280000479, 23.00000000000000000 ) ) ;
#2857 = CARTESIAN_POINT ( 'NONE',  ( 189.1453876279999804, -165.7751453106000099, 1.500000000000000000 ) ) ;
#2858 = ORIENTED_EDGE ( 'NONE', *, *, #529, .T. ) ;
#2859 = EDGE_CURVE ( 'NONE', #239, #2817, #3377, .T. ) ;
#2860 = EDGE_CURVE ( 'NONE', #415, #3284, #1345, .T. ) ;
#2861 = ORIENTED_EDGE ( 'NONE', *, *, #2321, .T. ) ;
#2862 = SECURITY_CLASSIFICATION_LEVEL ( 'unclassified' ) ;
#2863 = CARTESIAN_POINT ( 'NONE',  ( 143.3724549428999921, 55.21417755740000644, 4.500000000000000000 ) ) ;
#2864 = CIRCLE ( 'NONE', #2525, 7.500000000000007105 ) ;
#2865 = ORIENTED_EDGE ( 'NONE', *, *, #1255, .F. ) ;
#2866 = CARTESIAN_POINT ( 'NONE',  ( 0.000000000000000000, 0.000000000000000000, 0.000000000000000000 ) ) ;
#2867 = AXIS2_PLACEMENT_3D ( 'NONE', #574, #2241, #1967 ) ;
#2868 = CARTESIAN_POINT ( 'NONE',  ( 336.0079251159999671, -95.40649841779999463, 0.000000000000000000 ) ) ;
#2869 = EDGE_CURVE ( 'NONE', #1135, #488, #1916, .T. ) ;
#2870 = EDGE_CURVE ( 'NONE', #1575, #385, #129, .T. ) ;
#2871 = CIRCLE ( 'NONE', #140, 234.5000000000000000 ) ;
#2872 = DIRECTION ( 'NONE',  ( 0.000000000000000000, 0.000000000000000000, 1.000000000000000000 ) ) ;
#2873 = EDGE_CURVE ( 'NONE', #3531, #415, #652, .T. ) ;
#2874 = CARTESIAN_POINT ( 'NONE',  ( 329.5079251159999671, -95.40649841779999463, 1.500000000000000000 ) ) ;
#2875 = CARTESIAN_POINT ( 'NONE',  ( -10.71174065900001970, -50.55345067615000687, -14.00000000000000000 ) ) ;
#2876 = VERTEX_POINT ( 'NONE', #2035 ) ;
#2877 = CARTESIAN_POINT ( 'NONE',  ( 341.0292333419999977, 74.46231100939999692, -20.00000000000000000 ) ) ;
#2878 = CYLINDRICAL_SURFACE ( 'NONE', #344, 8.000000000000003553 ) ;
#2879 = VERTEX_POINT ( 'NONE', #1726 ) ;
#2880 = ORIENTED_EDGE ( 'NONE', *, *, #2262, .F. ) ;
#2881 = PERSON_AND_ORGANIZATION_ROLE ( 'design_supplier' ) ;
#2882 = EDGE_CURVE ( 'NONE', #2829, #226, #1803, .T. ) ;
#2883 = DIRECTION ( 'NONE',  ( 0.6821139440933030595, -0.7312459006883240686, 0.000000000000000000 ) ) ;
#2884 = VERTEX_POINT ( 'NONE', #1708 ) ;
#2885 = DIRECTION ( 'NONE',  ( -0.000000000000000000, -0.000000000000000000, -1.000000000000000000 ) ) ;
#2886 = DIRECTION ( 'NONE',  ( -1.000000000000000000, 0.000000000000000000, 0.000000000000000000 ) ) ;
#2887 = AXIS2_PLACEMENT_3D ( 'NONE', #3260, #3277, #569 ) ;
#2888 = ORIENTED_EDGE ( 'NONE', *, *, #2567, .T. ) ;
#2889 = EDGE_LOOP ( 'NONE', ( #2201, #1083, #1983, #345 ) ) ;
#2890 = VECTOR ( 'NONE', #3492, 1000.000000000000000 ) ;
#2891 = DIRECTION ( 'NONE',  ( 0.000000000000000000, 0.000000000000000000, 1.000000000000000000 ) ) ;
#2892 = DIRECTION ( 'NONE',  ( 0.000000000000000000, 0.000000000000000000, -1.000000000000000000 ) ) ;
#2893 = EDGE_CURVE ( 'NONE', #3153, #712, #2554, .T. ) ;
#2894 = ORIENTED_EDGE ( 'NONE', *, *, #41, .T. ) ;
#2895 = LINE ( 'NONE', #2379, #1490 ) ;
#2896 = CARTESIAN_POINT ( 'NONE',  ( 366.4083548250000035, 58.46543029139999703, -20.00000000000000000 ) ) ;
#2897 = EDGE_LOOP ( 'NONE', ( #2230, #2067, #1800, #3401 ) ) ;
#2898 = DIRECTION ( 'NONE',  ( -1.000000000000000000, 0.000000000000000000, 0.000000000000000000 ) ) ;
#2899 = DATE_AND_TIME ( #2028, #934 ) ;
#2900 = LINE ( 'NONE', #2029, #1033 ) ;
#2901 = ORIENTED_EDGE ( 'NONE', *, *, #745, .F. ) ;
#2902 = DIRECTION ( 'NONE',  ( 0.000000000000000000, 0.000000000000000000, 1.000000000000000000 ) ) ;
#2903 = AXIS2_PLACEMENT_3D ( 'NONE', #3368, #3130, #170 ) ;
#2904 = LINE ( 'NONE', #2921, #190 ) ;
#2905 = CIRCLE ( 'NONE', #221, 8.000000000000000000 ) ;
#2906 = ORIENTED_EDGE ( 'NONE', *, *, #1075, .F. ) ;
#2907 = VECTOR ( 'NONE', #1427, 999.9999999999998863 ) ;
#2908 = EDGE_CURVE ( 'NONE', #1733, #194, #2000, .T. ) ;
#2909 = FACE_OUTER_BOUND ( 'NONE', #734, .T. ) ;
#2910 = EDGE_CURVE ( 'NONE', #2530, #2500, #377, .T. ) ;
#2911 = ORIENTED_EDGE ( 'NONE', *, *, #58, .T. ) ;
#2912 = LINE ( 'NONE', #1013, #2050 ) ;
#2913 = DIRECTION ( 'NONE',  ( 0.000000000000000000, 0.000000000000000000, 1.000000000000000000 ) ) ;
#2914 = VERTEX_POINT ( 'NONE', #1195 ) ;
#2915 = DIRECTION ( 'NONE',  ( -1.000000000000000000, 0.000000000000000000, 0.000000000000000000 ) ) ;
#2916 = CIRCLE ( 'NONE', #238, 8.000000000000007105 ) ;
#2917 = DIRECTION ( 'NONE',  ( 0.000000000000000000, 0.000000000000000000, 1.000000000000000000 ) ) ;
#2918 = VERTEX_POINT ( 'NONE', #2285 ) ;
#2919 = DIRECTION ( 'NONE',  ( 0.000000000000000000, 0.000000000000000000, 1.000000000000000000 ) ) ;
#2920 = VECTOR ( 'NONE', #103, 999.9999999999998863 ) ;
#2921 = CARTESIAN_POINT ( 'NONE',  ( 69.69255019099999515, -12.17867072259999972, -14.00000000000000000 ) ) ;
#2922 = ORIENTED_EDGE ( 'NONE', *, *, #1277, .F. ) ;
#2923 = DIRECTION ( 'NONE',  ( 0.000000000000000000, 0.000000000000000000, 1.000000000000000000 ) ) ;
#2924 = VECTOR ( 'NONE', #3412, 1000.000000000000000 ) ;
#2925 = VECTOR ( 'NONE', #2885, 1000.000000000000000 ) ;
#2926 = ORIENTED_EDGE ( 'NONE', *, *, #785, .T. ) ;
#2927 = CARTESIAN_POINT ( 'NONE',  ( -13.59132443000001977, -47.92746572494999668, -20.00000000000000000 ) ) ;
#2928 = DIRECTION ( 'NONE',  ( 0.000000000000000000, 0.000000000000000000, -1.000000000000000000 ) ) ;
#2929 = AXIS2_PLACEMENT_3D ( 'NONE', #2502, #2233, #271 ) ;
#2930 = APPROVAL_PERSON_ORGANIZATION ( #1750, #2586, #3384 ) ;
#2931 = ORIENTED_EDGE ( 'NONE', *, *, #2235, .T. ) ;
#2932 = CARTESIAN_POINT ( 'NONE',  ( 309.7729972000000203, -36.89771249779999351, -14.00000000000000000 ) ) ;
#2933 = ORIENTED_EDGE ( 'NONE', *, *, #1226, .T. ) ;
#2934 = CARTESIAN_POINT ( 'NONE',  ( 302.0883146570000122, -34.67382980940000436, -14.00000000000000000 ) ) ;
#2935 = VERTEX_POINT ( 'NONE', #916 ) ;
#2936 = CARTESIAN_POINT ( 'NONE',  ( 308.5982250650000083, -12.17867072259999972, -14.00000000000000000 ) ) ;
#2937 = LINE ( 'NONE', #1040, #2469 ) ;
#2938 = ORIENTED_EDGE ( 'NONE', *, *, #328, .T. ) ;
#2939 = CARTESIAN_POINT ( 'NONE',  ( 380.5191671059999976, -72.29535328040000763, 23.00000000000000000 ) ) ;
#2940 = CIRCLE ( 'NONE', #494, 8.000000000000007105 ) ;
#2941 = CARTESIAN_POINT ( 'NONE',  ( 189.1453876279999804, -466.2751453106000099, 23.00000000000000000 ) ) ;
#2942 = CIRCLE ( 'NONE', #1460, 234.5000000000000000 ) ;
#2943 = ADVANCED_FACE ( 'NONE', ( #1211 ), #2020, .F. ) ;
#2944 = ORIENTED_EDGE ( 'NONE', *, *, #1496, .T. ) ;
#2945 = DIRECTION ( 'NONE',  ( 0.9063077870364186772, -0.4226182617411953779, 0.000000000000000000 ) ) ;
#2946 = CARTESIAN_POINT ( 'NONE',  ( 1.200314477999979923, -79.64823839119999604, 1.500000000000000000 ) ) ;
#2947 = ORIENTED_EDGE ( 'NONE', *, *, #3494, .T. ) ;
#2948 = ORIENTED_EDGE ( 'NONE', *, *, #2870, .T. ) ;
#2949 = DIRECTION ( 'NONE',  ( 0.000000000000000000, 0.000000000000000000, 1.000000000000000000 ) ) ;
#2950 = VERTEX_POINT ( 'NONE', #531 ) ;
#2951 = DIRECTION ( 'NONE',  ( 0.000000000000000000, 0.000000000000000000, 1.000000000000000000 ) ) ;
#2952 = EDGE_CURVE ( 'NONE', #3163, #478, #2191, .T. ) ;
#2953 = ORIENTED_EDGE ( 'NONE', *, *, #3225, .F. ) ;
#2954 = DIRECTION ( 'NONE',  ( -0.9605853178867271858, 0.2779853360529210282, 0.000000000000000000 ) ) ;
#2955 = EDGE_CURVE ( 'NONE', #1398, #2239, #227, .T. ) ;
#2956 = DIRECTION ( 'NONE',  ( -1.000000000000000000, 0.000000000000000000, 0.000000000000000000 ) ) ;
#2957 = ORIENTED_EDGE ( 'NONE', *, *, #1831, .T. ) ;
#2958 = DIRECTION ( 'NONE',  ( 0.3465986505270888252, -0.9380135262632416371, 0.000000000000000000 ) ) ;
#2959 = CIRCLE ( 'NONE', #2163, 234.5000000000000000 ) ;
#2960 = ADVANCED_FACE ( 'NONE', ( #11 ), #793, .T. ) ;
#2961 = DIRECTION ( 'NONE',  ( 0.000000000000000000, 0.000000000000000000, -1.000000000000000000 ) ) ;
#2962 = AXIS2_PLACEMENT_3D ( 'NONE', #3476, #995, #1830 ) ;
#2963 = DIRECTION ( 'NONE',  ( 0.4369264371650808942, 0.8994972420781670586, 0.000000000000000000 ) ) ;
#2964 = CARTESIAN_POINT ( 'NONE',  ( 231.7693104841000036, -22.71962530309999906, -14.00000000000000000 ) ) ;
#2965 = ORIENTED_EDGE ( 'NONE', *, *, #1732, .F. ) ;
#2966 = DIRECTION ( 'NONE',  ( 0.000000000000000000, 0.000000000000000000, 1.000000000000000000 ) ) ;
#2967 = AXIS2_PLACEMENT_3D ( 'NONE', #2896, #729, #1834 ) ;
#2968 = ORIENTED_EDGE ( 'NONE', *, *, #821, .F. ) ;
#2969 = DIRECTION ( 'NONE',  ( -1.000000000000000000, 0.000000000000000000, 0.000000000000000000 ) ) ;
#2970 = EDGE_CURVE ( 'NONE', #3512, #1689, #387, .T. ) ;
#2971 = VERTEX_POINT ( 'NONE', #2158 ) ;
#2972 = FACE_BOUND ( 'NONE', #545, .T. ) ;
#2973 = VECTOR ( 'NONE', #2553, 999.9999999999998863 ) ;
#2974 = DIRECTION ( 'NONE',  ( -0.9906290290583601443, 0.1365801112420496344, 0.000000000000000000 ) ) ;
#2975 = VERTEX_POINT ( 'NONE', #2408 ) ;
#2976 = FACE_OUTER_BOUND ( 'NONE', #759, .T. ) ;
#2977 = ADVANCED_FACE ( 'NONE', ( #280 ), #1347, .F. ) ;
#2978 = EDGE_CURVE ( 'NONE', #239, #1793, #2445, .T. ) ;
#2979 = AXIS2_PLACEMENT_3D ( 'NONE', #3453, #1591, #2969 ) ;
#2980 = LINE ( 'NONE', #2283, #3201 ) ;
#2981 = EDGE_CURVE ( 'NONE', #1117, #3415, #1621, .T. ) ;
#2982 = VECTOR ( 'NONE', #3247, 1000.000000000000000 ) ;
#2983 = DIRECTION ( 'NONE',  ( 0.000000000000000000, 0.000000000000000000, 1.000000000000000000 ) ) ;
#2984 = ORIENTED_EDGE ( 'NONE', *, *, #1638, .F. ) ;
#2985 = FACE_OUTER_BOUND ( 'NONE', #553, .T. ) ;
#2986 = AXIS2_PLACEMENT_3D ( 'NONE', #1596, #2442, #527 ) ;
#2987 = PLANE ( 'NONE',  #2761 ) ;
#2988 = ORIENTED_EDGE ( 'NONE', *, *, #888, .T. ) ;
#2989 = CARTESIAN_POINT ( 'NONE',  ( 189.1453876279999804, -174.7751453105999815, 4.500000000000000000 ) ) ;
#2990 = LINE ( 'NONE', #2670, #3152 ) ;
#2991 = EDGE_CURVE ( 'NONE', #2674, #624, #3517, .T. ) ;
#2992 = EDGE_LOOP ( 'NONE', ( #2139, #1119, #2305, #1921 ) ) ;
#2993 = FACE_OUTER_BOUND ( 'NONE', #3477, .T. ) ;
#2994 = PLANE ( 'NONE',  #1497 ) ;
#2995 = VERTEX_POINT ( 'NONE', #296 ) ;
#2996 = PLANE ( 'NONE',  #2589 ) ;
#2997 = CC_DESIGN_PERSON_AND_ORGANIZATION_ASSIGNMENT ( #1272, #2881, ( #813 ) ) ;
#2998 = CARTESIAN_POINT ( 'NONE',  ( -6.195504927000020423, -63.78785216250000900, -20.00000000000000000 ) ) ;
#2999 = VECTOR ( 'NONE', #1910, 1000.000000000000000 ) ;
#3000 = ORIENTED_EDGE ( 'NONE', *, *, #264, .T. ) ;
#3001 = ADVANCED_FACE ( 'NONE', ( #1080 ), #1579, .F. ) ;
#3002 = CARTESIAN_POINT ( 'NONE',  ( 315.6501118580000025, 90.45919172840000044, 0.000000000000000000 ) ) ;
#3003 = ORIENTED_EDGE ( 'NONE', *, *, #842, .T. ) ;
#3004 = LINE ( 'NONE', #1643, #643 ) ;
#3005 = DIRECTION ( 'NONE',  ( -1.000000000000000000, 0.000000000000000000, 0.000000000000000000 ) ) ;
#3006 = VECTOR ( 'NONE', #1464, 1000.000000000000114 ) ;
#3007 = CARTESIAN_POINT ( 'NONE',  ( 146.5214647719000141, -22.71962530309999906, 23.00000000000000000 ) ) ;
#3008 = ORIENTED_EDGE ( 'NONE', *, *, #1449, .T. ) ;
#3009 = CARTESIAN_POINT ( 'NONE',  ( 189.1453876279999804, -174.7751453105999815, 4.500000000000000000 ) ) ;
#3010 = CARTESIAN_POINT ( 'NONE',  ( 389.2594637670000566, 10.23170916139999953, -20.00000000000000000 ) ) ;
#3011 = ORIENTED_EDGE ( 'NONE', *, *, #952, .T. ) ;
#3012 = CARTESIAN_POINT ( 'NONE',  ( 10.32218293600000081, -35.76251471980000218, 23.00000000000000000 ) ) ;
#3013 = ADVANCED_FACE ( 'NONE', ( #2976 ), #1637, .F. ) ;
#3014 = EDGE_CURVE ( 'NONE', #1038, #3335, #3474, .T. ) ;
#3015 = LINE ( 'NONE', #862, #2279 ) ;
#3016 = VECTOR ( 'NONE', #298, 1000.000000000000227 ) ;
#3017 = VERTEX_POINT ( 'NONE', #2939 ) ;
#3018 = CARTESIAN_POINT ( 'NONE',  ( 233.3567703708000067, 47.36805993320000141, 4.500000000000000000 ) ) ;
#3019 = DIRECTION ( 'NONE',  ( 0.000000000000000000, 0.000000000000000000, -1.000000000000000000 ) ) ;
#3020 = EDGE_CURVE ( 'NONE', #2935, #376, #876, .T. ) ;
#3021 = AXIS2_PLACEMENT_3D ( 'NONE', #2289, #3109, #655 ) ;
#3022 = DIRECTION ( 'NONE',  ( 0.000000000000000000, 0.000000000000000000, 1.000000000000000000 ) ) ;
#3023 = CARTESIAN_POINT ( 'NONE',  ( -7.500000000000000000, 0.000000000000000000, 1.500000000000000000 ) ) ;
#3024 = VERTEX_POINT ( 'NONE', #3267 ) ;
#3025 = FACE_OUTER_BOUND ( 'NONE', #1388, .T. ) ;
#3026 = CARTESIAN_POINT ( 'NONE',  ( 4.006131555999994376, -30.85257633249999998, 4.500000000000000000 ) ) ;
#3027 = EDGE_LOOP ( 'NONE', ( #1488, #1466, #457, #1287, #1, #1535, #1526, #3076, #1571, #609, #3158, #2407 ) ) ;
#3028 = EDGE_LOOP ( 'NONE', ( #2091, #1766, #1745, #691 ) ) ;
#3029 = LINE ( 'NONE', #315, #1276 ) ;
#3030 = AXIS2_PLACEMENT_3D ( 'NONE', #2129, #211, #165 ) ;
#3031 = AXIS2_PLACEMENT_3D ( 'NONE', #1807, #2565, #122 ) ;
#3032 = CARTESIAN_POINT ( 'NONE',  ( 85.09710661200000459, -33.03369425900000067, 23.00000000000000000 ) ) ;
#3033 = ORIENTED_EDGE ( 'NONE', *, *, #3514, .F. ) ;
#3034 = DIRECTION ( 'NONE',  ( 0.000000000000000000, 0.000000000000000000, -1.000000000000000000 ) ) ;
#3035 = DIRECTION ( 'NONE',  ( 0.000000000000000000, 0.000000000000000000, -1.000000000000000000 ) ) ;
#3036 = AXIS2_PLACEMENT_3D ( 'NONE', #3297, #870, #1091 ) ;
#3037 = FACE_OUTER_BOUND ( 'NONE', #1891, .T. ) ;
#3038 = DIRECTION ( 'NONE',  ( 0.000000000000000000, 0.000000000000000000, 1.000000000000000000 ) ) ;
#3039 = VERTEX_POINT ( 'NONE', #2460 ) ;
#3040 = CARTESIAN_POINT ( 'NONE',  ( 0.000000000000000000, 0.000000000000000000, 0.000000000000000000 ) ) ;
#3041 = VECTOR ( 'NONE', #3045, 1000.000000000000000 ) ;
#3042 = CARTESIAN_POINT ( 'NONE',  ( 92.78178915489999667, -30.80981157060000086, 4.500000000000000000 ) ) ;
#3043 = AXIS2_PLACEMENT_3D ( 'NONE', #237, #3276, #818 ) ;
#3044 = ORIENTED_EDGE ( 'NONE', *, *, #3168, .T. ) ;
#3045 = DIRECTION ( 'NONE',  ( 0.7312459006883245127, -0.6821139440933026155, 0.000000000000000000 ) ) ;
#3046 = FACE_OUTER_BOUND ( 'NONE', #2992, .T. ) ;
#3047 = CYLINDRICAL_SURFACE ( 'NONE', #1017, 6.499999999999999112 ) ;
#3048 = ORIENTED_EDGE ( 'NONE', *, *, #2567, .F. ) ;
#3049 = ADVANCED_FACE ( 'NONE', ( #808 ), #1094, .T. ) ;
#3050 = DIRECTION ( 'NONE',  ( 0.1335667969589483250, -0.9910398128986177557, 0.000000000000000000 ) ) ;
#3051 = DIRECTION ( 'NONE',  ( 0.000000000000000000, 0.000000000000000000, 1.000000000000000000 ) ) ;
#3052 = ADVANCED_FACE ( 'NONE', ( #827, #2143, #3228, #1330, #1063, #3250 ), #2996, .T. ) ;
#3053 = FACE_OUTER_BOUND ( 'NONE', #2041, .T. ) ;
#3054 = CARTESIAN_POINT ( 'NONE',  ( 300.8654905740000345, 22.25497573119999828, -14.00000000000000000 ) ) ;
#3055 = VECTOR ( 'NONE', #2482, 1000.000000000000000 ) ;
#3056 = ORIENTED_EDGE ( 'NONE', *, *, #2124, .T. ) ;
#3057 = VERTEX_POINT ( 'NONE', #3372 ) ;
#3058 = ADVANCED_FACE ( 'NONE', ( #893 ), #630, .F. ) ;
#3059 =( NAMED_UNIT ( * ) SI_UNIT ( $, .STERADIAN. ) SOLID_ANGLE_UNIT ( ) );
#3060 = AXIS2_PLACEMENT_3D ( 'NONE', #3411, #1498, #429 ) ;
#3061 = LINE ( 'NONE', #591, #359 ) ;
#3062 = CC_DESIGN_PERSON_AND_ORGANIZATION_ASSIGNMENT ( #2368, #3131, ( #936 ) ) ;
#3063 = ORIENTED_EDGE ( 'NONE', *, *, #156, .F. ) ;
#3064 = DIRECTION ( 'NONE',  ( 0.000000000000000000, 0.000000000000000000, -1.000000000000000000 ) ) ;
#3065 = EDGE_CURVE ( 'NONE', #2002, #252, #2532, .T. ) ;
#3066 = DIRECTION ( 'NONE',  ( 0.4369264371650808942, 0.8994972420781670586, 0.000000000000000000 ) ) ;
#3067 = EDGE_CURVE ( 'NONE', #1608, #752, #1414, .T. ) ;
#3068 = CARTESIAN_POINT ( 'NONE',  ( 120.5627911357999977, 41.09212283899999818, 4.500000000000000000 ) ) ;
#3069 = ORIENTED_EDGE ( 'NONE', *, *, #441, .F. ) ;
#3070 = DIRECTION ( 'NONE',  ( -1.000000000000000000, 0.000000000000000000, 0.000000000000000000 ) ) ;
#3071 = CARTESIAN_POINT ( 'NONE',  ( 355.6278857829999538, -0.6272485393000040155, -20.00000000000000000 ) ) ;
#3072 = AXIS2_PLACEMENT_3D ( 'NONE', #381, #1468, #2561 ) ;
#3073 = ORIENTED_EDGE ( 'NONE', *, *, #1997, .T. ) ;
#3074 = CARTESIAN_POINT ( 'NONE',  ( 90.15529823369999463, 46.80710277629999894, -10.00000000000000000 ) ) ;
#3075 = DIRECTION ( 'NONE',  ( -1.000000000000000000, 0.000000000000000000, 0.000000000000000000 ) ) ;
#3076 = ORIENTED_EDGE ( 'NONE', *, *, #2588, .T. ) ;
#3077 = ORIENTED_EDGE ( 'NONE', *, *, #1097, .T. ) ;
#3078 = DIRECTION ( 'NONE',  ( 0.000000000000000000, 0.000000000000000000, 1.000000000000000000 ) ) ;
#3079 = CYLINDRICAL_SURFACE ( 'NONE', #1439, 8.000000000000000000 ) ;
#3080 = ORIENTED_EDGE ( 'NONE', *, *, #3528, .T. ) ;
#3081 = EDGE_LOOP ( 'NONE', ( #1035, #983, #1009, #235 ) ) ;
#3082 = DIRECTION ( 'NONE',  ( 0.000000000000000000, 0.000000000000000000, 1.000000000000000000 ) ) ;
#3083 = DIRECTION ( 'NONE',  ( 0.000000000000000000, 0.000000000000000000, 1.000000000000000000 ) ) ;
#3084 = EDGE_CURVE ( 'NONE', #1912, #3153, #1216, .T. ) ;
#3085 = FACE_BOUND ( 'NONE', #2333, .T. ) ;
#3086 = ORIENTED_EDGE ( 'NONE', *, *, #2794, .T. ) ;
#3087 = CARTESIAN_POINT ( 'NONE',  ( 189.1453876279999804, 68.72485468940000430, -20.00000000000000000 ) ) ;
#3088 = ORIENTED_EDGE ( 'NONE', *, *, #30, .T. ) ;
#3089 = CARTESIAN_POINT ( 'NONE',  ( 370.7907752560000176, 0.000000000000000000, 0.000000000000000000 ) ) ;
#3090 = EDGE_LOOP ( 'NONE', ( #1640, #519, #1558, #1197 ) ) ;
#3091 = DIRECTION ( 'NONE',  ( -1.000000000000000000, 0.000000000000000000, 0.000000000000000000 ) ) ;
#3092 = DIRECTION ( 'NONE',  ( 0.000000000000000000, 0.000000000000000000, 1.000000000000000000 ) ) ;
#3093 = ORIENTED_EDGE ( 'NONE', *, *, #1704, .F. ) ;
#3094 = VERTEX_POINT ( 'NONE', #1737 ) ;
#3095 = APPROVAL_STATUS ( 'not_yet_approved' ) ;
#3096 = DIRECTION ( 'NONE',  ( 0.000000000000000000, 0.000000000000000000, 1.000000000000000000 ) ) ;
#3097 = AXIS2_PLACEMENT_3D ( 'NONE', #1930, #2742, #2511 ) ;
#3098 = EDGE_LOOP ( 'NONE', ( #1812, #980, #2312, #1269 ) ) ;
#3099 = VECTOR ( 'NONE', #2852, 1000.000000000000227 ) ;
#3100 = FACE_OUTER_BOUND ( 'NONE', #2455, .T. ) ;
#3101 = AXIS2_PLACEMENT_3D ( 'NONE', #2708, #2954, #242 ) ;
#3102 = DIRECTION ( 'NONE',  ( -0.8459707161212032256, -0.5332293572801281023, -0.000000000000000000 ) ) ;
#3103 = LOCAL_TIME ( 17, 50, 38.00000000000000000, #2842 ) ;
#3104 = DIRECTION ( 'NONE',  ( 1.000000000000000000, 0.000000000000000000, 0.000000000000000000 ) ) ;
#3105 = ADVANCED_FACE ( 'NONE', ( #3100 ), #612, .F. ) ;
#3106 = DIRECTION ( 'NONE',  ( 0.000000000000000000, 0.000000000000000000, 1.000000000000000000 ) ) ;
#3107 = DIRECTION ( 'NONE',  ( 0.000000000000000000, 0.000000000000000000, 1.000000000000000000 ) ) ;
#3108 = ORIENTED_EDGE ( 'NONE', *, *, #2498, .F. ) ;
#3109 = DIRECTION ( 'NONE',  ( 0.000000000000000000, 0.000000000000000000, -1.000000000000000000 ) ) ;
#3110 = CARTESIAN_POINT ( 'NONE',  ( 76.20246059900000546, -34.67382980940000436, 4.500000000000000000 ) ) ;
#3111 = VERTEX_POINT ( 'NONE', #649 ) ;
#3112 = VERTEX_POINT ( 'NONE', #576 ) ;
#3113 = VECTOR ( 'NONE', #231, 1000.000000000000000 ) ;
#3114 = DIRECTION ( 'NONE',  ( 0.7895064224801301433, 0.6137422984141033266, 0.000000000000000000 ) ) ;
#3115 = VECTOR ( 'NONE', #1907, 1000.000000000000000 ) ;
#3116 = ORIENTED_EDGE ( 'NONE', *, *, #3501, .T. ) ;
#3117 = FACE_OUTER_BOUND ( 'NONE', #1691, .T. ) ;
#3118 = DIRECTION ( 'NONE',  ( 0.8459707161212032256, 0.5332293572801281023, 0.000000000000000000 ) ) ;
#3119 = ADVANCED_FACE ( 'NONE', ( #371 ), #351, .T. ) ;
#3120 = PRODUCT ( 'final', 'final', '', ( #1946 ) ) ;
#3121 = EDGE_CURVE ( 'NONE', #2935, #2037, #1147, .T. ) ;
#3122 = EDGE_CURVE ( 'NONE', #2291, #207, #3354, .T. ) ;
#3123 = CYLINDRICAL_SURFACE ( 'NONE', #51, 8.000000000000008882 ) ;
#3124 = CARTESIAN_POINT ( 'NONE',  ( 40.80834840200000002, -45.66591717405000139, 4.500000000000000000 ) ) ;
#3125 = CARTESIAN_POINT ( 'NONE',  ( 247.6476446961999898, -32.19970726099999325, -14.00000000000000000 ) ) ;
#3126 = EDGE_LOOP ( 'NONE', ( #1093, #2444, #188, #1181, #2165, #2132, #572, #2211, #505, #3159 ) ) ;
#3127 = CARTESIAN_POINT ( 'NONE',  ( 7.500000000000000000, 0.000000000000000000, 0.000000000000000000 ) ) ;
#3128 = CARTESIAN_POINT ( 'NONE',  ( 285.5089861011000494, -30.80981157060000086, 4.500000000000000000 ) ) ;
#3129 = EDGE_LOOP ( 'NONE', ( #3223, #648, #1243, #213 ) ) ;
#3130 = DIRECTION ( 'NONE',  ( -0.4226182617411953779, 0.9063077870364186772, 0.000000000000000000 ) ) ;
#3131 = PERSON_AND_ORGANIZATION_ROLE ( 'creator' ) ;
#3132 = CIRCLE ( 'NONE', #896, 6.500000000000005329 ) ;
#3133 = EDGE_CURVE ( 'NONE', #27, #1832, #841, .T. ) ;
#3134 = DIRECTION ( 'NONE',  ( 0.000000000000000000, 0.000000000000000000, 1.000000000000000000 ) ) ;
#3135 = ORIENTED_EDGE ( 'NONE', *, *, #3431, .F. ) ;
#3136 = CARTESIAN_POINT ( 'NONE',  ( 155.0688986298999907, -29.60273617809999891, -14.00000000000000000 ) ) ;
#3137 = VECTOR ( 'NONE', #2145, 1000.000000000000000 ) ;
#3138 = EDGE_CURVE ( 'NONE', #3163, #1937, #1042, .T. ) ;
#3139 = PLANE ( 'NONE',  #2691 ) ;
#3140 = AXIS2_PLACEMENT_3D ( 'NONE', #1712, #166, #2290 ) ;
#3141 = CARTESIAN_POINT ( 'NONE',  ( 76.20246059900000546, -34.67382980940000436, 23.00000000000000000 ) ) ;
#3142 = CYLINDRICAL_SURFACE ( 'NONE', #153, 6.500000000000005329 ) ;
#3143 = CARTESIAN_POINT ( 'NONE',  ( 42.28285014000000075, -95.40649841779999463, 0.000000000000000000 ) ) ;
#3144 = CIRCLE ( 'NONE', #64, 6.500000000000005329 ) ;
#3145 = ORIENTED_EDGE ( 'NONE', *, *, #2137, .F. ) ;
#3146 = CARTESIAN_POINT ( 'NONE',  ( 367.9685923200000275, -35.76251471980000218, 23.00000000000000000 ) ) ;
#3147 = FACE_OUTER_BOUND ( 'NONE', #1569, .T. ) ;
#3148 = ORIENTED_EDGE ( 'NONE', *, *, #1154, .F. ) ;
#3149 = ORIENTED_EDGE ( 'NONE', *, *, #1064, .F. ) ;
#3150 = COORDINATED_UNIVERSAL_TIME_OFFSET ( 8, 0, .AHEAD. ) ;
#3151 = PLANE ( 'NONE',  #1662 ) ;
#3152 = VECTOR ( 'NONE', #3468, 1000.000000000000114 ) ;
#3153 = VERTEX_POINT ( 'NONE', #595 ) ;
#3154 = DIRECTION ( 'NONE',  ( -1.000000000000000000, 0.000000000000000000, 0.000000000000000000 ) ) ;
#3155 = AXIS2_PLACEMENT_3D ( 'NONE', #547, #1078, #2173 ) ;
#3156 = CARTESIAN_POINT ( 'NONE',  ( 379.0277546049999842, 21.20039767169999934, -10.00000000000000000 ) ) ;
#3157 = EDGE_CURVE ( 'NONE', #3424, #416, #1503, .T. ) ;
#3158 = ORIENTED_EDGE ( 'NONE', *, *, #1685, .T. ) ;
#3159 = ORIENTED_EDGE ( 'NONE', *, *, #3138, .F. ) ;
#3160 = AXIS2_PLACEMENT_3D ( 'NONE', #1867, #1044, #2123 ) ;
#3161 = DIRECTION ( 'NONE',  ( 0.000000000000000000, 0.000000000000000000, 1.000000000000000000 ) ) ;
#3162 = LINE ( 'NONE', #1816, #1232 ) ;
#3163 = VERTEX_POINT ( 'NONE', #2206 ) ;
#3164 = DIRECTION ( 'NONE',  ( 0.000000000000000000, 0.000000000000000000, -1.000000000000000000 ) ) ;
#3165 = DIRECTION ( 'NONE',  ( -0.9605853178867271858, 0.2779853360529210282, 0.000000000000000000 ) ) ;
#3166 = ORIENTED_EDGE ( 'NONE', *, *, #932, .F. ) ;
#3167 = LINE ( 'NONE', #732, #306 ) ;
#3168 = EDGE_CURVE ( 'NONE', #2879, #699, #1950, .T. ) ;
#3169 = DIRECTION ( 'NONE',  ( -0.9063077870364186772, 0.4226182617411953224, 0.000000000000000000 ) ) ;
#3170 = EDGE_CURVE ( 'NONE', #1137, #215, #1684, .T. ) ;
#3171 = EDGE_CURVE ( 'NONE', #2434, #1912, #3029, .T. ) ;
#3172 = EDGE_LOOP ( 'NONE', ( #1752, #3314, #3433, #1987 ) ) ;
#3173 = DIRECTION ( 'NONE',  ( -0.3542910379979684610, 0.9351352096859159024, 0.000000000000000000 ) ) ;
#3174 = DIRECTION ( 'NONE',  ( 0.000000000000000000, 0.000000000000000000, -1.000000000000000000 ) ) ;
#3175 = AXIS2_PLACEMENT_3D ( 'NONE', #3018, #1424, #566 ) ;
#3176 = EDGE_LOOP ( 'NONE', ( #2395, #1519, #3056, #2419, #919, #3000, #2118, #731 ) ) ;
#3177 = ADVANCED_FACE ( 'NONE', ( #2496 ), #2222, .F. ) ;
#3178 = EDGE_LOOP ( 'NONE', ( #43, #2957, #898, #594, #346, #1908, #2113 ) ) ;
#3179 = VECTOR ( 'NONE', #110, 1000.000000000000000 ) ;
#3180 = LINE ( 'NONE', #2376, #3113 ) ;
#3181 = ORIENTED_EDGE ( 'NONE', *, *, #2860, .T. ) ;
#3182 = DIRECTION ( 'NONE',  ( 0.9380135262632416371, 0.3465986505270888252, 0.000000000000000000 ) ) ;
#3183 = DIRECTION ( 'NONE',  ( 0.7312459006883240686, -0.6821139440933030595, 0.000000000000000000 ) ) ;
#3184 = ORIENTED_EDGE ( 'NONE', *, *, #1586, .F. ) ;
#3185 = DIRECTION ( 'NONE',  ( 0.4226182617411953224, 0.9063077870364186772, 0.000000000000000000 ) ) ;
#3186 = ORIENTED_EDGE ( 'NONE', *, *, #1422, .T. ) ;
#3187 = CARTESIAN_POINT ( 'NONE',  ( 94.51028419469999164, -38.62084894709999361, -14.00000000000000000 ) ) ;
#3188 = ORIENTED_EDGE ( 'NONE', *, *, #185, .F. ) ;
#3189 = FACE_OUTER_BOUND ( 'NONE', #3469, .T. ) ;
#3190 = DIRECTION ( 'NONE',  ( 0.000000000000000000, 0.000000000000000000, 1.000000000000000000 ) ) ;
#3191 = VECTOR ( 'NONE', #1387, 1000.000000000000000 ) ;
#3192 = ORIENTED_EDGE ( 'NONE', *, *, #3438, .T. ) ;
#3193 = CIRCLE ( 'NONE', #3021, 438.0000000000000000 ) ;
#3194 = ADVANCED_FACE ( 'NONE', ( #331 ), #2513, .F. ) ;
#3195 = PLANE ( 'NONE',  #1856 ) ;
#3196 = ORIENTED_EDGE ( 'NONE', *, *, #1154, .T. ) ;
#3197 = CARTESIAN_POINT ( 'NONE',  ( 327.5132570580000220, 14.55151078789999985, 23.00000000000000000 ) ) ;
#3198 = DIRECTION ( 'NONE',  ( 0.7312459006883245127, 0.6821139440933026155, 0.000000000000000000 ) ) ;
#3199 = ORIENTED_EDGE ( 'NONE', *, *, #118, .F. ) ;
#3200 = CARTESIAN_POINT ( 'NONE',  ( 189.1453876279999804, -466.2751453106000099, -14.00000000000000000 ) ) ;
#3201 = VECTOR ( 'NONE', #2515, 1000.000000000000000 ) ;
#3202 = ORIENTED_EDGE ( 'NONE', *, *, #317, .T. ) ;
#3203 = DIRECTION ( 'NONE',  ( 1.000000000000000000, -1.010643099610000011E-15, 0.000000000000000000 ) ) ;
#3204 = ORIENTED_EDGE ( 'NONE', *, *, #2374, .T. ) ;
#3205 = CARTESIAN_POINT ( 'NONE',  ( 327.5132570580000220, 14.55151078789999985, 4.500000000000000000 ) ) ;
#3206 = AXIS2_PLACEMENT_3D ( 'NONE', #2402, #3507, #3242 ) ;
#3207 = DIRECTION ( 'NONE',  ( 0.000000000000000000, 0.000000000000000000, 1.000000000000000000 ) ) ;
#3208 = EDGE_CURVE ( 'NONE', #217, #1394, #2075, .T. ) ;
#3209 = EDGE_LOOP ( 'NONE', ( #3088, #2802, #601, #422 ) ) ;
#3210 = CARTESIAN_POINT ( 'NONE',  ( 137.4996284165999896, -23.17874786790000030, 23.00000000000000000 ) ) ;
#3211 = DIRECTION ( 'NONE',  ( -1.000000000000000000, 0.000000000000000000, 0.000000000000000000 ) ) ;
#3212 = VECTOR ( 'NONE', #1632, 1000.000000000000227 ) ;
#3213 = ADVANCED_FACE ( 'NONE', ( #3189 ), #3441, .T. ) ;
#3214 = EDGE_LOOP ( 'NONE', ( #464, #6, #2194, #1485 ) ) ;
#3215 = CARTESIAN_POINT ( 'NONE',  ( 73.47932078099999842, 29.21409700420000277, 23.00000000000000000 ) ) ;
#3216 = FACE_OUTER_BOUND ( 'NONE', #1376, .T. ) ;
#3217 = CIRCLE ( 'NONE', #2019, 8.000000000000007105 ) ;
#3218 = ORIENTED_EDGE ( 'NONE', *, *, #3171, .T. ) ;
#3219 = ORIENTED_EDGE ( 'NONE', *, *, #1851, .T. ) ;
#3220 = DIRECTION ( 'NONE',  ( 0.000000000000000000, 0.000000000000000000, 1.000000000000000000 ) ) ;
#3221 = EDGE_CURVE ( 'NONE', #1824, #1957, #189, .T. ) ;
#3222 = DIRECTION ( 'NONE',  ( 0.000000000000000000, 0.000000000000000000, 1.000000000000000000 ) ) ;
#3223 = ORIENTED_EDGE ( 'NONE', *, *, #87, .F. ) ;
#3224 = FACE_OUTER_BOUND ( 'NONE', #3172, .T. ) ;
#3225 = EDGE_CURVE ( 'NONE', #2037, #1838, #2871, .T. ) ;
#3226 = CARTESIAN_POINT ( 'NONE',  ( 73.47932078099999842, 29.21409700420000277, -14.00000000000000000 ) ) ;
#3227 = EDGE_LOOP ( 'NONE', ( #1595, #357, #3237, #3135 ) ) ;
#3228 = FACE_BOUND ( 'NONE', #561, .T. ) ;
#3229 = VECTOR ( 'NONE', #339, 1000.000000000000000 ) ;
#3230 = CIRCLE ( 'NONE', #3232, 234.5000000000000000 ) ;
#3231 = PLANE ( 'NONE',  #340 ) ;
#3232 = AXIS2_PLACEMENT_3D ( 'NONE', #2783, #1373, #273 ) ;
#3233 = EDGE_CURVE ( 'NONE', #1381, #1873, #923, .T. ) ;
#3234 = EDGE_CURVE ( 'NONE', #1069, #2728, #1825, .T. ) ;
#3235 = DIRECTION ( 'NONE',  ( -1.000000000000000000, 0.000000000000000000, 0.000000000000000000 ) ) ;
#3236 = CARTESIAN_POINT ( 'NONE',  ( -21.20039767200000114, -0.7369793489000050490, -20.00000000000000000 ) ) ;
#3237 = ORIENTED_EDGE ( 'NONE', *, *, #3121, .T. ) ;
#3238 = ORIENTED_EDGE ( 'NONE', *, *, #119, .T. ) ;
#3239 = FACE_OUTER_BOUND ( 'NONE', #1249, .T. ) ;
#3240 = CIRCLE ( 'NONE', #316, 234.5000000000000000 ) ;
#3241 = VERTEX_POINT ( 'NONE', #1224 ) ;
#3242 = DIRECTION ( 'NONE',  ( -1.000000000000000000, 0.000000000000000000, 0.000000000000000000 ) ) ;
#3243 = ORIENTED_EDGE ( 'NONE', *, *, #2545, .F. ) ;
#3244 = EDGE_CURVE ( 'NONE', #2288, #3094, #1328, .T. ) ;
#3245 = LINE ( 'NONE', #2672, #2361 ) ;
#3246 = EDGE_CURVE ( 'NONE', #1394, #52, #3421, .T. ) ;
#3247 = DIRECTION ( 'NONE',  ( 0.7312459006883245127, 0.6821139440933026155, 0.000000000000000000 ) ) ;
#3248 = CLOSED_SHELL ( 'NONE', ( #2457, #2248, #446, #1698, #2617, #2385, #3001, #3352, #2609, #163, #3287, #2797, #1673, #313, #3502, #1046, #1852, #1524, #845, #3362, #2161, #1108, #1082, #3457, #1159, #3342, #2088, #1231, #2537, #1593, #220, #1868, #3390, #2524, #1580, #1415, #3330, #1969, #568, #3508, #585, #3052, #791, #2436, #2943, #616, #532, #525, #3493, #414, #1961, #1331, #3488, #2065, #2052, #592, #1883, #1920, #1459, #1815, #3177, #1594, #2282, #349, #3269, #3119, #3322, #1934, #3426, #1968, #2603, #947, #1741, #2017, #2645, #3105, #77, #49, #1341, #2274, #106, #3213, #1337, #2731, #2960, #2425, #427, #3013, #3049, #1314, #971, #977, #2754, #2977, #3194, #1486, #3058, #2753, #75, #1625, #229, #1574, #327, #704, #779 ) ) ;
#3249 = ORIENTED_EDGE ( 'NONE', *, *, #374, .T. ) ;
#3250 = FACE_BOUND ( 'NONE', #3509, .T. ) ;
#3251 = EDGE_CURVE ( 'NONE', #645, #1821, #3389, .T. ) ;
#3252 = CIRCLE ( 'NONE', #230, 8.000000000000000000 ) ;
#3253 = CARTESIAN_POINT ( 'NONE',  ( 11.88242043099999989, 58.46543029139999703, -10.00000000000000000 ) ) ;
#3254 = CARTESIAN_POINT ( 'NONE',  ( -2.228392043999995131, -72.29535337059999733, 23.00000000000000000 ) ) ;
#3255 = EDGE_CURVE ( 'NONE', #2401, #116, #1259, .T. ) ;
#3256 = ORIENTED_EDGE ( 'NONE', *, *, #463, .T. ) ;
#3257 = ORIENTED_EDGE ( 'NONE', *, *, #161, .T. ) ;
#3258 = CARTESIAN_POINT ( 'NONE',  ( 90.15529823369999463, 46.80710277629999894, -20.00000000000000000 ) ) ;
#3259 = VECTOR ( 'NONE', #2112, 1000.000000000000114 ) ;
#3260 = CARTESIAN_POINT ( 'NONE',  ( 379.0277546049999842, 21.20039767169999934, -20.00000000000000000 ) ) ;
#3261 = CARTESIAN_POINT ( 'NONE',  ( 4.006131555999994376, -30.85257633249999998, 23.00000000000000000 ) ) ;
#3262 = VERTEX_POINT ( 'NONE', #2602 ) ;
#3263 = CARTESIAN_POINT ( 'NONE',  ( 283.7804910613000402, -38.62084894709999361, 23.00000000000000000 ) ) ;
#3264 = VECTOR ( 'NONE', #860, 1000.000000000000227 ) ;
#3265 = CYLINDRICAL_SURFACE ( 'NONE', #697, 8.000000000000001776 ) ;
#3266 = ORIENTED_EDGE ( 'NONE', *, *, #894, .F. ) ;
#3267 = CARTESIAN_POINT ( 'NONE',  ( 399.4911729280000259, -0.7369793489000050490, -20.00000000000000000 ) ) ;
#3268 = APPLICATION_CONTEXT ( 'configuration controlled 3d designs of mechanical parts and assemblies' ) ;
#3269 = ADVANCED_FACE ( 'NONE', ( #3117 ), #1007, .T. ) ;
#3270 = CIRCLE ( 'NONE', #1777, 438.0000000000000000 ) ;
#3271 = DIRECTION ( 'NONE',  ( -0.9906290290583601443, 0.1365801112420497732, 0.000000000000000000 ) ) ;
#3272 = AXIS2_PLACEMENT_3D ( 'NONE', #2721, #850, #1103 ) ;
#3273 = ORIENTED_EDGE ( 'NONE', *, *, #3065, .F. ) ;
#3274 = DIRECTION ( 'NONE',  ( 0.000000000000000000, 0.000000000000000000, 1.000000000000000000 ) ) ;
#3275 = AXIS2_PLACEMENT_3D ( 'NONE', #1457, #2830, #1668 ) ;
#3276 = DIRECTION ( 'NONE',  ( 0.000000000000000000, 0.000000000000000000, -1.000000000000000000 ) ) ;
#3277 = DIRECTION ( 'NONE',  ( -0.6821139440933030595, 0.7312459006883240686, 0.000000000000000000 ) ) ;
#3278 = CARTESIAN_POINT ( 'NONE',  ( 70.68150199400000133, -44.59954985771000224, -14.00000000000000000 ) ) ;
#3279 = VERTEX_POINT ( 'NONE', #931 ) ;
#3280 = LINE ( 'NONE', #2936, #3212 ) ;
#3281 = EDGE_CURVE ( 'NONE', #384, #2426, #1790, .T. ) ;
#3282 = EDGE_CURVE ( 'NONE', #905, #379, #720, .T. ) ;
#3283 = PLANE ( 'NONE',  #3495 ) ;
#3284 = VERTEX_POINT ( 'NONE', #2846 ) ;
#3285 = ORIENTED_EDGE ( 'NONE', *, *, #2314, .T. ) ;
#3286 = CARTESIAN_POINT ( 'NONE',  ( 390.3619775960000311, -51.18737806875800089, 4.500000000000000000 ) ) ;
#3287 = ADVANCED_FACE ( 'NONE', ( #458 ), #404, .F. ) ;
#3288 = DIRECTION ( 'NONE',  ( 0.000000000000000000, 0.000000000000000000, -1.000000000000000000 ) ) ;
#3289 = VECTOR ( 'NONE', #1657, 1000.000000000000000 ) ;
#3290 = ORIENTED_EDGE ( 'NONE', *, *, #1796, .F. ) ;
#3291 = DIRECTION ( 'NONE',  ( 0.000000000000000000, 0.000000000000000000, 1.000000000000000000 ) ) ;
#3292 = ORIENTED_EDGE ( 'NONE', *, *, #2058, .T. ) ;
#3293 = LINE ( 'NONE', #1627, #1670 ) ;
#3294 = DIRECTION ( 'NONE',  ( -0.000000000000000000, -0.000000000000000000, -1.000000000000000000 ) ) ;
#3295 = DIRECTION ( 'NONE',  ( 0.000000000000000000, 0.000000000000000000, 1.000000000000000000 ) ) ;
#3296 = VERTEX_POINT ( 'NONE', #440 ) ;
#3297 = CARTESIAN_POINT ( 'NONE',  ( 257.7279841202000625, 41.09212283899999818, -14.00000000000000000 ) ) ;
#3298 = ORIENTED_EDGE ( 'NONE', *, *, #156, .T. ) ;
#3299 = VERTEX_POINT ( 'NONE', #989 ) ;
#3300 = DIRECTION ( 'NONE',  ( -1.000000000000000000, 0.000000000000000000, 0.000000000000000000 ) ) ;
#3301 = CARTESIAN_POINT ( 'NONE',  ( 240.7911468393999996, -23.17874786790000030, 23.00000000000000000 ) ) ;
#3302 = CIRCLE ( 'NONE', #1756, 8.000000000000007105 ) ;
#3303 = EDGE_LOOP ( 'NONE', ( #2743, #2725, #284, #766 ) ) ;
#3304 = CARTESIAN_POINT ( 'NONE',  ( 48.78285014000000075, -95.40649841779999463, -20.00000000000000000 ) ) ;
#3305 = EDGE_LOOP ( 'NONE', ( #3486, #1015, #3382, #1351 ) ) ;
#3306 = CARTESIAN_POINT ( 'NONE',  ( 399.4911729280000259, -0.7369793489000050490, 0.000000000000000000 ) ) ;
#3307 = VECTOR ( 'NONE', #1763, 1000.000000000000000 ) ;
#3308 = CARTESIAN_POINT ( 'NONE',  ( 360.8171562480000603, -54.63840756859000436, 23.00000000000000000 ) ) ;
#3309 = DIRECTION ( 'NONE',  ( 0.000000000000000000, 0.000000000000000000, -1.000000000000000000 ) ) ;
#3310 = AXIS2_PLACEMENT_3D ( 'NONE', #3414, #1747, #2039 ) ;
#3311 = VERTEX_POINT ( 'NONE', #3136 ) ;
#3312 = CARTESIAN_POINT ( 'NONE',  ( 29.02826193199999949, -14.57291043640000083, 4.500000000000000000 ) ) ;
#3313 = CARTESIAN_POINT ( 'NONE',  ( 22.66288947299999990, -0.6272485393000040155, -20.00000000000000000 ) ) ;
#3314 = ORIENTED_EDGE ( 'NONE', *, *, #695, .F. ) ;
#3315 = CARTESIAN_POINT ( 'NONE',  ( 189.1453876279999804, -51.87514531060000422, 23.00000000000000000 ) ) ;
#3316 = CIRCLE ( 'NONE', #3030, 6.500000000000005329 ) ;
#3317 = LINE ( 'NONE', #1996, #3264 ) ;
#3318 = EDGE_CURVE ( 'NONE', #2530, #2280, #1523, .T. ) ;
#3319 = EDGE_CURVE ( 'NONE', #996, #1667, #2299, .T. ) ;
#3320 = CIRCLE ( 'NONE', #2354, 8.000000000000007105 ) ;
#3321 = DIRECTION ( 'NONE',  ( 0.000000000000000000, 0.000000000000000000, 1.000000000000000000 ) ) ;
#3322 = ADVANCED_FACE ( 'NONE', ( #7 ), #771, .F. ) ;
#3323 = EDGE_LOOP ( 'NONE', ( #3454, #2196, #123, #3347, #1028, #142, #2968, #1282 ) ) ;
#3324 = CARTESIAN_POINT ( 'NONE',  ( 385.4405723510000144, -61.74136567456000080, -14.00000000000000000 ) ) ;
#3325 = EDGE_LOOP ( 'NONE', ( #1032, #132, #2720, #1599 ) ) ;
#3326 = DIRECTION ( 'NONE',  ( -0.4226182545458444517, 0.9063077903916658684, 0.000000000000000000 ) ) ;
#3327 = AXIS2_PLACEMENT_3D ( 'NONE', #2156, #3190, #2956 ) ;
#3328 = CARTESIAN_POINT ( 'NONE',  ( 47.92612905999999384, 57.54289668739999541, -20.00000000000000000 ) ) ;
#3329 = PLANE ( 'NONE',  #2047 ) ;
#3330 = ADVANCED_FACE ( 'NONE', ( #3224, #2972 ), #276, .T. ) ;
#3331 = ORIENTED_EDGE ( 'NONE', *, *, #1849, .F. ) ;
#3332 = FACE_OUTER_BOUND ( 'NONE', #1491, .T. ) ;
#3333 = VECTOR ( 'NONE', #970, 1000.000000000000000 ) ;
#3334 = CARTESIAN_POINT ( 'NONE',  ( 43.46910246899999919, -53.21047732000000252, -14.00000000000000000 ) ) ;
#3335 = VERTEX_POINT ( 'NONE', #2726 ) ;
#3336 = CARTESIAN_POINT ( 'NONE',  ( 129.5745961840999882, -24.27138875780000049, -14.00000000000000000 ) ) ;
#3337 = DIRECTION ( 'NONE',  ( 0.000000000000000000, 0.000000000000000000, -1.000000000000000000 ) ) ;
#3338 = DIRECTION ( 'NONE',  ( 0.4226182545458444517, -0.9063077903916658684, 0.000000000000000000 ) ) ;
#3339 = ORIENTED_EDGE ( 'NONE', *, *, #1315, .T. ) ;
#3340 = CARTESIAN_POINT ( 'NONE',  ( 249.8029518877000044, 42.18476372899999660, 4.500000000000000000 ) ) ;
#3341 = CARTESIAN_POINT ( 'NONE',  ( 389.2594637670000566, 10.23170916139999953, 0.000000000000000000 ) ) ;
#3342 = ADVANCED_FACE ( 'NONE', ( #2993 ), #3510, .T. ) ;
#3343 = ORIENTED_EDGE ( 'NONE', *, *, #1904, .T. ) ;
#3344 = CARTESIAN_POINT ( 'NONE',  ( 189.1453876279999804, -475.2751453106000099, 0.000000000000000000 ) ) ;
#3345 = LINE ( 'NONE', #1122, #1322 ) ;
#3346 = ORIENTED_EDGE ( 'NONE', *, *, #2792, .T. ) ;
#3347 = ORIENTED_EDGE ( 'NONE', *, *, #1041, .F. ) ;
#3348 = AXIS2_PLACEMENT_3D ( 'NONE', #3358, #2592, #356 ) ;
#3349 = CARTESIAN_POINT ( 'NONE',  ( -9.352278979000040238, -49.91952328353000468, 4.500000000000000000 ) ) ;
#3350 = ORIENTED_EDGE ( 'NONE', *, *, #3281, .T. ) ;
#3351 = EDGE_CURVE ( 'NONE', #906, #1748, #3280, .T. ) ;
#3352 = ADVANCED_FACE ( 'NONE', ( #1076 ), #2155, .F. ) ;
#3353 = ORIENTED_EDGE ( 'NONE', *, *, #264, .F. ) ;
#3354 = LINE ( 'NONE', #2479, #1098 ) ;
#3355 = CARTESIAN_POINT ( 'NONE',  ( 69.69255019099999515, -12.17867072259999972, 23.00000000000000000 ) ) ;
#3356 = DIRECTION ( 'NONE',  ( -1.000000000000000000, 0.000000000000000000, 0.000000000000000000 ) ) ;
#3357 = ORIENTED_EDGE ( 'NONE', *, *, #2012, .F. ) ;
#3358 = CARTESIAN_POINT ( 'NONE',  ( 189.1453876279999804, -174.7751453105999815, -14.00000000000000000 ) ) ;
#3359 = ORIENTED_EDGE ( 'NONE', *, *, #1788, .F. ) ;
#3360 = FACE_OUTER_BOUND ( 'NONE', #2252, .T. ) ;
#3361 = VECTOR ( 'NONE', #1367, 1000.000000000000000 ) ;
#3362 = ADVANCED_FACE ( 'NONE', ( #823 ), #1326, .F. ) ;
#3363 = ORIENTED_EDGE ( 'NONE', *, *, #3373, .T. ) ;
#3364 = CARTESIAN_POINT ( 'NONE',  ( 283.7804910613000402, -38.62084894709999361, -14.00000000000000000 ) ) ;
#3365 = LINE ( 'NONE', #921, #1879 ) ;
#3366 = ORIENTED_EDGE ( 'NONE', *, *, #3221, .F. ) ;
#3367 = CIRCLE ( 'NONE', #1817, 7.999999999999992895 ) ;
#3368 = CARTESIAN_POINT ( 'NONE',  ( -12.07120233999999925, -51.18737806875800089, 23.00000000000000000 ) ) ;
#3369 = CARTESIAN_POINT ( 'NONE',  ( 337.4824268539999821, -45.66591717405000139, -14.00000000000000000 ) ) ;
#3370 = DIRECTION ( 'NONE',  ( -1.000000000000000000, 0.000000000000000000, 0.000000000000000000 ) ) ;
#3371 = EDGE_LOOP ( 'NONE', ( #2336, #1057, #389, #2953 ) ) ;
#3372 = CARTESIAN_POINT ( 'NONE',  ( 128.4878233683000133, 42.18476372899999660, 23.00000000000000000 ) ) ;
#3373 = EDGE_CURVE ( 'NONE', #2765, #807, #2643, .T. ) ;
#3374 = DIRECTION ( 'NONE',  ( 0.000000000000000000, 0.000000000000000000, -1.000000000000000000 ) ) ;
#3375 = AXIS2_PLACEMENT_3D ( 'NONE', #1476, #3118, #3443 ) ;
#3376 = DIRECTION ( 'NONE',  ( 0.2779853360529210282, 0.9605853178867271858, 0.000000000000000000 ) ) ;
#3377 = LINE ( 'NONE', #2834, #3006 ) ;
#3378 = DIRECTION ( 'NONE',  ( -1.000000000000000000, 0.000000000000000000, 0.000000000000000000 ) ) ;
#3379 = ORIENTED_EDGE ( 'NONE', *, *, #2893, .F. ) ;
#3380 = CARTESIAN_POINT ( 'NONE',  ( 312.4586760619999950, -54.99210628144000168, 0.000000000000000000 ) ) ;
#3381 = CARTESIAN_POINT ( 'NONE',  ( 155.0688986298999907, -29.60273617809999891, 4.500000000000000000 ) ) ;
#3382 = ORIENTED_EDGE ( 'NONE', *, *, #1975, .T. ) ;
#3383 = CARTESIAN_POINT ( 'NONE',  ( 389.0025159150000036, -50.55345067615000687, 23.00000000000000000 ) ) ;
#3384 = APPROVAL_ROLE ( '' ) ;
#3385 = CARTESIAN_POINT ( 'NONE',  ( 18.56285256799995054, -100.1763767319999943, -20.00000000000000000 ) ) ;
#3386 = ORIENTED_EDGE ( 'NONE', *, *, #3208, .T. ) ;
#3387 = AXIS2_PLACEMENT_3D ( 'NONE', #939, #3107, #409 ) ;
#3388 = DIRECTION ( 'NONE',  ( 0.4369264371650808942, 0.8994972420781670586, 0.000000000000000000 ) ) ;
#3389 = CIRCLE ( 'NONE', #533, 7.500000000000000000 ) ;
#3390 = ADVANCED_FACE ( 'NONE', ( #1878, #1343 ), #1913, .T. ) ;
#3391 = EDGE_CURVE ( 'NONE', #1578, #2556, #3245, .T. ) ;
#3392 = AXIS2_PLACEMENT_3D ( 'NONE', #2932, #984, #2898 ) ;
#3393 = FACE_OUTER_BOUND ( 'NONE', #2090, .T. ) ;
#3394 = AXIS2_PLACEMENT_3D ( 'NONE', #1039, #3487, #2119 ) ;
#3395 = PLANE ( 'NONE',  #773 ) ;
#3396 = CARTESIAN_POINT ( 'NONE',  ( 33.32726672399999757, -48.50024547803000274, 23.00000000000000000 ) ) ;
#3397 = CARTESIAN_POINT ( 'NONE',  ( 329.5079251159999671, -95.40649841779999463, 0.000000000000000000 ) ) ;
#3398 = VERTEX_POINT ( 'NONE', #2656 ) ;
#3399 = CARTESIAN_POINT ( 'NONE',  ( 189.1453876279999804, -466.2751453106000099, 4.500000000000000000 ) ) ;
#3400 = DIRECTION ( 'NONE',  ( 0.000000000000000000, 0.000000000000000000, 1.000000000000000000 ) ) ;
#3401 = ORIENTED_EDGE ( 'NONE', *, *, #58, .F. ) ;
#3402 = DIRECTION ( 'NONE',  ( 0.000000000000000000, 0.000000000000000000, 1.000000000000000000 ) ) ;
#3403 = DATE_TIME_ROLE ( 'classification_date' ) ;
#3404 = AXIS2_PLACEMENT_3D ( 'NONE', #1465, #111, #3378 ) ;
#3405 = CARTESIAN_POINT ( 'NONE',  ( 285.5089861011000494, -30.80981157060000086, 23.00000000000000000 ) ) ;
#3406 = CIRCLE ( 'NONE', #1682, 438.0000000000000000 ) ;
#3407 = VERTEX_POINT ( 'NONE', #3263 ) ;
#3408 = DIRECTION ( 'NONE',  ( 0.000000000000000000, 0.000000000000000000, 1.000000000000000000 ) ) ;
#3409 = FACE_OUTER_BOUND ( 'NONE', #1835, .T. ) ;
#3410 = DIRECTION ( 'NONE',  ( 0.000000000000000000, 0.000000000000000000, 1.000000000000000000 ) ) ;
#3411 = CARTESIAN_POINT ( 'NONE',  ( 10.32218293600000081, -35.76251471980000218, -14.00000000000000000 ) ) ;
#3412 = DIRECTION ( 'NONE',  ( -0.000000000000000000, -0.000000000000000000, -1.000000000000000000 ) ) ;
#3413 = FACE_OUTER_BOUND ( 'NONE', #1858, .T. ) ;
#3414 = CARTESIAN_POINT ( 'NONE',  ( 322.7928180159999556, 8.092605675799998011, 4.500000000000000000 ) ) ;
#3415 = VERTEX_POINT ( 'NONE', #1292 ) ;
#3416 = ORIENTED_EDGE ( 'NONE', *, *, #1048, .T. ) ;
#3417 = PERSON_AND_ORGANIZATION ( #2485, #195 ) ;
#3418 = AXIS2_PLACEMENT_3D ( 'NONE', #466, #1549, #2648 ) ;
#3419 = DIRECTION ( 'NONE',  ( 0.7312459006883240686, 0.6821139440933030595, 0.000000000000000000 ) ) ;
#3420 = ORIENTED_EDGE ( 'NONE', *, *, #161, .F. ) ;
#3421 = LINE ( 'NONE', #1475, #3333 ) ;
#3422 = DIRECTION ( 'NONE',  ( 0.000000000000000000, 0.000000000000000000, 1.000000000000000000 ) ) ;
#3423 = ORIENTED_EDGE ( 'NONE', *, *, #810, .F. ) ;
#3424 = VERTEX_POINT ( 'NONE', #1022 ) ;
#3425 = LINE ( 'NONE', #2072, #2377 ) ;
#3426 = ADVANCED_FACE ( 'NONE', ( #1616 ), #223, .T. ) ;
#3427 = LINE ( 'NONE', #2074, #1929 ) ;
#3428 = VECTOR ( 'NONE', #2587, 1000.000000000000114 ) ;
#3429 = ORIENTED_EDGE ( 'NONE', *, *, #83, .T. ) ;
#3430 = CARTESIAN_POINT ( 'NONE',  ( 312.4586760569999910, -54.99210629891000224, -10.00000000000000000 ) ) ;
#3431 = EDGE_CURVE ( 'NONE', #1771, #2037, #309, .T. ) ;
#3432 = DIRECTION ( 'NONE',  ( 0.000000000000000000, 0.000000000000000000, -1.000000000000000000 ) ) ;
#3433 = ORIENTED_EDGE ( 'NONE', *, *, #966, .F. ) ;
#3434 = DIRECTION ( 'NONE',  ( 0.000000000000000000, 0.000000000000000000, -1.000000000000000000 ) ) ;
#3435 = COORDINATED_UNIVERSAL_TIME_OFFSET ( 8, 0, .AHEAD. ) ;
#3436 = LINE ( 'NONE', #3385, #2920 ) ;
#3437 = VECTOR ( 'NONE', #3309, 1000.000000000000000 ) ;
#3438 = EDGE_CURVE ( 'NONE', #854, #975, #3470, .T. ) ;
#3439 = EDGE_CURVE ( 'NONE', #1642, #1843, #1844, .T. ) ;
#3440 = ORIENTED_EDGE ( 'NONE', *, *, #1411, .F. ) ;
#3441 = PLANE ( 'NONE',  #193 ) ;
#3442 = VECTOR ( 'NONE', #1344, 1000.000000000000227 ) ;
#3443 = DIRECTION ( 'NONE',  ( 0.5332293572801281023, -0.8459707161212032256, 0.000000000000000000 ) ) ;
#3444 = AXIS2_PLACEMENT_3D ( 'NONE', #1360, #804, #2690 ) ;
#3445 = ORIENTED_EDGE ( 'NONE', *, *, #483, .F. ) ;
#3446 = EDGE_LOOP ( 'NONE', ( #2740, #2576, #1301, #2164 ) ) ;
#3447 = DIRECTION ( 'NONE',  ( 0.000000000000000000, 0.000000000000000000, 1.000000000000000000 ) ) ;
#3448 = VERTEX_POINT ( 'NONE', #509 ) ;
#3449 = CARTESIAN_POINT ( 'NONE',  ( 118.1404477718999999, 48.71657381140000354, 23.00000000000000000 ) ) ;
#3450 = DIRECTION ( 'NONE',  ( 0.000000000000000000, 0.000000000000000000, 1.000000000000000000 ) ) ;
#3451 = EDGE_LOOP ( 'NONE', ( #3366, #2760, #1452, #3353 ) ) ;
#3452 = CARTESIAN_POINT ( 'NONE',  ( 54.42612905999999384, 57.54289668739999541, -20.00000000000000000 ) ) ;
#3453 = CARTESIAN_POINT ( 'NONE',  ( 189.1453876279999804, -174.7751453105999815, -14.00000000000000000 ) ) ;
#3454 = ORIENTED_EDGE ( 'NONE', *, *, #335, .F. ) ;
#3455 = CARTESIAN_POINT ( 'NONE',  ( 315.6501118580000025, 90.45919172840000044, -10.00000000000000000 ) ) ;
#3456 = CARTESIAN_POINT ( 'NONE',  ( 129.5745961840999882, -24.27138875780000049, 23.00000000000000000 ) ) ;
#3457 = ADVANCED_FACE ( 'NONE', ( #1309 ), #2140, .F. ) ;
#3458 = AXIS2_PLACEMENT_3D ( 'NONE', #587, #2505, #1121 ) ;
#3459 = EDGE_LOOP ( 'NONE', ( #3033, #1509 ) ) ;
#3460 = AXIS2_PLACEMENT_3D ( 'NONE', #2711, #3513, #562 ) ;
#3461 = DIRECTION ( 'NONE',  ( -1.000000000000000000, 0.000000000000000000, 0.000000000000000000 ) ) ;
#3462 = ORIENTED_EDGE ( 'NONE', *, *, #633, .T. ) ;
#3463 = LINE ( 'NONE', #2095, #514 ) ;
#3464 = LINE ( 'NONE', #502, #786 ) ;
#3465 = VERTEX_POINT ( 'NONE', #1124 ) ;
#3466 = CARTESIAN_POINT ( 'NONE',  ( 378.2907752560000176, 0.000000000000000000, 1.500000000000000000 ) ) ;
#3467 = EDGE_LOOP ( 'NONE', ( #3266, #1811, #2751, #1126 ) ) ;
#3468 = DIRECTION ( 'NONE',  ( 0.4226182545458444517, -0.9063077903916658684, 0.000000000000000000 ) ) ;
#3469 = EDGE_LOOP ( 'NONE', ( #2375, #539, #113, #3285, #682, #1447, #2478, #1795 ) ) ;
#3470 = LINE ( 'NONE', #3205, #1845 ) ;
#3471 = LINE ( 'NONE', #1311, #2357 ) ;
#3472 = CIRCLE ( 'NONE', #2566, 234.5000000000000000 ) ;
#3473 = VERTEX_POINT ( 'NONE', #311 ) ;
#3474 = LINE ( 'NONE', #246, #438 ) ;
#3475 = EDGE_CURVE ( 'NONE', #3279, #3311, #536, .T. ) ;
#3476 = CARTESIAN_POINT ( 'NONE',  ( 223.8442782516000022, -21.62698441310000064, 23.00000000000000000 ) ) ;
#3477 = EDGE_LOOP ( 'NONE', ( #2744, #3077, #138, #2128 ) ) ;
#3478 = LINE ( 'NONE', #1516, #686 ) ;
#3479 = DIRECTION ( 'NONE',  ( -1.000000000000000000, 0.000000000000000000, 0.000000000000000000 ) ) ;
#3480 = VERTEX_POINT ( 'NONE', #907 ) ;
#3481 = ORIENTED_EDGE ( 'NONE', *, *, #2955, .F. ) ;
#3482 = DIRECTION ( 'NONE',  ( 0.000000000000000000, 0.000000000000000000, -1.000000000000000000 ) ) ;
#3483 = ORIENTED_EDGE ( 'NONE', *, *, #856, .T. ) ;
#3484 = ORIENTED_EDGE ( 'NONE', *, *, #2824, .T. ) ;
#3485 = DIRECTION ( 'NONE',  ( -0.8459707161212033366, -0.5332293572801282133, 0.000000000000000000 ) ) ;
#3486 = ORIENTED_EDGE ( 'NONE', *, *, #789, .F. ) ;
#3487 = DIRECTION ( 'NONE',  ( 0.000000000000000000, 0.000000000000000000, 1.000000000000000000 ) ) ;
#3488 = ADVANCED_FACE ( 'NONE', ( #2217 ), #2548, .F. ) ;
#3489 = VECTOR ( 'NONE', #2064, 1000.000000000000000 ) ;
#3490 = CARTESIAN_POINT ( 'NONE',  ( 39.45037820199999601, 14.72874426789999980, -10.00000000000000000 ) ) ;
#3491 = ORIENTED_EDGE ( 'NONE', *, *, #703, .F. ) ;
#3492 = DIRECTION ( 'NONE',  ( 0.000000000000000000, 0.000000000000000000, -1.000000000000000000 ) ) ;
#3493 = ADVANCED_FACE ( 'NONE', ( #1143 ), #1184, .F. ) ;
#3494 = EDGE_CURVE ( 'NONE', #797, #902, #1445, .T. ) ;
#3495 = AXIS2_PLACEMENT_3D ( 'NONE', #2203, #2774, #1915 ) ;
#3496 = FACE_OUTER_BOUND ( 'NONE', #461, .T. ) ;
#3497 = VECTOR ( 'NONE', #1933, 1000.000000000000114 ) ;
#3498 = DIRECTION ( 'NONE',  ( 0.000000000000000000, 0.000000000000000000, 1.000000000000000000 ) ) ;
#3499 = PLANE ( 'NONE',  #2967 ) ;
#3500 = CIRCLE ( 'NONE', #3392, 8.000000000000007105 ) ;
#3501 = EDGE_CURVE ( 'NONE', #2914, #93, #480, .T. ) ;
#3502 = ADVANCED_FACE ( 'NONE', ( #3332 ), #626, .F. ) ;
#3503 = ORIENTED_EDGE ( 'NONE', *, *, #3246, .T. ) ;
#3504 = ORIENTED_EDGE ( 'NONE', *, *, #373, .T. ) ;
#3505 = CARTESIAN_POINT ( 'NONE',  ( 189.1453876279999804, -174.7751453105999815, 4.500000000000000000 ) ) ;
#3506 = ORIENTED_EDGE ( 'NONE', *, *, #3233, .T. ) ;
#3507 = DIRECTION ( 'NONE',  ( 0.000000000000000000, 0.000000000000000000, 1.000000000000000000 ) ) ;
#3508 = ADVANCED_FACE ( 'NONE', ( #3025 ), #837, .F. ) ;
#3509 = EDGE_LOOP ( 'NONE', ( #2757, #1582, #1877, #1200, #677, #3379, #497, #1346 ) ) ;
#3510 = PLANE ( 'NONE',  #758 ) ;
#3511 = DIRECTION ( 'NONE',  ( 0.000000000000000000, 0.000000000000000000, 1.000000000000000000 ) ) ;
#3512 = VERTEX_POINT ( 'NONE', #1107 ) ;
#3513 = DIRECTION ( 'NONE',  ( 0.000000000000000000, 0.000000000000000000, 1.000000000000000000 ) ) ;
#3514 = EDGE_CURVE ( 'NONE', #2884, #384, #1619, .T. ) ;
#3515 = CIRCLE ( 'NONE', #2773, 8.000000000000007105 ) ;
#3516 = FACE_OUTER_BOUND ( 'NONE', #2889, .T. ) ;
#3517 = CIRCLE ( 'NONE', #1974, 438.0000000000000000 ) ;
#3518 = DIRECTION ( 'NONE',  ( -0.3465986505270888252, 0.9380135262632416371, 0.000000000000000000 ) ) ;
#3519 = CARTESIAN_POINT ( 'NONE',  ( 25.66639931599999969, 36.59708727969999842, -20.00000000000000000 ) ) ;
#3520 = ORIENTED_EDGE ( 'NONE', *, *, #2493, .T. ) ;
#3521 = EDGE_LOOP ( 'NONE', ( #930, #1762, #2663, #3011 ) ) ;
#3522 = CARTESIAN_POINT ( 'NONE',  ( 308.5501731169999857, 20.03109304279999847, 4.500000000000000000 ) ) ;
#3523 = EDGE_LOOP ( 'NONE', ( #1717, #3346, #1808, #508 ) ) ;
#3524 = FACE_OUTER_BOUND ( 'NONE', #3451, .T. ) ;
#3525 = CARTESIAN_POINT ( 'NONE',  ( 189.1453876279999804, -174.7751453105999815, 4.500000000000000000 ) ) ;
#3526 = ORIENTED_EDGE ( 'NONE', *, *, #1336, .T. ) ;
#3527 = CARTESIAN_POINT ( 'NONE',  ( 315.6501118580000025, 90.45919172840000044, -20.00000000000000000 ) ) ;
#3528 = EDGE_CURVE ( 'NONE', #803, #2470, #1664, .T. ) ;
#3529 = CYLINDRICAL_SURFACE ( 'NONE', #3155, 8.000000000000001776 ) ;
#3530 = AXIS2_PLACEMENT_3D ( 'NONE', #2415, #3220, #782 ) ;
#3531 = VERTEX_POINT ( 'NONE', #60 ) ;
#3532 = CARTESIAN_POINT ( 'NONE',  ( 189.1453876279999804, -475.2751453106000099, 0.000000000000000000 ) ) ;
#3533 = CIRCLE ( 'NONE', #2340, 8.000000000000007105 ) ;
#3534 = AXIS2_PLACEMENT_3D ( 'NONE', #1248, #1546, #1514 ) ;
#3535 = LINE ( 'NONE', #2480, #1130 ) ;
#3536 = EDGE_LOOP ( 'NONE', ( #1176, #2947, #3429, #1308 ) ) ;
#3537 = CARTESIAN_POINT ( 'NONE',  ( 368.7394876010000075, -75.78802504909999982, 0.000000000000000000 ) ) ;
ENDSEC;
END-ISO-10303-21;
