ISO-10303-21;
HEADER;
FILE_DESCRIPTION (( 'STEP AP203' ),
    '1' );
FILE_NAME ('maopi1.STEP',
    '2025-10-24T11:07:00',
    ( '' ),
    ( '' ),
    'SwSTEP 2.0',
    'SolidWorks 2025',
    '' );
FILE_SCHEMA (( 'CONFIG_CONTROL_DESIGN' ));
ENDSEC;

DATA;
#1 = PERSON_AND_ORGANIZATION ( #1004, #1537 ) ;
#2 = LINE ( 'NONE', #629, #652 ) ;
#3 = ORIENTED_EDGE ( 'NONE', *, *, #62, .T. ) ;
#4 = VERTEX_POINT ( 'NONE', #642 ) ;
#5 = CARTESIAN_POINT ( 'NONE',  ( 189.1453876279999804, -165.7751453106000099, 0.000000000000000000 ) ) ;
#6 = CARTESIAN_POINT ( 'NONE',  ( 189.1453876279999236, -475.2751453106000099, -20.00000000000000000 ) ) ;
#7 = DATE_AND_TIME ( #860, #152 ) ;
#8 = CARTESIAN_POINT ( 'NONE',  ( 2.930717050999981588, -23.24673950400000422, 4.500000000000000888 ) ) ;
#9 = FACE_BOUND ( 'NONE', #1328, .T. ) ;
#10 = ADVANCED_FACE ( 'NONE', ( #9, #171 ), #53, .T. ) ;
#11 = EDGE_LOOP ( 'NONE', ( #443, #1454, #849, #1114 ) ) ;
#12 = LINE ( 'NONE', #252, #981 ) ;
#13 = EDGE_CURVE ( 'NONE', #1083, #1555, #1005, .T. ) ;
#14 = VERTEX_POINT ( 'NONE', #1042 ) ;
#15 = FACE_OUTER_BOUND ( 'NONE', #494, .T. ) ;
#16 = CARTESIAN_POINT ( 'NONE',  ( 2.930717050999981588, -23.24673950400000422, -20.00000000000000000 ) ) ;
#17 = EDGE_CURVE ( 'NONE', #944, #835, #707, .T. ) ;
#18 = DATE_TIME_ROLE ( 'creation_date' ) ;
#19 = DIRECTION ( 'NONE',  ( 0.5332293572801282133, -0.8459707161212033366, 0.000000000000000000 ) ) ;
#20 = VERTEX_POINT ( 'NONE', #807 ) ;
#21 = DIRECTION ( 'NONE',  ( -1.000000000000000000, 0.000000000000000000, 0.000000000000000000 ) ) ;
#22 = VERTEX_POINT ( 'NONE', #1279 ) ;
#23 = DIRECTION ( 'NONE',  ( -1.000000000000000000, 0.000000000000000000, 0.000000000000000000 ) ) ;
#24 = AXIS2_PLACEMENT_3D ( 'NONE', #934, #81, #1055 ) ;
#25 = LINE ( 'NONE', #421, #663 ) ;
#26 = EDGE_LOOP ( 'NONE', ( #1545, #497, #1380, #340, #997, #1046 ) ) ;
#27 = DIRECTION ( 'NONE',  ( 0.7312459006883245127, -0.6821139440933026155, 0.000000000000000000 ) ) ;
#28 = AXIS2_PLACEMENT_3D ( 'NONE', #1467, #1023, #287 ) ;
#29 = EDGE_LOOP ( 'NONE', ( #1131, #343, #182, #1532 ) ) ;
#30 = CARTESIAN_POINT ( 'NONE',  ( 189.1453876279999236, -475.2751453106000099, 0.000000000000000000 ) ) ;
#31 = LINE ( 'NONE', #1514, #571 ) ;
#32 = CARTESIAN_POINT ( 'NONE',  ( 329.5079251159999671, -95.40649841779999463, -20.00000000000000000 ) ) ;
#33 = ORIENTED_EDGE ( 'NONE', *, *, #1241, .F. ) ;
#34 = EDGE_CURVE ( 'NONE', #309, #744, #503, .T. ) ;
#35 = LINE ( 'NONE', #520, #622 ) ;
#36 = CARTESIAN_POINT ( 'NONE',  ( 399.4911729279999690, -0.7369793489000048270, -10.00000000000000000 ) ) ;
#37 = ORIENTED_EDGE ( 'NONE', *, *, #805, .T. ) ;
#38 = DIRECTION ( 'NONE',  ( -0.4226182545458440631, 0.9063077903916659794, 0.000000000000000000 ) ) ;
#39 = AXIS2_PLACEMENT_3D ( 'NONE', #1157, #582, #791 ) ;
#40 = EDGE_CURVE ( 'NONE', #331, #465, #425, .T. ) ;
#41 = VECTOR ( 'NONE', #834, 1000.000000000000000 ) ;
#42 = VERTEX_POINT ( 'NONE', #920 ) ;
#43 = VECTOR ( 'NONE', #407, 1000.000000000000000 ) ;
#44 = DIRECTION ( 'NONE',  ( 0.3465986505270888252, -0.9380135262632416371, 0.000000000000000000 ) ) ;
#45 = PLANE ( 'NONE',  #1052 ) ;
#46 = EDGE_LOOP ( 'NONE', ( #753, #77, #1277, #711 ) ) ;
#47 = FACE_OUTER_BOUND ( 'NONE', #1385, .T. ) ;
#48 = EDGE_LOOP ( 'NONE', ( #1200, #1386, #303, #836 ) ) ;
#49 = CARTESIAN_POINT ( 'NONE',  ( 384.4862800569999877, -63.78785210369999703, 29.00000000000000000 ) ) ;
#50 = VERTEX_POINT ( 'NONE', #328 ) ;
#51 = CIRCLE ( 'NONE', #230, 6.500000000000005329 ) ;
#52 = DIRECTION ( 'NONE',  ( 0.6821139440933026155, 0.7312459006883244017, 0.000000000000000000 ) ) ;
#53 = PLANE ( 'NONE',  #960 ) ;
#54 = CARTESIAN_POINT ( 'NONE',  ( 387.4256155669999657, -11.99185942650000314, 0.000000000000000000 ) ) ;
#55 = ORIENTED_EDGE ( 'NONE', *, *, #692, .F. ) ;
#56 = CARTESIAN_POINT ( 'NONE',  ( 370.7907752560000176, 0.000000000000000000, 0.000000000000000000 ) ) ;
#57 = ORIENTED_EDGE ( 'NONE', *, *, #1130, .T. ) ;
#58 = CIRCLE ( 'NONE', #1213, 7.500000000000000000 ) ;
#59 = CARTESIAN_POINT ( 'NONE',  ( 375.3600582049999730, -23.24673950400000422, -20.00000000000000000 ) ) ;
#60 = CARTESIAN_POINT ( 'NONE',  ( 22.66288947299999279, -0.6272485393000043485, 4.500000000000000888 ) ) ;
#61 = CIRCLE ( 'NONE', #190, 6.499999999999999112 ) ;
#62 = EDGE_CURVE ( 'NONE', #724, #1498, #69, .T. ) ;
#63 = ADVANCED_FACE ( 'NONE', ( #204 ), #698, .F. ) ;
#64 = CARTESIAN_POINT ( 'NONE',  ( 0.1891453876279999835, -0.05187514531060000156, -0.02000000000000000042 ) ) ;
#65 = AXIS2_PLACEMENT_3D ( 'NONE', #6, #1079, #1557 ) ;
#66 = EDGE_LOOP ( 'NONE', ( #786, #594, #1045, #400 ) ) ;
#67 = ORIENTED_EDGE ( 'NONE', *, *, #1225, .F. ) ;
#68 = LINE ( 'NONE', #564, #1294 ) ;
#69 = LINE ( 'NONE', #60, #1105 ) ;
#70 = FACE_OUTER_BOUND ( 'NONE', #952, .T. ) ;
#71 = EDGE_LOOP ( 'NONE', ( #1154, #578 ) ) ;
#72 = ORIENTED_EDGE ( 'NONE', *, *, #129, .F. ) ;
#73 = CARTESIAN_POINT ( 'NONE',  ( 37.26154191399999860, 74.46231100940001113, -20.00000000000000000 ) ) ;
#74 = FACE_OUTER_BOUND ( 'NONE', #609, .T. ) ;
#75 = FACE_OUTER_BOUND ( 'NONE', #970, .T. ) ;
#76 = AXIS2_PLACEMENT_3D ( 'NONE', #1253, #1473, #636 ) ;
#77 = ORIENTED_EDGE ( 'NONE', *, *, #528, .T. ) ;
#78 = EDGE_CURVE ( 'NONE', #614, #651, #307, .T. ) ;
#79 = ORIENTED_EDGE ( 'NONE', *, *, #531, .F. ) ;
#80 = CARTESIAN_POINT ( 'NONE',  ( 366.4083548250000035, 58.46543029139999703, -10.00000000000000000 ) ) ;
#81 = DIRECTION ( 'NONE',  ( -0.000000000000000000, 0.000000000000000000, 1.000000000000000000 ) ) ;
#82 = CYLINDRICAL_SURFACE ( 'NONE', #1138, 6.500000000000005329 ) ;
#83 = AXIS2_PLACEMENT_3D ( 'NONE', #424, #52, #449 ) ;
#84 = CARTESIAN_POINT ( 'NONE',  ( 399.4911729279999690, -0.7369793489000048270, -20.00000000000000000 ) ) ;
#85 = VERTEX_POINT ( 'NONE', #1028 ) ;
#86 = EDGE_CURVE ( 'NONE', #455, #1091, #1272, .T. ) ;
#87 = AXIS2_PLACEMENT_3D ( 'NONE', #339, #693, #324 ) ;
#88 = ORIENTED_EDGE ( 'NONE', *, *, #953, .T. ) ;
#89 = LINE ( 'NONE', #351, #821 ) ;
#90 = CARTESIAN_POINT ( 'NONE',  ( 11.88242043099999101, 58.46543029139999703, -10.00000000000000000 ) ) ;
#91 = CARTESIAN_POINT ( 'NONE',  ( 389.2594637669999997, 10.23170916140000308, 0.000000000000000000 ) ) ;
#92 = ORIENTED_EDGE ( 'NONE', *, *, #510, .F. ) ;
#93 = ORIENTED_EDGE ( 'NONE', *, *, #689, .F. ) ;
#94 = DIRECTION ( 'NONE',  ( 0.000000000000000000, 0.000000000000000000, 1.000000000000000000 ) ) ;
#95 = DIRECTION ( 'NONE',  ( -0.5332293572801282133, 0.8459707161212033366, 0.000000000000000000 ) ) ;
#96 = CARTESIAN_POINT ( 'NONE',  ( 378.2907752559999608, 0.000000000000000000, -20.00000000000000000 ) ) ;
#97 = VECTOR ( 'NONE', #800, 1000.000000000000000 ) ;
#98 = DIRECTION ( 'NONE',  ( -0.000000000000000000, 0.000000000000000000, 1.000000000000000000 ) ) ;
#99 = ORIENTED_EDGE ( 'NONE', *, *, #908, .T. ) ;
#100 = VERTEX_POINT ( 'NONE', #1509 ) ;
#101 = DIRECTION ( 'NONE',  ( -0.000000000000000000, 0.000000000000000000, 1.000000000000000000 ) ) ;
#102 = CARTESIAN_POINT ( 'NONE',  ( 189.1453876279999804, -51.87514531060000422, 0.000000000000000000 ) ) ;
#103 = EDGE_CURVE ( 'NONE', #1325, #465, #557, .T. ) ;
#104 = EDGE_CURVE ( 'NONE', #1439, #1031, #1434, .T. ) ;
#105 = CYLINDRICAL_SURFACE ( 'NONE', #468, 437.9999999999998863 ) ;
#106 = ORIENTED_EDGE ( 'NONE', *, *, #1182, .T. ) ;
#107 = ORIENTED_EDGE ( 'NONE', *, *, #229, .F. ) ;
#108 = EDGE_CURVE ( 'NONE', #530, #1205, #1165, .T. ) ;
#109 = LINE ( 'NONE', #218, #751 ) ;
#110 = CARTESIAN_POINT ( 'NONE',  ( 189.1453876279999236, -475.2751453106000099, -20.00000000000000000 ) ) ;
#111 = VECTOR ( 'NONE', #1531, 1000.000000000000000 ) ;
#112 = DIRECTION ( 'NONE',  ( -1.000000000000000000, 0.000000000000000000, 0.000000000000000000 ) ) ;
#113 = AXIS2_PLACEMENT_3D ( 'NONE', #96, #1194, #112 ) ;
#114 = DATE_AND_TIME ( #148, #1260 ) ;
#115 = CARTESIAN_POINT ( 'NONE',  ( 330.3646461959999669, 57.54289668739999541, 0.000000000000000000 ) ) ;
#116 = EDGE_LOOP ( 'NONE', ( #541, #922, #1496, #158, #37, #33, #1170, #870, #1215, #430, #886, #88 ) ) ;
#117 = ORIENTED_EDGE ( 'NONE', *, *, #528, .F. ) ;
#118 = DIRECTION ( 'NONE',  ( 0.9380135262632416371, 0.3465986505270888252, 0.000000000000000000 ) ) ;
#119 = DIRECTION ( 'NONE',  ( -0.000000000000000000, 0.000000000000000000, 1.000000000000000000 ) ) ;
#120 = CARTESIAN_POINT ( 'NONE',  ( 9.551287654999990551, -75.78802504909999982, -20.00000000000000000 ) ) ;
#121 = APPROVAL_ROLE ( '' ) ;
#122 = EDGE_CURVE ( 'NONE', #1160, #22, #334, .T. ) ;
#123 = CARTESIAN_POINT ( 'NONE',  ( 189.1453876279999804, -165.7751453106000099, -20.00000000000000000 ) ) ;
#124 = ORIENTED_EDGE ( 'NONE', *, *, #1319, .F. ) ;
#125 = EDGE_CURVE ( 'NONE', #395, #678, #709, .T. ) ;
#126 = CC_DESIGN_APPROVAL ( #185, ( #1161 ) ) ;
#127 = ADVANCED_FACE ( 'NONE', ( #1285 ), #551, .T. ) ;
#128 = ORIENTED_EDGE ( 'NONE', *, *, #78, .T. ) ;
#129 = EDGE_CURVE ( 'NONE', #1102, #301, #1515, .T. ) ;
#130 = DIRECTION ( 'NONE',  ( 0.000000000000000000, 0.000000000000000000, -1.000000000000000000 ) ) ;
#131 = PLANE ( 'NONE',  #925 ) ;
#132 = CARTESIAN_POINT ( 'NONE',  ( 189.1453876279999236, -475.2751453106000099, 4.500000000000000888 ) ) ;
#133 = DIRECTION ( 'NONE',  ( -1.000000000000000000, 0.000000000000000000, 0.000000000000000000 ) ) ;
#134 = VECTOR ( 'NONE', #372, 1000.000000000000000 ) ;
#135 = EDGE_LOOP ( 'NONE', ( #863, #348 ) ) ;
#136 = CC_DESIGN_DATE_AND_TIME_ASSIGNMENT ( #7, #1073, ( #1161 ) ) ;
#137 = AXIS2_PLACEMENT_3D ( 'NONE', #1556, #101, #610 ) ;
#138 = DIRECTION ( 'NONE',  ( -1.000000000000000000, 0.000000000000000000, 0.000000000000000000 ) ) ;
#139 = AXIS2_PLACEMENT_3D ( 'NONE', #383, #275, #874 ) ;
#140 = FACE_BOUND ( 'NONE', #135, .T. ) ;
#141 = PERSON_AND_ORGANIZATION ( #1004, #1537 ) ;
#142 = FACE_OUTER_BOUND ( 'NONE', #48, .T. ) ;
#143 = ORIENTED_EDGE ( 'NONE', *, *, #887, .F. ) ;
#144 = FACE_OUTER_BOUND ( 'NONE', #1400, .T. ) ;
#145 = PLANE ( 'NONE',  #526 ) ;
#146 = PRODUCT ( 'maopi1', 'maopi1', '', ( #206 ) ) ;
#147 = VECTOR ( 'NONE', #675, 1000.000000000000000 ) ;
#148 = CALENDAR_DATE ( 2025, 24, 10 ) ;
#149 = DIRECTION ( 'NONE',  ( -1.000000000000000000, 0.000000000000000000, 0.000000000000000000 ) ) ;
#150 = VERTEX_POINT ( 'NONE', #458 ) ;
#151 = DIRECTION ( 'NONE',  ( -0.3465986505270888252, -0.9380135262632416371, 0.000000000000000000 ) ) ;
#152 = LOCAL_TIME ( 19, 7, 0.000000000000000000, #1220 ) ;
#153 = ORIENTED_EDGE ( 'NONE', *, *, #405, .F. ) ;
#154 = CARTESIAN_POINT ( 'NONE',  ( 74.84366406899998481, -79.38045786309999130, -20.00000000000000000 ) ) ;
#155 = DIRECTION ( 'NONE',  ( -0.000000000000000000, 0.000000000000000000, 1.000000000000000000 ) ) ;
#156 = ORIENTED_EDGE ( 'NONE', *, *, #1431, .F. ) ;
#157 = DIRECTION ( 'NONE',  ( -1.000000000000000000, 0.000000000000000000, 0.000000000000000000 ) ) ;
#158 = ORIENTED_EDGE ( 'NONE', *, *, #1113, .T. ) ;
#159 = CARTESIAN_POINT ( 'NONE',  ( 391.8820996859999468, -47.92746572494999668, -20.00000000000000000 ) ) ;
#160 = ADVANCED_FACE ( 'NONE', ( #940, #74 ), #565, .T. ) ;
#161 = DIRECTION ( 'NONE',  ( -0.000000000000000000, 0.000000000000000000, 1.000000000000000000 ) ) ;
#162 = FACE_OUTER_BOUND ( 'NONE', #186, .T. ) ;
#163 = ORIENTED_EDGE ( 'NONE', *, *, #1113, .F. ) ;
#164 = VECTOR ( 'NONE', #151, 999.9999999999998863 ) ;
#165 = CARTESIAN_POINT ( 'NONE',  ( 377.0904604269999822, -79.64823848249999116, -20.00000000000000000 ) ) ;
#166 = ORIENTED_EDGE ( 'NONE', *, *, #342, .F. ) ;
#167 = AXIS2_PLACEMENT_3D ( 'NONE', #1166, #451, #440 ) ;
#168 = AXIS2_PLACEMENT_3D ( 'NONE', #1124, #390, #1216 ) ;
#169 = CARTESIAN_POINT ( 'NONE',  ( 338.8403970539999932, 14.72874426789999625, 4.500000000000000888 ) ) ;
#170 = DIRECTION ( 'NONE',  ( -0.000000000000000000, 0.000000000000000000, 1.000000000000000000 ) ) ;
#171 = FACE_OUTER_BOUND ( 'NONE', #1017, .T. ) ;
#172 = APPLICATION_CONTEXT ( 'configuration controlled 3d designs of mechanical parts and assemblies' ) ;
#173 = PLANE ( 'NONE',  #1038 ) ;
#174 = VERTEX_POINT ( 'NONE', #924 ) ;
#175 = ADVANCED_FACE ( 'NONE', ( #219 ), #1264, .T. ) ;
#176 = LINE ( 'NONE', #1140, #1001 ) ;
#177 = EDGE_LOOP ( 'NONE', ( #1014, #946 ) ) ;
#178 = EDGE_CURVE ( 'NONE', #820, #530, #359, .T. ) ;
#179 = EDGE_CURVE ( 'NONE', #1091, #621, #1322, .T. ) ;
#180 =( GEOMETRIC_REPRESENTATION_CONTEXT ( 3 ) GLOBAL_UNCERTAINTY_ASSIGNED_CONTEXT ( ( #419 ) ) GLOBAL_UNIT_ASSIGNED_CONTEXT ( ( #1510, #1530, #1274 ) ) REPRESENTATION_CONTEXT ( 'NONE', 'WORKASPACE' ) );
#181 = CARTESIAN_POINT ( 'NONE',  ( 294.4355463169999894, -103.7688094272999990, 0.000000000000000000 ) ) ;
#182 = ORIENTED_EDGE ( 'NONE', *, *, #1243, .T. ) ;
#183 = PLANE ( 'NONE',  #1021 ) ;
#184 = ORIENTED_EDGE ( 'NONE', *, *, #1520, .T. ) ;
#185 = APPROVAL ( #1459, 'UNSPECIFIED' ) ;
#186 = EDGE_LOOP ( 'NONE', ( #1053, #1229, #962, #1368 ) ) ;
#187 = CIRCLE ( 'NONE', #1384, 7.500000000000000000 ) ;
#188 = CARTESIAN_POINT ( 'NONE',  ( 385.7907752559999608, 0.000000000000000000, 0.000000000000000000 ) ) ;
#189 = CARTESIAN_POINT ( 'NONE',  ( 399.4911729279999690, -0.7369793489000048270, -20.00000000000000000 ) ) ;
#190 = AXIS2_PLACEMENT_3D ( 'NONE', #481, #1201, #1192 ) ;
#191 = CARTESIAN_POINT ( 'NONE',  ( 39.45037820199998180, 14.72874426789999625, 4.500000000000000888 ) ) ;
#192 = VECTOR ( 'NONE', #965, 1000.000000000000000 ) ;
#193 = ORIENTED_EDGE ( 'NONE', *, *, #534, .T. ) ;
#194 = AXIS2_PLACEMENT_3D ( 'NONE', #810, #1168, #894 ) ;
#195 = VERTEX_POINT ( 'NONE', #1442 ) ;
#196 = PLANE ( 'NONE',  #1493 ) ;
#197 = DIRECTION ( 'NONE',  ( -0.000000000000000000, 0.000000000000000000, 1.000000000000000000 ) ) ;
#198 = CARTESIAN_POINT ( 'NONE',  ( 329.5079251159999671, -95.40649841779999463, 0.000000000000000000 ) ) ;
#199 = APPLICATION_PROTOCOL_DEFINITION ( 'international standard', 'config_control_design', 1994, #172 ) ;
#200 = ADVANCED_FACE ( 'NONE', ( #240 ), #131, .T. ) ;
#201 = EDGE_LOOP ( 'NONE', ( #471, #362, #1315, #515 ) ) ;
#202 = ORIENTED_EDGE ( 'NONE', *, *, #486, .T. ) ;
#203 = PLANE ( 'NONE',  #83 ) ;
#204 = FACE_OUTER_BOUND ( 'NONE', #1177, .T. ) ;
#205 = EDGE_CURVE ( 'NONE', #195, #100, #722, .T. ) ;
#206 = MECHANICAL_CONTEXT ( 'NONE', #172, 'mechanical' ) ;
#207 = LINE ( 'NONE', #91, #776 ) ;
#208 = ORIENTED_EDGE ( 'NONE', *, *, #313, .T. ) ;
#209 = ORIENTED_EDGE ( 'NONE', *, *, #1462, .T. ) ;
#210 = CARTESIAN_POINT ( 'NONE',  ( 378.2907752559999608, 0.000000000000000000, -20.00000000000000000 ) ) ;
#211 = DIRECTION ( 'NONE',  ( -0.000000000000000000, 0.000000000000000000, 1.000000000000000000 ) ) ;
#212 = DIRECTION ( 'NONE',  ( 1.000000000000000000, 0.000000000000000000, 0.000000000000000000 ) ) ;
#213 = CIRCLE ( 'NONE', #773, 234.5000000000000000 ) ;
#214 = DIRECTION ( 'NONE',  ( -0.000000000000000000, 0.000000000000000000, 1.000000000000000000 ) ) ;
#215 = ORIENTED_EDGE ( 'NONE', *, *, #17, .T. ) ;
#216 = AXIS2_PLACEMENT_3D ( 'NONE', #1107, #995, #21 ) ;
#217 = ORIENTED_EDGE ( 'NONE', *, *, #1292, .F. ) ;
#218 = CARTESIAN_POINT ( 'NONE',  ( 55.71482326999998946, -114.1667688990000045, -20.00000000000000000 ) ) ;
#219 = FACE_OUTER_BOUND ( 'NONE', #29, .T. ) ;
#220 = DIRECTION ( 'NONE',  ( -1.000000000000000000, 0.000000000000000000, 0.000000000000000000 ) ) ;
#221 = DIRECTION ( 'NONE',  ( -0.6821139440933026155, 0.7312459006883245127, 0.000000000000000000 ) ) ;
#222 = ORIENTED_EDGE ( 'NONE', *, *, #1402, .F. ) ;
#223 = VECTOR ( 'NONE', #913, 1000.000000000000000 ) ;
#224 = ORIENTED_EDGE ( 'NONE', *, *, #245, .F. ) ;
#225 = PLANE ( 'NONE',  #1146 ) ;
#226 = ADVANCED_FACE ( 'NONE', ( #15 ), #731, .F. ) ;
#227 = LINE ( 'NONE', #714, #1424 ) ;
#228 = EDGE_CURVE ( 'NONE', #630, #662, #316, .T. ) ;
#229 = EDGE_CURVE ( 'NONE', #232, #712, #1118, .T. ) ;
#230 = AXIS2_PLACEMENT_3D ( 'NONE', #32, #643, #1369 ) ;
#231 = CARTESIAN_POINT ( 'NONE',  ( 0.000000000000000000, 0.000000000000000000, -20.00000000000000000 ) ) ;
#232 = VERTEX_POINT ( 'NONE', #1193 ) ;
#233 = VERTEX_POINT ( 'NONE', #974 ) ;
#234 = CYLINDRICAL_SURFACE ( 'NONE', #137, 6.500000000000005329 ) ;
#235 = CARTESIAN_POINT ( 'NONE',  ( 368.7394876009999507, -75.78802504909999982, -20.00000000000000000 ) ) ;
#236 = DIRECTION ( 'NONE',  ( 0.4290983405249741423, 0.9032577783549462502, 0.000000000000000000 ) ) ;
#237 = EDGE_LOOP ( 'NONE', ( #398, #1258, #93, #350 ) ) ;
#238 = ORIENTED_EDGE ( 'NONE', *, *, #1482, .F. ) ;
#239 = DIRECTION ( 'NONE',  ( -0.000000000000000000, 0.000000000000000000, 1.000000000000000000 ) ) ;
#240 = FACE_OUTER_BOUND ( 'NONE', #1479, .T. ) ;
#241 = VECTOR ( 'NONE', #949, 999.9999999999998863 ) ;
#242 = EDGE_CURVE ( 'NONE', #1205, #1244, #498, .T. ) ;
#243 = VECTOR ( 'NONE', #402, 1000.000000000000000 ) ;
#244 = PLANE ( 'NONE',  #802 ) ;
#245 = EDGE_CURVE ( 'NONE', #454, #931, #472, .T. ) ;
#246 = AXIS2_PLACEMENT_3D ( 'NONE', #198, #668, #427 ) ;
#247 = EDGE_CURVE ( 'NONE', #288, #174, #1337, .T. ) ;
#248 = CARTESIAN_POINT ( 'NONE',  ( -0.7369793489999942881, 21.20039767169999578, -10.00000000000000000 ) ) ;
#249 = EDGE_LOOP ( 'NONE', ( #479, #1392, #106, #422 ) ) ;
#250 = ADVANCED_FACE ( 'NONE', ( #1318, #1542 ), #375, .T. ) ;
#251 = ORIENTED_EDGE ( 'NONE', *, *, #954, .F. ) ;
#252 = CARTESIAN_POINT ( 'NONE',  ( 375.3600582049999730, -23.24673950400000422, 4.500000000000000888 ) ) ;
#253 = FACE_BOUND ( 'NONE', #286, .T. ) ;
#254 = CARTESIAN_POINT ( 'NONE',  ( 27.57441748199998699, -124.5647284148000011, -10.00000000000000000 ) ) ;
#255 = ADVANCED_FACE ( 'NONE', ( #865, #1550 ), #467, .T. ) ;
#256 = CARTESIAN_POINT ( 'NONE',  ( -7.500000000000007105, 0.000000000000000000, 4.500000000000000888 ) ) ;
#257 = VECTOR ( 'NONE', #38, 1000.000000000000227 ) ;
#258 = ORIENTED_EDGE ( 'NONE', *, *, #1228, .F. ) ;
#259 = PLANE ( 'NONE',  #701 ) ;
#260 = DIRECTION ( 'NONE',  ( -1.000000000000000000, 0.000000000000000000, 0.000000000000000000 ) ) ;
#261 = SHAPE_DEFINITION_REPRESENTATION ( #796, #305 ) ;
#262 = CARTESIAN_POINT ( 'NONE',  ( 189.1453876279999804, -165.7751453106000099, -20.00000000000000000 ) ) ;
#263 = AXIS2_PLACEMENT_3D ( 'NONE', #1444, #1460, #378 ) ;
#264 = ORIENTED_EDGE ( 'NONE', *, *, #242, .F. ) ;
#265 = CIRCLE ( 'NONE', #1217, 6.500000000000005329 ) ;
#266 = CARTESIAN_POINT ( 'NONE',  ( 189.1453876279999804, -165.7751453106000099, 4.500000000000000888 ) ) ;
#267 = CARTESIAN_POINT ( 'NONE',  ( 377.0904607780000219, -79.64823839119999604, 29.00000000000000000 ) ) ;
#268 = AXIS2_PLACEMENT_3D ( 'NONE', #640, #404, #23 ) ;
#269 = CARTESIAN_POINT ( 'NONE',  ( -10.96868851100002473, 10.23170916140000308, -20.00000000000000000 ) ) ;
#270 = DATE_AND_TIME ( #979, #1234 ) ;
#271 = CARTESIAN_POINT ( 'NONE',  ( 315.6501118579999456, 90.45919172840000044, -20.00000000000000000 ) ) ;
#272 = ORIENTED_EDGE ( 'NONE', *, *, #695, .T. ) ;
#273 = CARTESIAN_POINT ( 'NONE',  ( 55.28285013999997943, -95.40649841779999463, 4.500000000000000888 ) ) ;
#274 = LINE ( 'NONE', #1366, #1251 ) ;
#275 = DIRECTION ( 'NONE',  ( -0.6821139440933026155, 0.7312459006883244017, 0.000000000000000000 ) ) ;
#276 = EDGE_CURVE ( 'NONE', #22, #14, #831, .T. ) ;
#277 = VECTOR ( 'NONE', #211, 1000.000000000000000 ) ;
#278 = ORIENTED_EDGE ( 'NONE', *, *, #341, .T. ) ;
#279 = DIRECTION ( 'NONE',  ( -0.000000000000000000, 0.000000000000000000, 1.000000000000000000 ) ) ;
#280 = EDGE_CURVE ( 'NONE', #909, #1438, #227, .T. ) ;
#281 = EDGE_LOOP ( 'NONE', ( #447, #794, #156, #1270 ) ) ;
#282 = LINE ( 'NONE', #983, #649 ) ;
#283 = CIRCLE ( 'NONE', #76, 438.0000000000000000 ) ;
#284 = PLANE ( 'NONE',  #168 ) ;
#285 = FACE_OUTER_BOUND ( 'NONE', #249, .T. ) ;
#286 = EDGE_LOOP ( 'NONE', ( #1513, #602 ) ) ;
#287 = DIRECTION ( 'NONE',  ( 1.000000000000000000, 0.000000000000000000, 0.000000000000000000 ) ) ;
#288 = VERTEX_POINT ( 'NONE', #235 ) ;
#289 = CARTESIAN_POINT ( 'NONE',  ( -9.134840311000008484, -11.99185942650000314, 0.000000000000000000 ) ) ;
#290 = DIRECTION ( 'NONE',  ( 0.3465986505270888807, -0.9380135262632416371, 0.000000000000000000 ) ) ;
#291 = DIRECTION ( 'NONE',  ( -0.000000000000000000, 0.000000000000000000, 1.000000000000000000 ) ) ;
#292 = ORIENTED_EDGE ( 'NONE', *, *, #17, .F. ) ;
#293 = VECTOR ( 'NONE', #1455, 999.9999999999998863 ) ;
#294 = LINE ( 'NONE', #778, #637 ) ;
#295 = EDGE_CURVE ( 'NONE', #1127, #4, #1148, .T. ) ;
#296 = ORIENTED_EDGE ( 'NONE', *, *, #295, .T. ) ;
#297 = ADVANCED_FACE ( 'NONE', ( #482, #366, #854, #253, #1248, #766, #1231 ), #1478, .F. ) ;
#298 = LINE ( 'NONE', #1410, #1551 ) ;
#299 = VERTEX_POINT ( 'NONE', #533 ) ;
#300 = LINE ( 'NONE', #73, #1171 ) ;
#301 = VERTEX_POINT ( 'NONE', #760 ) ;
#302 = CARTESIAN_POINT ( 'NONE',  ( 370.7907752560000176, 0.000000000000000000, -20.00000000000000000 ) ) ;
#303 = ORIENTED_EDGE ( 'NONE', *, *, #809, .F. ) ;
#304 = EDGE_LOOP ( 'NONE', ( #143, #586, #1139, #278, #720, #899, #1149, #1077 ) ) ;
#305 = ADVANCED_BREP_SHAPE_REPRESENTATION ( 'maopi1', ( #975, #1336 ), #180 ) ;
#306 = CYLINDRICAL_SURFACE ( 'NONE', #824, 7.500000000000000000 ) ;
#307 = LINE ( 'NONE', #1048, #911 ) ;
#308 = PLANE ( 'NONE',  #653 ) ;
#309 = VERTEX_POINT ( 'NONE', #506 ) ;
#310 = ORIENTED_EDGE ( 'NONE', *, *, #601, .F. ) ;
#311 = DIRECTION ( 'NONE',  ( -0.000000000000000000, 0.000000000000000000, 1.000000000000000000 ) ) ;
#312 = CARTESIAN_POINT ( 'NONE',  ( 7.499999999999978684, 0.000000000000000000, 4.500000000000000888 ) ) ;
#313 = EDGE_CURVE ( 'NONE', #233, #195, #1453, .T. ) ;
#314 = LINE ( 'NONE', #677, #329 ) ;
#315 = VERTEX_POINT ( 'NONE', #1238 ) ;
#316 = CIRCLE ( 'NONE', #1195, 234.5000000000000000 ) ;
#317 = AXIS2_PLACEMENT_3D ( 'NONE', #1183, #98, #1419 ) ;
#318 = VECTOR ( 'NONE', #739, 1000.000000000000000 ) ;
#319 = ORIENTED_EDGE ( 'NONE', *, *, #977, .F. ) ;
#320 = EDGE_CURVE ( 'NONE', #100, #835, #882, .T. ) ;
#321 = PLANE ( 'NONE',  #620 ) ;
#322 = DIRECTION ( 'NONE',  ( -1.000000000000000000, 0.000000000000000000, 0.000000000000000000 ) ) ;
#323 = CARTESIAN_POINT ( 'NONE',  ( 330.3646461959999669, 57.54289668739999541, 4.500000000000000888 ) ) ;
#324 = DIRECTION ( 'NONE',  ( -0.000000000000000000, 0.000000000000000000, 1.000000000000000000 ) ) ;
#325 = ORIENTED_EDGE ( 'NONE', *, *, #34, .F. ) ;
#326 = ORIENTED_EDGE ( 'NONE', *, *, #971, .F. ) ;
#327 = CARTESIAN_POINT ( 'NONE',  ( 189.1453876280000088, -37.27514531060000280, 29.00000000000000000 ) ) ;
#328 = CARTESIAN_POINT ( 'NONE',  ( 366.4083548250000035, 58.46543029139999703, 0.000000000000000000 ) ) ;
#329 = VECTOR ( 'NONE', #1287, 1000.000000000000114 ) ;
#330 = DIRECTION ( 'NONE',  ( -0.000000000000000000, 0.000000000000000000, 1.000000000000000000 ) ) ;
#331 = VERTEX_POINT ( 'NONE', #397 ) ;
#332 = EDGE_LOOP ( 'NONE', ( #163, #1262, #1302, #373 ) ) ;
#333 = LINE ( 'NONE', #1413, #337 ) ;
#334 = LINE ( 'NONE', #1404, #631 ) ;
#335 = VECTOR ( 'NONE', #785, 1000.000000000000000 ) ;
#336 = CARTESIAN_POINT ( 'NONE',  ( -13.59132443000002333, -47.92746572494999668, -20.00000000000000000 ) ) ;
#337 = VECTOR ( 'NONE', #1295, 1000.000000000000000 ) ;
#338 = AXIS2_PLACEMENT_3D ( 'NONE', #986, #866, #641 ) ;
#339 = CARTESIAN_POINT ( 'NONE',  ( 338.8403970539999932, 14.72874426789999625, -20.00000000000000000 ) ) ;
#340 = ORIENTED_EDGE ( 'NONE', *, *, #1240, .F. ) ;
#341 = EDGE_CURVE ( 'NONE', #872, #395, #274, .T. ) ;
#342 = EDGE_CURVE ( 'NONE', #944, #4, #873, .T. ) ;
#343 = ORIENTED_EDGE ( 'NONE', *, *, #1507, .T. ) ;
#344 = DIRECTION ( 'NONE',  ( -1.000000000000000000, 0.000000000000000000, 0.000000000000000000 ) ) ;
#345 = CARTESIAN_POINT ( 'NONE',  ( 189.1453876279999804, -165.7751453106000099, 0.000000000000000000 ) ) ;
#346 = CARTESIAN_POINT ( 'NONE',  ( 370.7907752560000176, 0.000000000000000000, 4.500000000000000888 ) ) ;
#347 = DIRECTION ( 'NONE',  ( -0.000000000000000000, 0.000000000000000000, 1.000000000000000000 ) ) ;
#348 = ORIENTED_EDGE ( 'NONE', *, *, #486, .F. ) ;
#349 = VECTOR ( 'NONE', #1361, 1000.000000000000000 ) ;
#350 = ORIENTED_EDGE ( 'NONE', *, *, #108, .T. ) ;
#351 = CARTESIAN_POINT ( 'NONE',  ( 322.5759519859999500, -114.1667688990000045, 0.000000000000000000 ) ) ;
#352 = DIRECTION ( 'NONE',  ( -0.9380135262632416371, -0.3465986505270888807, -0.000000000000000000 ) ) ;
#353 = DIRECTION ( 'NONE',  ( -0.3465986505270888252, -0.9380135262632416371, 0.000000000000000000 ) ) ;
#354 = VECTOR ( 'NONE', #1416, 1000.000000000000000 ) ;
#355 = DIRECTION ( 'NONE',  ( -0.000000000000000000, 0.000000000000000000, 1.000000000000000000 ) ) ;
#356 = ORIENTED_EDGE ( 'NONE', *, *, #276, .T. ) ;
#357 = ORIENTED_EDGE ( 'NONE', *, *, #228, .F. ) ;
#358 = CARTESIAN_POINT ( 'NONE',  ( 10.96295506199998471, 10.28657456619999699, -20.00000000000000000 ) ) ;
#359 = LINE ( 'NONE', #738, #1121 ) ;
#360 = EDGE_CURVE ( 'NONE', #1059, #937, #1359, .T. ) ;
#361 = CARTESIAN_POINT ( 'NONE',  ( 379.0277546049999273, 21.20039767169999578, 0.000000000000000000 ) ) ;
#362 = ORIENTED_EDGE ( 'NONE', *, *, #583, .T. ) ;
#363 = EDGE_LOOP ( 'NONE', ( #423, #1475 ) ) ;
#364 = AXIS2_PLACEMENT_3D ( 'NONE', #266, #1470, #864 ) ;
#365 = CARTESIAN_POINT ( 'NONE',  ( 39.45037820199998180, 14.72874426789999625, -20.00000000000000000 ) ) ;
#366 = FACE_BOUND ( 'NONE', #435, .T. ) ;
#367 = EDGE_CURVE ( 'NONE', #872, #288, #779, .T. ) ;
#368 = EDGE_CURVE ( 'NONE', #931, #1547, #996, .T. ) ;
#369 = CARTESIAN_POINT ( 'NONE',  ( 352.6243759399999362, 36.59708727969999842, 0.000000000000000000 ) ) ;
#370 = AXIS2_PLACEMENT_3D ( 'NONE', #132, #1559, #832 ) ;
#371 = AXIS2_PLACEMENT_3D ( 'NONE', #1347, #290, #775 ) ;
#372 = DIRECTION ( 'NONE',  ( -0.000000000000000000, 0.000000000000000000, 1.000000000000000000 ) ) ;
#373 = ORIENTED_EDGE ( 'NONE', *, *, #480, .F. ) ;
#374 = CYLINDRICAL_SURFACE ( 'NONE', #420, 6.499999999999999112 ) ;
#375 = PLANE ( 'NONE',  #674 ) ;
#376 = CARTESIAN_POINT ( 'NONE',  ( 11.88242043099999101, 58.46543029139999703, -20.00000000000000000 ) ) ;
#377 = APPROVAL_STATUS ( 'not_yet_approved' ) ;
#378 = DIRECTION ( 'NONE',  ( 0.000000000000000000, 0.000000000000000000, -1.000000000000000000 ) ) ;
#379 = VECTOR ( 'NONE', #690, 1000.000000000000000 ) ;
#380 = ORIENTED_EDGE ( 'NONE', *, *, #1130, .F. ) ;
#381 = DIRECTION ( 'NONE',  ( -1.000000000000000000, 0.000000000000000000, 0.000000000000000000 ) ) ;
#382 = FACE_OUTER_BOUND ( 'NONE', #777, .T. ) ;
#383 = CARTESIAN_POINT ( 'NONE',  ( 379.0277546049999273, 21.20039767169999578, -20.00000000000000000 ) ) ;
#384 = FACE_OUTER_BOUND ( 'NONE', #201, .T. ) ;
#385 = AXIS2_PLACEMENT_3D ( 'NONE', #961, #1082, #618 ) ;
#386 = ORIENTED_EDGE ( 'NONE', *, *, #229, .T. ) ;
#387 = ADVANCED_FACE ( 'NONE', ( #625 ), #284, .F. ) ;
#388 = ADVANCED_FACE ( 'NONE', ( #140, #382 ), #45, .T. ) ;
#389 = LINE ( 'NONE', #880, #164 ) ;
#390 = DIRECTION ( 'NONE',  ( 0.9380135262632416371, -0.3465986505270888807, 0.000000000000000000 ) ) ;
#391 = ORIENTED_EDGE ( 'NONE', *, *, #40, .F. ) ;
#392 = ADVANCED_FACE ( 'NONE', ( #992 ), #1465, .T. ) ;
#393 = VECTOR ( 'NONE', #1057, 1000.000000000000000 ) ;
#394 = DIRECTION ( 'NONE',  ( 0.000000000000000000, 0.000000000000000000, -1.000000000000000000 ) ) ;
#395 = VERTEX_POINT ( 'NONE', #267 ) ;
#396 = CARTESIAN_POINT ( 'NONE',  ( 18.56285256799997185, -100.1763767319999943, -20.00000000000000000 ) ) ;
#397 = CARTESIAN_POINT ( 'NONE',  ( 7.499999999999978684, 0.000000000000000000, 0.000000000000000000 ) ) ;
#398 = ORIENTED_EDGE ( 'NONE', *, *, #242, .T. ) ;
#399 = CARTESIAN_POINT ( 'NONE',  ( 48.78285014000000075, -95.40649841779999463, -20.00000000000000000 ) ) ;
#400 = ORIENTED_EDGE ( 'NONE', *, *, #1554, .T. ) ;
#401 = ADVANCED_FACE ( 'NONE', ( #755 ), #145, .F. ) ;
#402 = DIRECTION ( 'NONE',  ( -0.5332293572801282133, 0.8459707161212033366, 0.000000000000000000 ) ) ;
#403 = ORIENTED_EDGE ( 'NONE', *, *, #1520, .F. ) ;
#404 = DIRECTION ( 'NONE',  ( 0.000000000000000000, 0.000000000000000000, 1.000000000000000000 ) ) ;
#405 = EDGE_CURVE ( 'NONE', #1290, #455, #928, .T. ) ;
#406 = ADVANCED_FACE ( 'NONE', ( #914 ), #683, .F. ) ;
#407 = DIRECTION ( 'NONE',  ( 0.000000000000000000, 0.000000000000000000, -1.000000000000000000 ) ) ;
#408 = ORIENTED_EDGE ( 'NONE', *, *, #295, .F. ) ;
#409 = ADVANCED_FACE ( 'NONE', ( #1407 ), #308, .F. ) ;
#410 = DIRECTION ( 'NONE',  ( -0.000000000000000000, 0.000000000000000000, 1.000000000000000000 ) ) ;
#411 = ORIENTED_EDGE ( 'NONE', *, *, #745, .F. ) ;
#412 = LINE ( 'NONE', #901, #1474 ) ;
#413 = EDGE_LOOP ( 'NONE', ( #561, #568, #1429, #696, #72, #222, #1106, #938, #238, #575, #403, #916, #884, #955, #485, #1169, #296, #166, #902, #251, #1492, #536, #258, #703, #638, #694, #1032, #502, #545, #418 ) ) ;
#414 = AXIS2_PLACEMENT_3D ( 'NONE', #697, #713, #1432 ) ;
#415 = APPLICATION_CONTEXT ( 'configuration controlled 3d designs of mechanical parts and assemblies' ) ;
#416 = CIRCLE ( 'NONE', #900, 6.499999999999999112 ) ;
#417 = CARTESIAN_POINT ( 'NONE',  ( 189.1453876279999804, -165.7751453106000099, -20.00000000000000000 ) ) ;
#418 = ORIENTED_EDGE ( 'NONE', *, *, #122, .T. ) ;
#419 = UNCERTAINTY_MEASURE_WITH_UNIT (LENGTH_MEASURE( 1.000000000000000082E-05 ), #1510, 'distance_accuracy_value', 'NONE');
#420 = AXIS2_PLACEMENT_3D ( 'NONE', #871, #623, #888 ) ;
#421 = CARTESIAN_POINT ( 'NONE',  ( -21.20039767200002245, -0.7369793489000048270, -10.00000000000000000 ) ) ;
#422 = ORIENTED_EDGE ( 'NONE', *, *, #717, .F. ) ;
#423 = ORIENTED_EDGE ( 'NONE', *, *, #1362, .T. ) ;
#424 = CARTESIAN_POINT ( 'NONE',  ( 2.930717050999981588, -23.24673950400000422, -20.00000000000000000 ) ) ;
#425 = LINE ( 'NONE', #312, #147 ) ;
#426 = AXIS2_PLACEMENT_3D ( 'NONE', #688, #1173, #1526 ) ;
#427 = DIRECTION ( 'NONE',  ( -1.000000000000000000, 0.000000000000000000, 0.000000000000000000 ) ) ;
#428 = ORIENTED_EDGE ( 'NONE', *, *, #1313, .F. ) ;
#429 = ADVANCED_FACE ( 'NONE', ( #959, #460 ), #244, .T. ) ;
#430 = ORIENTED_EDGE ( 'NONE', *, *, #280, .F. ) ;
#431 = AXIS2_PLACEMENT_3D ( 'NONE', #1043, #1280, #212 ) ;
#432 = LINE ( 'NONE', #569, #699 ) ;
#433 = DIRECTION ( 'NONE',  ( -1.000000000000000000, 0.000000000000000000, 0.000000000000000000 ) ) ;
#434 = CARTESIAN_POINT ( 'NONE',  ( 62.64066339799997962, 90.45919172840000044, -10.00000000000000000 ) ) ;
#435 = EDGE_LOOP ( 'NONE', ( #850, #780 ) ) ;
#436 = PRODUCT_RELATED_PRODUCT_CATEGORY ( 'detail', '', ( #146 ) ) ;
#437 = ORIENTED_EDGE ( 'NONE', *, *, #510, .T. ) ;
#438 = FACE_OUTER_BOUND ( 'NONE', #818, .T. ) ;
#439 = CARTESIAN_POINT ( 'NONE',  ( 352.6243759399999362, 36.59708727969999842, -20.00000000000000000 ) ) ;
#440 = DIRECTION ( 'NONE',  ( -1.000000000000000000, 0.000000000000000000, 0.000000000000000000 ) ) ;
#441 = EDGE_CURVE ( 'NONE', #288, #1283, #1305, .T. ) ;
#442 = CARTESIAN_POINT ( 'NONE',  ( 315.6501118579999456, 90.45919172840000044, -10.00000000000000000 ) ) ;
#443 = ORIENTED_EDGE ( 'NONE', *, *, #789, .T. ) ;
#444 = AXIS2_PLACEMENT_3D ( 'NONE', #189, #1330, #1456 ) ;
#445 = AXIS2_PLACEMENT_3D ( 'NONE', #453, #540, #936 ) ;
#446 = AXIS2_PLACEMENT_3D ( 'NONE', #1096, #896, #1360 ) ;
#447 = ORIENTED_EDGE ( 'NONE', *, *, #405, .T. ) ;
#448 = AXIS2_PLACEMENT_3D ( 'NONE', #521, #1224, #1117 ) ;
#449 = DIRECTION ( 'NONE',  ( 0.7312459006883244017, -0.6821139440933026155, 0.000000000000000000 ) ) ;
#450 = DIRECTION ( 'NONE',  ( -0.000000000000000000, 0.000000000000000000, 1.000000000000000000 ) ) ;
#451 = DIRECTION ( 'NONE',  ( -0.000000000000000000, 0.000000000000000000, 1.000000000000000000 ) ) ;
#452 = CARTESIAN_POINT ( 'NONE',  ( 389.2594637669999997, 10.23170916140000308, -20.00000000000000000 ) ) ;
#453 = CARTESIAN_POINT ( 'NONE',  ( 378.2907752559999608, 0.000000000000000000, 0.000000000000000000 ) ) ;
#454 = VERTEX_POINT ( 'NONE', #120 ) ;
#455 = VERTEX_POINT ( 'NONE', #1427 ) ;
#456 = EDGE_CURVE ( 'NONE', #1290, #621, #483, .T. ) ;
#457 = FACE_OUTER_BOUND ( 'NONE', #116, .T. ) ;
#458 = CARTESIAN_POINT ( 'NONE',  ( 315.6501118579999456, 90.45919172840000044, 0.000000000000000000 ) ) ;
#459 = EDGE_CURVE ( 'NONE', #1222, #1506, #612, .T. ) ;
#460 = FACE_OUTER_BOUND ( 'NONE', #1206, .T. ) ;
#461 = LINE ( 'NONE', #434, #379 ) ;
#462 = ADVANCED_FACE ( 'NONE', ( #825 ), #1298, .F. ) ;
#463 = LINE ( 'NONE', #781, #243 ) ;
#464 = ORIENTED_EDGE ( 'NONE', *, *, #1388, .F. ) ;
#465 = VERTEX_POINT ( 'NONE', #840 ) ;
#466 = CARTESIAN_POINT ( 'NONE',  ( 189.1453876280000088, -37.27514531060000280, 4.500000000000000888 ) ) ;
#467 = PLANE ( 'NONE',  #1548 ) ;
#468 = AXIS2_PLACEMENT_3D ( 'NONE', #501, #477, #236 ) ;
#469 = CARTESIAN_POINT ( 'NONE',  ( 189.1453876279999804, -51.87514531060000422, 0.000000000000000000 ) ) ;
#470 = DIRECTION ( 'NONE',  ( -1.000000000000000000, 0.000000000000000000, 0.000000000000000000 ) ) ;
#471 = ORIENTED_EDGE ( 'NONE', *, *, #1039, .F. ) ;
#472 = CIRCLE ( 'NONE', #1349, 438.0000000000000000 ) ;
#473 = VERTEX_POINT ( 'NONE', #976 ) ;
#474 = DIRECTION ( 'NONE',  ( 0.3465986505270888252, -0.9380135262632415261, 0.000000000000000000 ) ) ;
#475 = DIRECTION ( 'NONE',  ( -1.000000000000000000, 0.000000000000000000, 0.000000000000000000 ) ) ;
#476 = DIRECTION ( 'NONE',  ( 0.3465986505270888807, 0.9380135262632416371, 0.000000000000000000 ) ) ;
#477 = DIRECTION ( 'NONE',  ( -0.000000000000000000, 0.000000000000000000, 1.000000000000000000 ) ) ;
#478 = ORIENTED_EDGE ( 'NONE', *, *, #1163, .T. ) ;
#479 = ORIENTED_EDGE ( 'NONE', *, *, #1243, .F. ) ;
#480 = EDGE_CURVE ( 'NONE', #42, #50, #857, .T. ) ;
#481 = CARTESIAN_POINT ( 'NONE',  ( 47.92612905999998674, 57.54289668739999541, 0.000000000000000000 ) ) ;
#482 = FACE_BOUND ( 'NONE', #177, .T. ) ;
#483 = LINE ( 'NONE', #1415, #1273 ) ;
#484 = DIRECTION ( 'NONE',  ( 0.000000000000000000, 0.000000000000000000, -1.000000000000000000 ) ) ;
#485 = ORIENTED_EDGE ( 'NONE', *, *, #1006, .T. ) ;
#486 = EDGE_CURVE ( 'NONE', #1412, #1346, #577, .T. ) ;
#487 = ORIENTED_EDGE ( 'NONE', *, *, #788, .F. ) ;
#488 = CARTESIAN_POINT ( 'NONE',  ( 288.1354770222999946, 46.80710277629999894, 0.000000000000000000 ) ) ;
#489 = DIRECTION ( 'NONE',  ( -0.000000000000000000, 0.000000000000000000, 1.000000000000000000 ) ) ;
#490 = DIRECTION ( 'NONE',  ( 0.000000000000000000, 0.000000000000000000, -1.000000000000000000 ) ) ;
#491 = DIRECTION ( 'NONE',  ( -0.000000000000000000, 0.000000000000000000, 1.000000000000000000 ) ) ;
#492 = DIRECTION ( 'NONE',  ( -1.000000000000000000, 0.000000000000000000, 0.000000000000000000 ) ) ;
#493 = VECTOR ( 'NONE', #1508, 1000.000000000000000 ) ;
#494 = EDGE_LOOP ( 'NONE', ( #843, #1504, #680, #686 ) ) ;
#495 = VECTOR ( 'NONE', #44, 999.9999999999998863 ) ;
#496 = DIRECTION ( 'NONE',  ( -0.000000000000000000, 0.000000000000000000, 1.000000000000000000 ) ) ;
#497 = ORIENTED_EDGE ( 'NONE', *, *, #1502, .T. ) ;
#498 = LINE ( 'NONE', #1311, #752 ) ;
#499 = CARTESIAN_POINT ( 'NONE',  ( 189.1453876280000088, 68.72485468940000430, 29.00000000000000000 ) ) ;
#500 = PERSON_AND_ORGANIZATION ( #1004, #1537 ) ;
#501 = CARTESIAN_POINT ( 'NONE',  ( 189.1453876279999236, -475.2751453106000099, 4.500000000000000888 ) ) ;
#502 = ORIENTED_EDGE ( 'NONE', *, *, #178, .T. ) ;
#503 = CIRCLE ( 'NONE', #833, 6.500000000000005329 ) ;
#504 = CARTESIAN_POINT ( 'NONE',  ( 48.78285014000000075, -95.40649841779999463, 0.000000000000000000 ) ) ;
#505 = ORIENTED_EDGE ( 'NONE', *, *, #104, .F. ) ;
#506 = CARTESIAN_POINT ( 'NONE',  ( 336.8646461959999669, 57.54289668739999541, -20.00000000000000000 ) ) ;
#507 = CARTESIAN_POINT ( 'NONE',  ( 42.28285013999999364, -95.40649841779999463, 4.500000000000000888 ) ) ;
#508 = CARTESIAN_POINT ( 'NONE',  ( 294.4355463169999894, -103.7688094272999990, -10.00000000000000000 ) ) ;
#509 = EDGE_CURVE ( 'NONE', #1506, #1051, #604, .T. ) ;
#510 = EDGE_CURVE ( 'NONE', #811, #100, #1331, .T. ) ;
#511 = VECTOR ( 'NONE', #757, 1000.000000000000000 ) ;
#512 = ORIENTED_EDGE ( 'NONE', *, *, #805, .F. ) ;
#513 = CARTESIAN_POINT ( 'NONE',  ( 303.4471111869999618, -79.38045786309999130, -20.00000000000000000 ) ) ;
#514 = EDGE_CURVE ( 'NONE', #1283, #473, #591, .T. ) ;
#515 = ORIENTED_EDGE ( 'NONE', *, *, #1443, .F. ) ;
#516 = CARTESIAN_POINT ( 'NONE',  ( 55.71482326999998946, -114.1667688990000045, 0.000000000000000000 ) ) ;
#517 = PLANE ( 'NONE',  #139 ) ;
#518 = LINE ( 'NONE', #54, #740 ) ;
#519 = VERTEX_POINT ( 'NONE', #16 ) ;
#520 = CARTESIAN_POINT ( 'NONE',  ( 312.4586760619999382, -54.99210628144000168, 4.500000000000000888 ) ) ;
#521 = CARTESIAN_POINT ( 'NONE',  ( 189.1453876279999236, -475.2751453106000099, -20.00000000000000000 ) ) ;
#522 = LINE ( 'NONE', #761, #1326 ) ;
#523 = VECTOR ( 'NONE', #1535, 1000.000000000000000 ) ;
#524 = VERTEX_POINT ( 'NONE', #535 ) ;
#525 = CIRCLE ( 'NONE', #1525, 234.5000000000000000 ) ;
#526 = AXIS2_PLACEMENT_3D ( 'NONE', #634, #1108, #584 ) ;
#527 = DIRECTION ( 'NONE',  ( 0.9063077870364188993, -0.4226182617411949338, 0.000000000000000000 ) ) ;
#528 = EDGE_CURVE ( 'NONE', #735, #1051, #522, .T. ) ;
#529 = EDGE_CURVE ( 'NONE', #736, #918, #1398, .T. ) ;
#530 = VERTEX_POINT ( 'NONE', #376 ) ;
#531 = EDGE_CURVE ( 'NONE', #1346, #1376, #890, .T. ) ;
#532 = LINE ( 'NONE', #396, #495 ) ;
#533 = CARTESIAN_POINT ( 'NONE',  ( 315.6501118579999456, 90.45919172840000044, -20.00000000000000000 ) ) ;
#534 = EDGE_CURVE ( 'NONE', #735, #1222, #1125, .T. ) ;
#535 = CARTESIAN_POINT ( 'NONE',  ( -13.59132443000002333, -47.92746572494999668, 29.00000000000000000 ) ) ;
#536 = ORIENTED_EDGE ( 'NONE', *, *, #368, .T. ) ;
#537 = DIRECTION ( 'NONE',  ( -0.000000000000000000, 0.000000000000000000, 1.000000000000000000 ) ) ;
#538 = ORIENTED_EDGE ( 'NONE', *, *, #1367, .T. ) ;
#539 = ADVANCED_FACE ( 'NONE', ( #285 ), #517, .T. ) ;
#540 = DIRECTION ( 'NONE',  ( -0.000000000000000000, 0.000000000000000000, 1.000000000000000000 ) ) ;
#541 = ORIENTED_EDGE ( 'NONE', *, *, #228, .T. ) ;
#542 = DIRECTION ( 'NONE',  ( 0.000000000000000000, 0.000000000000000000, -1.000000000000000000 ) ) ;
#543 = DIRECTION ( 'NONE',  ( 0.000000000000000000, 0.000000000000000000, 1.000000000000000000 ) ) ;
#544 = LINE ( 'NONE', #906, #511 ) ;
#545 = ORIENTED_EDGE ( 'NONE', *, *, #689, .T. ) ;
#546 = VECTOR ( 'NONE', #998, 1000.000000000000000 ) ;
#547 = VERTEX_POINT ( 'NONE', #499 ) ;
#548 = VECTOR ( 'NONE', #1441, 1000.000000000000000 ) ;
#549 = AXIS2_PLACEMENT_3D ( 'NONE', #1499, #912, #790 ) ;
#550 = CARTESIAN_POINT ( 'NONE',  ( 22.66288947299999279, -0.6272485393000043485, -20.00000000000000000 ) ) ;
#551 = PLANE ( 'NONE',  #39 ) ;
#552 = APPROVAL_STATUS ( 'not_yet_approved' ) ;
#553 = VERTEX_POINT ( 'NONE', #1232 ) ;
#554 = ORIENTED_EDGE ( 'NONE', *, *, #969, .F. ) ;
#555 = DIRECTION ( 'NONE',  ( -1.000000000000000000, 0.000000000000000000, 0.000000000000000000 ) ) ;
#556 = DIRECTION ( 'NONE',  ( 0.3465986505270888252, 0.9380135262632416371, 0.000000000000000000 ) ) ;
#557 = CIRCLE ( 'NONE', #1033, 7.500000000000000000 ) ;
#558 = DIRECTION ( 'NONE',  ( -0.000000000000000000, 0.000000000000000000, 1.000000000000000000 ) ) ;
#559 = ADVANCED_FACE ( 'NONE', ( #162 ), #635, .F. ) ;
#560 = VERTEX_POINT ( 'NONE', #749 ) ;
#561 = ORIENTED_EDGE ( 'NONE', *, *, #1276, .F. ) ;
#562 = EDGE_CURVE ( 'NONE', #803, #20, #416, .T. ) ;
#563 = CC_DESIGN_SECURITY_CLASSIFICATION ( #1161, ( #966 ) ) ;
#564 = CARTESIAN_POINT ( 'NONE',  ( 323.8646461959999669, 57.54289668739999541, 4.500000000000000888 ) ) ;
#565 = PLANE ( 'NONE',  #1394 ) ;
#566 = LINE ( 'NONE', #248, #801 ) ;
#567 = ORIENTED_EDGE ( 'NONE', *, *, #1288, .T. ) ;
#568 = ORIENTED_EDGE ( 'NONE', *, *, #529, .F. ) ;
#569 = CARTESIAN_POINT ( 'NONE',  ( 341.0292333419999977, 74.46231100940001113, -20.00000000000000000 ) ) ;
#570 = CARTESIAN_POINT ( 'NONE',  ( 83.85522893899998564, -103.7688094272999990, -10.00000000000000000 ) ) ;
#571 = VECTOR ( 'NONE', #1156, 1000.000000000000000 ) ;
#572 = COORDINATED_UNIVERSAL_TIME_OFFSET ( 8, 0, .AHEAD. ) ;
#573 = AXIS2_PLACEMENT_3D ( 'NONE', #853, #1358, #381 ) ;
#574 = DIRECTION ( 'NONE',  ( -1.000000000000000000, 0.000000000000000000, 0.000000000000000000 ) ) ;
#575 = ORIENTED_EDGE ( 'NONE', *, *, #576, .F. ) ;
#576 = EDGE_CURVE ( 'NONE', #909, #782, #213, .T. ) ;
#577 = CIRCLE ( 'NONE', #1527, 6.499999999999999112 ) ;
#578 = ORIENTED_EDGE ( 'NONE', *, *, #1116, .F. ) ;
#579 = EDGE_CURVE ( 'NONE', #657, #560, #1457, .T. ) ;
#580 = VECTOR ( 'NONE', #889, 999.9999999999998863 ) ;
#581 = CARTESIAN_POINT ( 'NONE',  ( 83.85522905799997773, -103.7688093832000078, 0.000000000000000000 ) ) ;
#582 = DIRECTION ( 'NONE',  ( 0.5332293572801281023, 0.8459707161212032256, 0.000000000000000000 ) ) ;
#583 = EDGE_CURVE ( 'NONE', #299, #736, #31, .T. ) ;
#584 = DIRECTION ( 'NONE',  ( -0.000000000000000000, 0.000000000000000000, 1.000000000000000000 ) ) ;
#585 = FACE_OUTER_BOUND ( 'NONE', #46, .T. ) ;
#586 = ORIENTED_EDGE ( 'NONE', *, *, #247, .F. ) ;
#587 = EDGE_LOOP ( 'NONE', ( #428, #600, #1308, #897 ) ) ;
#588 = CARTESIAN_POINT ( 'NONE',  ( 329.5079251159999671, -95.40649841779999463, 0.000000000000000000 ) ) ;
#589 = DIRECTION ( 'NONE',  ( -0.000000000000000000, 0.000000000000000000, 1.000000000000000000 ) ) ;
#590 = APPROVAL_PERSON_ORGANIZATION ( #141, #185, #121 ) ;
#591 = LINE ( 'NONE', #1063, #1199 ) ;
#592 = FACE_OUTER_BOUND ( 'NONE', #332, .T. ) ;
#593 = ORIENTED_EDGE ( 'NONE', *, *, #808, .T. ) ;
#594 = ORIENTED_EDGE ( 'NONE', *, *, #276, .F. ) ;
#595 = CARTESIAN_POINT ( 'NONE',  ( 27.57441748199998699, -124.5647284148000011, -20.00000000000000000 ) ) ;
#596 = DIRECTION ( 'NONE',  ( 0.6821139440933026155, 0.7312459006883245127, 0.000000000000000000 ) ) ;
#597 = CIRCLE ( 'NONE', #1490, 234.5000000000000000 ) ;
#598 = CARTESIAN_POINT ( 'NONE',  ( 350.7163577740000164, -124.5647284148000011, -20.00000000000000000 ) ) ;
#599 = LINE ( 'NONE', #508, #546 ) ;
#600 = ORIENTED_EDGE ( 'NONE', *, *, #368, .F. ) ;
#601 = EDGE_CURVE ( 'NONE', #1439, #744, #68, .T. ) ;
#602 = ORIENTED_EDGE ( 'NONE', *, *, #1265, .T. ) ;
#603 = VECTOR ( 'NONE', #1247, 1000.000000000000000 ) ;
#604 = CIRCLE ( 'NONE', #113, 7.500000000000007105 ) ;
#605 = DIRECTION ( 'NONE',  ( -0.000000000000000000, 0.000000000000000000, 1.000000000000000000 ) ) ;
#606 = DIRECTION ( 'NONE',  ( -0.000000000000000000, 0.000000000000000000, 1.000000000000000000 ) ) ;
#607 = LINE ( 'NONE', #1340, #795 ) ;
#608 = ORIENTED_EDGE ( 'NONE', *, *, #1342, .F. ) ;
#609 = EDGE_LOOP ( 'NONE', ( #554, #319, #107, #1307 ) ) ;
#610 = DIRECTION ( 'NONE',  ( -1.000000000000000000, 0.000000000000000000, 0.000000000000000000 ) ) ;
#611 = DIRECTION ( 'NONE',  ( 0.000000000000000000, 0.000000000000000000, 1.000000000000000000 ) ) ;
#612 = LINE ( 'NONE', #346, #1476 ) ;
#613 = DIRECTION ( 'NONE',  ( -1.000000000000000000, 0.000000000000000000, 0.000000000000000000 ) ) ;
#614 = VERTEX_POINT ( 'NONE', #181 ) ;
#615 = EDGE_LOOP ( 'NONE', ( #705, #1293, #1463, #930 ) ) ;
#616 = CARTESIAN_POINT ( 'NONE',  ( 377.0904607780000219, -79.64823839119999604, -20.00000000000000000 ) ) ;
#617 = CARTESIAN_POINT ( 'NONE',  ( 18.56285256799997185, -100.1763767319999943, 0.000000000000000000 ) ) ;
#618 = DIRECTION ( 'NONE',  ( -1.000000000000000000, 0.000000000000000000, 0.000000000000000000 ) ) ;
#619 = CIRCLE ( 'NONE', #414, 6.499999999999999112 ) ;
#620 = AXIS2_PLACEMENT_3D ( 'NONE', #59, #919, #1278 ) ;
#621 = VERTEX_POINT ( 'NONE', #1257 ) ;
#622 = VECTOR ( 'NONE', #639, 1000.000000000000000 ) ;
#623 = DIRECTION ( 'NONE',  ( -0.000000000000000000, 0.000000000000000000, 1.000000000000000000 ) ) ;
#624 = ORIENTED_EDGE ( 'NONE', *, *, #1319, .T. ) ;
#625 = FACE_OUTER_BOUND ( 'NONE', #1037, .T. ) ;
#626 = EDGE_CURVE ( 'NONE', #301, #299, #432, .T. ) ;
#627 = ADVANCED_FACE ( 'NONE', ( #438 ), #321, .T. ) ;
#628 = APPROVAL_DATE_TIME ( #270, #185 ) ;
#629 = CARTESIAN_POINT ( 'NONE',  ( 76.39798081599998625, 68.63314725239999348, 0.000000000000000000 ) ) ;
#630 = VERTEX_POINT ( 'NONE', #923 ) ;
#631 = VECTOR ( 'NONE', #682, 1000.000000000000000 ) ;
#632 = CYLINDRICAL_SURFACE ( 'NONE', #1497, 7.500000000000000000 ) ;
#633 = ORIENTED_EDGE ( 'NONE', *, *, #1362, .F. ) ;
#634 = CARTESIAN_POINT ( 'NONE',  ( -21.20039767200002245, -0.7369793489000048270, -20.00000000000000000 ) ) ;
#635 = PLANE ( 'NONE',  #338 ) ;
#636 = DIRECTION ( 'NONE',  ( -1.000000000000000000, 0.000000000000000000, 0.000000000000000000 ) ) ;
#637 = VECTOR ( 'NONE', #1128, 1000.000000000000000 ) ;
#638 = ORIENTED_EDGE ( 'NONE', *, *, #579, .T. ) ;
#639 = DIRECTION ( 'NONE',  ( -0.000000000000000000, 0.000000000000000000, 1.000000000000000000 ) ) ;
#640 = CARTESIAN_POINT ( 'NONE',  ( 189.1453876279999804, -51.87514531060000422, -20.00000000000000000 ) ) ;
#641 = DIRECTION ( 'NONE',  ( 0.000000000000000000, 0.000000000000000000, -1.000000000000000000 ) ) ;
#642 = CARTESIAN_POINT ( 'NONE',  ( 65.83209919899998397, -54.99210629891000224, -20.00000000000000000 ) ) ;
#643 = DIRECTION ( 'NONE',  ( -0.000000000000000000, 0.000000000000000000, 1.000000000000000000 ) ) ;
#644 = ORIENTED_EDGE ( 'NONE', *, *, #456, .T. ) ;
#645 = ADVANCED_FACE ( 'NONE', ( #1150 ), #203, .F. ) ;
#646 = DIRECTION ( 'NONE',  ( -0.9380135262632416371, 0.3465986505270888252, 0.000000000000000000 ) ) ;
#647 = ORIENTED_EDGE ( 'NONE', *, *, #815, .T. ) ;
#648 = DIRECTION ( 'NONE',  ( -0.000000000000000000, 0.000000000000000000, 1.000000000000000000 ) ) ;
#649 = VECTOR ( 'NONE', #27, 1000.000000000000000 ) ;
#650 = AXIS2_PLACEMENT_3D ( 'NONE', #1426, #1181, #1433 ) ;
#651 = VERTEX_POINT ( 'NONE', #933 ) ;
#652 = VECTOR ( 'NONE', #19, 1000.000000000000000 ) ;
#653 = AXIS2_PLACEMENT_3D ( 'NONE', #598, #476, #1080 ) ;
#654 = DIRECTION ( 'NONE',  ( -0.000000000000000000, 0.000000000000000000, 1.000000000000000000 ) ) ;
#655 = VECTOR ( 'NONE', #748, 999.9999999999998863 ) ;
#656 = CC_DESIGN_DATE_AND_TIME_ASSIGNMENT ( #1268, #18, ( #1029 ) ) ;
#657 = VERTEX_POINT ( 'NONE', #1375 ) ;
#658 = CYLINDRICAL_SURFACE ( 'NONE', #1123, 6.500000000000005329 ) ;
#659 = CARTESIAN_POINT ( 'NONE',  ( 367.3278201940000258, 10.28657456619999699, 0.000000000000000000 ) ) ;
#660 = ORIENTED_EDGE ( 'NONE', *, *, #969, .T. ) ;
#661 = LINE ( 'NONE', #1007, #335 ) ;
#662 = VERTEX_POINT ( 'NONE', #1027 ) ;
#663 = VECTOR ( 'NONE', #892, 1000.000000000000000 ) ;
#664 = CARTESIAN_POINT ( 'NONE',  ( 323.0079251159999671, -95.40649841779999463, -20.00000000000000000 ) ) ;
#665 = ORIENTED_EDGE ( 'NONE', *, *, #1292, .T. ) ;
#666 = FACE_OUTER_BOUND ( 'NONE', #66, .T. ) ;
#667 = ORIENTED_EDGE ( 'NONE', *, *, #1406, .F. ) ;
#668 = DIRECTION ( 'NONE',  ( -0.000000000000000000, 0.000000000000000000, 1.000000000000000000 ) ) ;
#669 = ORIENTED_EDGE ( 'NONE', *, *, #971, .T. ) ;
#670 = VECTOR ( 'NONE', #491, 1000.000000000000000 ) ;
#671 = ORIENTED_EDGE ( 'NONE', *, *, #459, .T. ) ;
#672 = CIRCLE ( 'NONE', #1070, 234.5000000000000000 ) ;
#673 = LINE ( 'NONE', #1034, #493 ) ;
#674 = AXIS2_PLACEMENT_3D ( 'NONE', #1449, #611, #1202 ) ;
#675 = DIRECTION ( 'NONE',  ( 0.000000000000000000, 0.000000000000000000, -1.000000000000000000 ) ) ;
#676 = EDGE_CURVE ( 'NONE', #301, #50, #1164, .T. ) ;
#677 = CARTESIAN_POINT ( 'NONE',  ( 384.4862800569999877, -63.78785210369999703, -20.00000000000000000 ) ) ;
#678 = VERTEX_POINT ( 'NONE', #327 ) ;
#679 = ADVANCED_FACE ( 'NONE', ( #806 ), #306, .F. ) ;
#680 = ORIENTED_EDGE ( 'NONE', *, *, #178, .F. ) ;
#681 = CARTESIAN_POINT ( 'NONE',  ( 288.1354770222999946, 46.80710277629999894, -20.00000000000000000 ) ) ;
#682 = DIRECTION ( 'NONE',  ( 0.5332293572801282133, -0.8459707161212033366, 0.000000000000000000 ) ) ;
#683 = CYLINDRICAL_SURFACE ( 'NONE', #167, 7.500000000000007105 ) ;
#684 = CARTESIAN_POINT ( 'NONE',  ( 355.6278857829999538, -0.6272485393000043485, -20.00000000000000000 ) ) ;
#685 = ORIENTED_EDGE ( 'NONE', *, *, #1417, .F. ) ;
#686 = ORIENTED_EDGE ( 'NONE', *, *, #1558, .T. ) ;
#687 = CYLINDRICAL_SURFACE ( 'NONE', #1219, 6.500000000000005329 ) ;
#688 = CARTESIAN_POINT ( 'NONE',  ( 330.3646461959999669, 57.54289668739999541, 0.000000000000000000 ) ) ;
#689 = EDGE_CURVE ( 'NONE', #530, #1160, #300, .T. ) ;
#690 = DIRECTION ( 'NONE',  ( -0.000000000000000000, 0.000000000000000000, 1.000000000000000000 ) ) ;
#691 = ADVANCED_FACE ( 'NONE', ( #1381 ), #687, .F. ) ;
#692 = EDGE_CURVE ( 'NONE', #14, #1040, #1423, .T. ) ;
#693 = DIRECTION ( 'NONE',  ( 0.8459707161212032256, -0.5332293572801281023, 0.000000000000000000 ) ) ;
#694 = ORIENTED_EDGE ( 'NONE', *, *, #809, .T. ) ;
#695 = EDGE_CURVE ( 'NONE', #820, #724, #1370, .T. ) ;
#696 = ORIENTED_EDGE ( 'NONE', *, *, #626, .F. ) ;
#697 = CARTESIAN_POINT ( 'NONE',  ( 47.92612905999998674, 57.54289668739999541, -20.00000000000000000 ) ) ;
#698 = CYLINDRICAL_SURFACE ( 'NONE', #1379, 6.499999999999999112 ) ;
#699 = VECTOR ( 'NONE', #1047, 1000.000000000000000 ) ;
#700 = CYLINDRICAL_SURFACE ( 'NONE', #431, 6.499999999999999112 ) ;
#701 = AXIS2_PLACEMENT_3D ( 'NONE', #1009, #759, #746 ) ;
#702 = CARTESIAN_POINT ( 'NONE',  ( 11.88242043099999101, 58.46543029139999703, 0.000000000000000000 ) ) ;
#703 = ORIENTED_EDGE ( 'NONE', *, *, #1528, .T. ) ;
#704 = CC_DESIGN_PERSON_AND_ORGANIZATION_ASSIGNMENT ( #1, #1436, ( #966 ) ) ;
#705 = ORIENTED_EDGE ( 'NONE', *, *, #887, .T. ) ;
#706 = DIRECTION ( 'NONE',  ( -0.000000000000000000, 0.000000000000000000, 1.000000000000000000 ) ) ;
#707 = LINE ( 'NONE', #570, #277 ) ;
#708 = CARTESIAN_POINT ( 'NONE',  ( 48.78285014000000075, -95.40649841779999463, 0.000000000000000000 ) ) ;
#709 = CIRCLE ( 'NONE', #24, 438.0000000000000000 ) ;
#710 = CARTESIAN_POINT ( 'NONE',  ( 65.83209919399999421, -54.99210628144000168, 4.500000000000000888 ) ) ;
#711 = ORIENTED_EDGE ( 'NONE', *, *, #459, .F. ) ;
#712 = VERTEX_POINT ( 'NONE', #904 ) ;
#713 = DIRECTION ( 'NONE',  ( -0.000000000000000000, 0.000000000000000000, 1.000000000000000000 ) ) ;
#714 = CARTESIAN_POINT ( 'NONE',  ( 391.8820996859999468, -47.92746572494999668, 4.500000000000000888 ) ) ;
#715 = AXIS2_PLACEMENT_3D ( 'NONE', #885, #279, #157 ) ;
#716 = DIRECTION ( 'NONE',  ( -0.000000000000000000, 0.000000000000000000, 1.000000000000000000 ) ) ;
#717 = EDGE_CURVE ( 'NONE', #1256, #662, #1403, .T. ) ;
#718 = DIRECTION ( 'NONE',  ( -0.000000000000000000, 0.000000000000000000, 1.000000000000000000 ) ) ;
#719 = ORIENTED_EDGE ( 'NONE', *, *, #1405, .T. ) ;
#720 = ORIENTED_EDGE ( 'NONE', *, *, #125, .T. ) ;
#721 = CARTESIAN_POINT ( 'NONE',  ( 41.42612905999997963, 57.54289668739999541, 0.000000000000000000 ) ) ;
#722 = LINE ( 'NONE', #617, #241 ) ;
#723 = CARTESIAN_POINT ( 'NONE',  ( -7.500000000000007105, 0.000000000000000000, -20.00000000000000000 ) ) ;
#724 = VERTEX_POINT ( 'NONE', #550 ) ;
#725 = AXIS2_PLACEMENT_3D ( 'NONE', #957, #489, #260 ) ;
#726 = EDGE_LOOP ( 'NONE', ( #1518, #1341, #685, #1420, #356, #1147, #1371, #272, #3, #660, #1553, #1533 ) ) ;
#727 = ADVANCED_FACE ( 'NONE', ( #666 ), #1135, .F. ) ;
#728 = VECTOR ( 'NONE', #842, 1000.000000000000000 ) ;
#729 = AXIS2_PLACEMENT_3D ( 'NONE', #1003, #155, #1126 ) ;
#730 = FACE_OUTER_BOUND ( 'NONE', #1378, .T. ) ;
#731 = PLANE ( 'NONE',  #650 ) ;
#732 = DIRECTION ( 'NONE',  ( 0.000000000000000000, 0.000000000000000000, 1.000000000000000000 ) ) ;
#733 = PERSON_AND_ORGANIZATION ( #1004, #1537 ) ;
#734 = DIRECTION ( 'NONE',  ( -0.000000000000000000, 0.000000000000000000, 1.000000000000000000 ) ) ;
#735 = VERTEX_POINT ( 'NONE', #188 ) ;
#736 = VERTEX_POINT ( 'NONE', #681 ) ;
#737 = CARTESIAN_POINT ( 'NONE',  ( 83.85522905799997773, -103.7688093832000078, -20.00000000000000000 ) ) ;
#738 = CARTESIAN_POINT ( 'NONE',  ( 25.66639931599998192, 36.59708727969999842, -20.00000000000000000 ) ) ;
#739 = DIRECTION ( 'NONE',  ( -0.000000000000000000, 0.000000000000000000, 1.000000000000000000 ) ) ;
#740 = VECTOR ( 'NONE', #993, 1000.000000000000000 ) ;
#741 = EDGE_CURVE ( 'NONE', #20, #85, #673, .T. ) ;
#742 = DIRECTION ( 'NONE',  ( -0.3465986505270888252, 0.9380135262632416371, 0.000000000000000000 ) ) ;
#743 = ADVANCED_FACE ( 'NONE', ( #1271 ), #196, .T. ) ;
#744 = VERTEX_POINT ( 'NONE', #956 ) ;
#745 = EDGE_CURVE ( 'NONE', #315, #85, #619, .T. ) ;
#746 = DIRECTION ( 'NONE',  ( -0.000000000000000000, 0.000000000000000000, 1.000000000000000000 ) ) ;
#747 = ORIENTED_EDGE ( 'NONE', *, *, #676, .F. ) ;
#748 = DIRECTION ( 'NONE',  ( 0.9380135262632416371, 0.3465986505270888252, 0.000000000000000000 ) ) ;
#749 = CARTESIAN_POINT ( 'NONE',  ( -0.7369793489999942881, 21.20039767169999578, -20.00000000000000000 ) ) ;
#750 = PLANE ( 'NONE',  #263 ) ;
#751 = VECTOR ( 'NONE', #118, 999.9999999999998863 ) ;
#752 = VECTOR ( 'NONE', #984, 1000.000000000000000 ) ;
#753 = ORIENTED_EDGE ( 'NONE', *, *, #1116, .T. ) ;
#754 = DIRECTION ( 'NONE',  ( -1.000000000000000000, 0.000000000000000000, 0.000000000000000000 ) ) ;
#755 = FACE_OUTER_BOUND ( 'NONE', #1162, .T. ) ;
#756 = DIRECTION ( 'NONE',  ( -0.000000000000000000, 0.000000000000000000, 1.000000000000000000 ) ) ;
#757 = DIRECTION ( 'NONE',  ( 0.7312459006883245127, 0.6821139440933026155, 0.000000000000000000 ) ) ;
#758 = EDGE_LOOP ( 'NONE', ( #747, #1540, #844, #380 ) ) ;
#759 = DIRECTION ( 'NONE',  ( 0.5332293572801281023, -0.8459707161212032256, 0.000000000000000000 ) ) ;
#760 = CARTESIAN_POINT ( 'NONE',  ( 366.4083548250000035, 58.46543029139999703, -20.00000000000000000 ) ) ;
#761 = CARTESIAN_POINT ( 'NONE',  ( 385.7907752559999608, 0.000000000000000000, 4.500000000000000888 ) ) ;
#762 = VERTEX_POINT ( 'NONE', #488 ) ;
#763 = CYLINDRICAL_SURFACE ( 'NONE', #28, 6.499999999999999112 ) ;
#764 = EDGE_LOOP ( 'NONE', ( #1008, #1522 ) ) ;
#765 = LINE ( 'NONE', #513, #293 ) ;
#766 = FACE_BOUND ( 'NONE', #769, .T. ) ;
#767 = CARTESIAN_POINT ( 'NONE',  ( 47.92612905999998674, 57.54289668739999541, 0.000000000000000000 ) ) ;
#768 = EDGE_CURVE ( 'NONE', #1051, #1506, #1095, .T. ) ;
#769 = EDGE_LOOP ( 'NONE', ( #1468, #1351 ) ) ;
#770 = APPROVAL ( #377, 'UNSPECIFIED' ) ;
#771 = CARTESIAN_POINT ( 'NONE',  ( 391.8820996859999468, -47.92746572494999668, 29.00000000000000000 ) ) ;
#772 = EDGE_LOOP ( 'NONE', ( #1058, #1212, #1069, #1100 ) ) ;
#773 = AXIS2_PLACEMENT_3D ( 'NONE', #1338, #756, #1109 ) ;
#774 = PLANE ( 'NONE',  #87 ) ;
#775 = DIRECTION ( 'NONE',  ( -0.000000000000000000, 0.000000000000000000, 1.000000000000000000 ) ) ;
#776 = VECTOR ( 'NONE', #221, 1000.000000000000000 ) ;
#777 = EDGE_LOOP ( 'NONE', ( #208, #1364, #1233, #665 ) ) ;
#778 = CARTESIAN_POINT ( 'NONE',  ( 301.8927944399999888, 68.63314725239999348, 0.000000000000000000 ) ) ;
#779 = CIRCLE ( 'NONE', #448, 438.0000000000000000 ) ;
#780 = ORIENTED_EDGE ( 'NONE', *, *, #768, .T. ) ;
#781 = CARTESIAN_POINT ( 'NONE',  ( 25.66639931599998192, 36.59708727969999842, 0.000000000000000000 ) ) ;
#782 = VERTEX_POINT ( 'NONE', #1310 ) ;
#783 = DIRECTION ( 'NONE',  ( -0.7312459006883245127, -0.6821139440933026155, 0.000000000000000000 ) ) ;
#784 = ORIENTED_EDGE ( 'NONE', *, *, #856, .F. ) ;
#785 = DIRECTION ( 'NONE',  ( -0.000000000000000000, 0.000000000000000000, 1.000000000000000000 ) ) ;
#786 = ORIENTED_EDGE ( 'NONE', *, *, #1226, .T. ) ;
#787 = ORIENTED_EDGE ( 'NONE', *, *, #1246, .T. ) ;
#788 = EDGE_CURVE ( 'NONE', #1031, #309, #972, .T. ) ;
#789 = EDGE_CURVE ( 'NONE', #473, #614, #89, .T. ) ;
#790 = DIRECTION ( 'NONE',  ( 0.000000000000000000, 0.000000000000000000, -1.000000000000000000 ) ) ;
#791 = DIRECTION ( 'NONE',  ( 0.8459707161212032256, -0.5332293572801281023, 0.000000000000000000 ) ) ;
#792 = COORDINATED_UNIVERSAL_TIME_OFFSET ( 8, 0, .AHEAD. ) ;
#793 = ADVANCED_FACE ( 'NONE', ( #730 ), #234, .F. ) ;
#794 = ORIENTED_EDGE ( 'NONE', *, *, #86, .T. ) ;
#795 = VECTOR ( 'NONE', #742, 999.9999999999998863 ) ;
#796 = PRODUCT_DEFINITION_SHAPE ( 'NONE', 'NONE',  #1029 ) ;
#797 = VERTEX_POINT ( 'NONE', #1425 ) ;
#798 = DIRECTION ( 'NONE',  ( -1.000000000000000000, 0.000000000000000000, 0.000000000000000000 ) ) ;
#799 = DIRECTION ( 'NONE',  ( 1.000000000000000000, 0.000000000000000000, 0.000000000000000000 ) ) ;
#800 = DIRECTION ( 'NONE',  ( -0.6821139440933026155, 0.7312459006883245127, 0.000000000000000000 ) ) ;
#801 = VECTOR ( 'NONE', #734, 1000.000000000000000 ) ;
#802 = AXIS2_PLACEMENT_3D ( 'NONE', #469, #732, #1210 ) ;
#803 = VERTEX_POINT ( 'NONE', #721 ) ;
#804 = ORIENTED_EDGE ( 'NONE', *, *, #859, .T. ) ;
#805 = EDGE_CURVE ( 'NONE', #42, #762, #672, .T. ) ;
#806 = FACE_OUTER_BOUND ( 'NONE', #772, .T. ) ;
#807 = CARTESIAN_POINT ( 'NONE',  ( 54.42612905999999384, 57.54289668739999541, 0.000000000000000000 ) ) ;
#808 = EDGE_CURVE ( 'NONE', #20, #803, #61, .T. ) ;
#809 = EDGE_CURVE ( 'NONE', #560, #724, #1447, .T. ) ;
#810 = CARTESIAN_POINT ( 'NONE',  ( 189.1453876279999804, -165.7751453106000099, 29.00000000000000000 ) ) ;
#811 = VERTEX_POINT ( 'NONE', #595 ) ;
#812 = ORIENTED_EDGE ( 'NONE', *, *, #1129, .F. ) ;
#813 = CARTESIAN_POINT ( 'NONE',  ( 189.1453876279999804, -165.7751453106000099, 0.000000000000000000 ) ) ;
#814 = CARTESIAN_POINT ( 'NONE',  ( 323.0079251159999671, -95.40649841779999463, 4.500000000000000888 ) ) ;
#815 = EDGE_CURVE ( 'NONE', #811, #944, #109, .T. ) ;
#816 = CALENDAR_DATE ( 2025, 24, 10 ) ;
#817 = CARTESIAN_POINT ( 'NONE',  ( 0.000000000000000000, 0.000000000000000000, 0.000000000000000000 ) ) ;
#818 = EDGE_LOOP ( 'NONE', ( #999, #1446, #1512, #1141 ) ) ;
#819 = VECTOR ( 'NONE', #484, 1000.000000000000000 ) ;
#820 = VERTEX_POINT ( 'NONE', #365 ) ;
#821 = VECTOR ( 'NONE', #837, 999.9999999999998863 ) ;
#822 = DIRECTION ( 'NONE',  ( -1.000000000000000000, 0.000000000000000000, 0.000000000000000000 ) ) ;
#823 = CARTESIAN_POINT ( 'NONE',  ( 189.1453876279999804, -51.87514531060000422, 0.000000000000000000 ) ) ;
#824 = AXIS2_PLACEMENT_3D ( 'NONE', #1019, #1041, #1395 ) ;
#825 = FACE_OUTER_BOUND ( 'NONE', #1254, .T. ) ;
#826 = PERSON_AND_ORGANIZATION ( #1004, #1537 ) ;
#827 = DIRECTION ( 'NONE',  ( -1.000000000000000000, 0.000000000000000000, 0.000000000000000000 ) ) ;
#828 = ORIENTED_EDGE ( 'NONE', *, *, #1226, .F. ) ;
#829 = ORIENTED_EDGE ( 'NONE', *, *, #341, .F. ) ;
#830 = DIRECTION ( 'NONE',  ( -0.000000000000000000, 0.000000000000000000, 1.000000000000000000 ) ) ;
#831 = LINE ( 'NONE', #1304, #192 ) ;
#832 = DIRECTION ( 'NONE',  ( 0.4290983405249741423, 0.9032577783549462502, 0.000000000000000000 ) ) ;
#833 = AXIS2_PLACEMENT_3D ( 'NONE', #1035, #1151, #322 ) ;
#834 = DIRECTION ( 'NONE',  ( -0.000000000000000000, 0.000000000000000000, 1.000000000000000000 ) ) ;
#835 = VERTEX_POINT ( 'NONE', #581 ) ;
#836 = ORIENTED_EDGE ( 'NONE', *, *, #1225, .T. ) ;
#837 = DIRECTION ( 'NONE',  ( -0.9380135262632416371, 0.3465986505270888252, 0.000000000000000000 ) ) ;
#838 = DIRECTION ( 'NONE',  ( -1.000000000000000000, 0.000000000000000000, 0.000000000000000000 ) ) ;
#839 = ADVANCED_FACE ( 'NONE', ( #1187 ), #1284, .F. ) ;
#840 = CARTESIAN_POINT ( 'NONE',  ( 7.499999999999978684, 0.000000000000000000, -20.00000000000000000 ) ) ;
#841 = ADVANCED_FACE ( 'NONE', ( #457 ), #939, .T. ) ;
#842 = DIRECTION ( 'NONE',  ( -0.000000000000000000, 0.000000000000000000, 1.000000000000000000 ) ) ;
#843 = ORIENTED_EDGE ( 'NONE', *, *, #1132, .T. ) ;
#844 = ORIENTED_EDGE ( 'NONE', *, *, #1039, .T. ) ;
#845 = CARTESIAN_POINT ( 'NONE',  ( 189.1453876279999804, -165.7751453106000099, 4.500000000000000888 ) ) ;
#846 = CARTESIAN_POINT ( 'NONE',  ( 9.551287654999990551, -75.78802504909999982, -20.00000000000000000 ) ) ;
#847 = APPROVAL_ROLE ( '' ) ;
#848 = CARTESIAN_POINT ( 'NONE',  ( 350.7163577740000164, -124.5647284148000011, -20.00000000000000000 ) ) ;
#849 = ORIENTED_EDGE ( 'NONE', *, *, #958, .F. ) ;
#850 = ORIENTED_EDGE ( 'NONE', *, *, #509, .T. ) ;
#851 = CIRCLE ( 'NONE', #1075, 7.500000000000000000 ) ;
#852 = VECTOR ( 'NONE', #353, 999.9999999999998863 ) ;
#853 = CARTESIAN_POINT ( 'NONE',  ( 47.92612905999998674, 57.54289668739999541, -20.00000000000000000 ) ) ;
#854 = FACE_BOUND ( 'NONE', #764, .T. ) ;
#855 = AXIS2_PLACEMENT_3D ( 'NONE', #30, #648, #1354 ) ;
#856 = EDGE_CURVE ( 'NONE', #803, #315, #333, .T. ) ;
#857 = LINE ( 'NONE', #369, #1249 ) ;
#858 = EDGE_CURVE ( 'NONE', #455, #1290, #265, .T. ) ;
#859 = EDGE_CURVE ( 'NONE', #1127, #678, #1541, .T. ) ;
#860 = CALENDAR_DATE ( 2025, 24, 10 ) ;
#861 = LINE ( 'NONE', #1314, #41 ) ;
#862 = ADVANCED_FACE ( 'NONE', ( #1303 ), #225, .T. ) ;
#863 = ORIENTED_EDGE ( 'NONE', *, *, #908, .F. ) ;
#864 = DIRECTION ( 'NONE',  ( 0.8645488787142462384, 0.5025487402371431322, 0.000000000000000000 ) ) ;
#865 = FACE_BOUND ( 'NONE', #921, .T. ) ;
#866 = DIRECTION ( 'NONE',  ( -0.9380135262632416371, 0.3465986505270888807, 0.000000000000000000 ) ) ;
#867 = APPROVAL_PERSON_ORGANIZATION ( #1501, #985, #1383 ) ;
#868 = PERSON_AND_ORGANIZATION ( #1004, #1537 ) ;
#869 = LINE ( 'NONE', #8, #670 ) ;
#870 = ORIENTED_EDGE ( 'NONE', *, *, #1417, .T. ) ;
#871 = CARTESIAN_POINT ( 'NONE',  ( 48.78285014000000075, -95.40649841779999463, 4.500000000000000888 ) ) ;
#872 = VERTEX_POINT ( 'NONE', #616 ) ;
#873 = LINE ( 'NONE', #154, #580 ) ;
#874 = DIRECTION ( 'NONE',  ( 0.000000000000000000, 0.000000000000000000, -1.000000000000000000 ) ) ;
#875 = CIRCLE ( 'NONE', #1267, 234.5000000000000000 ) ;
#876 = CARTESIAN_POINT ( 'NONE',  ( 189.1453876279999804, -165.7751453106000099, -20.00000000000000000 ) ) ;
#877 = CIRCLE ( 'NONE', #194, 234.5000000000000000 ) ;
#878 = VECTOR ( 'NONE', #596, 1000.000000000000000 ) ;
#879 = EDGE_LOOP ( 'NONE', ( #292, #994, #478, #217 ) ) ;
#880 = CARTESIAN_POINT ( 'NONE',  ( 359.7279226880000351, -100.1763767319999943, 0.000000000000000000 ) ) ;
#881 = ORIENTED_EDGE ( 'NONE', *, *, #1006, .F. ) ;
#882 = LINE ( 'NONE', #516, #655 ) ;
#883 = ADVANCED_FACE ( 'NONE', ( #1483 ), #374, .F. ) ;
#884 = ORIENTED_EDGE ( 'NONE', *, *, #441, .T. ) ;
#885 = CARTESIAN_POINT ( 'NONE',  ( 189.1453876279999804, -165.7751453106000099, 29.00000000000000000 ) ) ;
#886 = ORIENTED_EDGE ( 'NONE', *, *, #576, .T. ) ;
#887 = EDGE_CURVE ( 'NONE', #174, #651, #1049, .T. ) ;
#888 = DIRECTION ( 'NONE',  ( 1.000000000000000000, 0.000000000000000000, 0.000000000000000000 ) ) ;
#889 = DIRECTION ( 'NONE',  ( -0.3465986505270888252, 0.9380135262632416371, 0.000000000000000000 ) ) ;
#890 = LINE ( 'NONE', #507, #43 ) ;
#891 = ORIENTED_EDGE ( 'NONE', *, *, #856, .T. ) ;
#892 = DIRECTION ( 'NONE',  ( -0.000000000000000000, 0.000000000000000000, 1.000000000000000000 ) ) ;
#893 = ORIENTED_EDGE ( 'NONE', *, *, #531, .T. ) ;
#894 = DIRECTION ( 'NONE',  ( -1.000000000000000000, 0.000000000000000000, 0.000000000000000000 ) ) ;
#895 = DIRECTION ( 'NONE',  ( -0.000000000000000000, 0.000000000000000000, 1.000000000000000000 ) ) ;
#896 = DIRECTION ( 'NONE',  ( -0.000000000000000000, 0.000000000000000000, 1.000000000000000000 ) ) ;
#897 = ORIENTED_EDGE ( 'NONE', *, *, #1503, .T. ) ;
#898 = CARTESIAN_POINT ( 'NONE',  ( 189.1453876280000088, 68.72485468940000430, 4.500000000000000888 ) ) ;
#899 = ORIENTED_EDGE ( 'NONE', *, *, #859, .F. ) ;
#900 = AXIS2_PLACEMENT_3D ( 'NONE', #767, #291, #1250 ) ;
#901 = CARTESIAN_POINT ( 'NONE',  ( 1.200314576999983451, -79.64823859999999911, 4.500000000000000888 ) ) ;
#902 = ORIENTED_EDGE ( 'NONE', *, *, #815, .F. ) ;
#903 = AXIS2_PLACEMENT_3D ( 'NONE', #1237, #496, #138 ) ;
#904 = CARTESIAN_POINT ( 'NONE',  ( -0.7369793489999942881, 21.20039767169999578, 0.000000000000000000 ) ) ;
#905 = CARTESIAN_POINT ( 'NONE',  ( 367.3278201940000258, 10.28657456619999699, -20.00000000000000000 ) ) ;
#906 = CARTESIAN_POINT ( 'NONE',  ( 387.4256155669999657, -11.99185942650000314, -20.00000000000000000 ) ) ;
#907 = EDGE_CURVE ( 'NONE', #1355, #651, #35, .T. ) ;
#908 = EDGE_CURVE ( 'NONE', #1346, #1412, #1297, .T. ) ;
#909 = VERTEX_POINT ( 'NONE', #159 ) ;
#910 = ORIENTED_EDGE ( 'NONE', *, *, #858, .T. ) ;
#911 = VECTOR ( 'NONE', #556, 999.9999999999998863 ) ;
#912 = DIRECTION ( 'NONE',  ( -0.8459707161212032256, -0.5332293572801281023, -0.000000000000000000 ) ) ;
#913 = DIRECTION ( 'NONE',  ( 0.000000000000000000, 0.000000000000000000, -1.000000000000000000 ) ) ;
#914 = FACE_OUTER_BOUND ( 'NONE', #1076, .T. ) ;
#915 = CARTESIAN_POINT ( 'NONE',  ( -9.134840311000008484, -11.99185942650000314, -20.00000000000000000 ) ) ;
#916 = ORIENTED_EDGE ( 'NONE', *, *, #367, .T. ) ;
#917 = CC_DESIGN_APPROVAL ( #770, ( #966 ) ) ;
#918 = VERTEX_POINT ( 'NONE', #990 ) ;
#919 = DIRECTION ( 'NONE',  ( 0.6821139440933026155, -0.7312459006883244017, 0.000000000000000000 ) ) ;
#920 = CARTESIAN_POINT ( 'NONE',  ( 338.8403970539999932, 14.72874426789999625, 0.000000000000000000 ) ) ;
#921 = EDGE_LOOP ( 'NONE', ( #153, #1239 ) ) ;
#922 = ORIENTED_EDGE ( 'NONE', *, *, #1182, .F. ) ;
#923 = CARTESIAN_POINT ( 'NONE',  ( 375.3600582049999730, -23.24673950400000422, 0.000000000000000000 ) ) ;
#924 = CARTESIAN_POINT ( 'NONE',  ( 368.7394876009999507, -75.78802504909999982, 0.000000000000000000 ) ) ;
#925 = AXIS2_PLACEMENT_3D ( 'NONE', #846, #352, #1209 ) ;
#926 = APPLICATION_PROTOCOL_DEFINITION ( 'international standard', 'config_control_design', 1994, #415 ) ;
#927 = CIRCLE ( 'NONE', #445, 7.500000000000007105 ) ;
#928 = CIRCLE ( 'NONE', #246, 6.500000000000005329 ) ;
#929 = CARTESIAN_POINT ( 'NONE',  ( 189.1453876280000088, -37.27514531060000280, -20.00000000000000000 ) ) ;
#930 = ORIENTED_EDGE ( 'NONE', *, *, #1018, .F. ) ;
#931 = VERTEX_POINT ( 'NONE', #1093 ) ;
#932 = ADVANCED_FACE ( 'NONE', ( #144 ), #632, .F. ) ;
#933 = CARTESIAN_POINT ( 'NONE',  ( 312.4586760619999382, -54.99210628144000168, 0.000000000000000000 ) ) ;
#934 = CARTESIAN_POINT ( 'NONE',  ( 189.1453876280000372, -475.2751453106000099, 29.00000000000000000 ) ) ;
#935 = LINE ( 'NONE', #191, #354 ) ;
#936 = DIRECTION ( 'NONE',  ( -1.000000000000000000, 0.000000000000000000, 0.000000000000000000 ) ) ;
#937 = VERTEX_POINT ( 'NONE', #1223 ) ;
#938 = ORIENTED_EDGE ( 'NONE', *, *, #1507, .F. ) ;
#939 = CYLINDRICAL_SURFACE ( 'NONE', #1291, 234.4999999999999432 ) ;
#940 = FACE_BOUND ( 'NONE', #1190, .T. ) ;
#941 = DIRECTION ( 'NONE',  ( 0.5332293572801282133, 0.8459707161212033366, 0.000000000000000000 ) ) ;
#942 = PERSON_AND_ORGANIZATION_ROLE ( 'design_owner' ) ;
#943 = CARTESIAN_POINT ( 'NONE',  ( 338.8403970539999932, 14.72874426789999625, -20.00000000000000000 ) ) ;
#944 = VERTEX_POINT ( 'NONE', #737 ) ;
#945 = AXIS2_PLACEMENT_3D ( 'NONE', #399, #1013, #1480 ) ;
#946 = ORIENTED_EDGE ( 'NONE', *, *, #1431, .T. ) ;
#947 = AXIS2_PLACEMENT_3D ( 'NONE', #1054, #1534, #964 ) ;
#948 = DIRECTION ( 'NONE',  ( -1.000000000000000000, 0.000000000000000000, 0.000000000000000000 ) ) ;
#949 = DIRECTION ( 'NONE',  ( 0.3465986505270888252, -0.9380135262632416371, 0.000000000000000000 ) ) ;
#950 = VECTOR ( 'NONE', #606, 1000.000000000000000 ) ;
#951 = CARTESIAN_POINT ( 'NONE',  ( 312.4586760619999382, -54.99210628144000168, -20.00000000000000000 ) ) ;
#952 = EDGE_LOOP ( 'NONE', ( #1143, #1487, #411, #784 ) ) ;
#953 = EDGE_CURVE ( 'NONE', #782, #630, #12, .T. ) ;
#954 = EDGE_CURVE ( 'NONE', #454, #811, #532, .T. ) ;
#955 = ORIENTED_EDGE ( 'NONE', *, *, #958, .T. ) ;
#956 = CARTESIAN_POINT ( 'NONE',  ( 323.8646461959999669, 57.54289668739999541, -20.00000000000000000 ) ) ;
#957 = CARTESIAN_POINT ( 'NONE',  ( 329.5079251159999671, -95.40649841779999463, -20.00000000000000000 ) ) ;
#958 = EDGE_CURVE ( 'NONE', #1283, #1275, #1230, .T. ) ;
#959 = FACE_BOUND ( 'NONE', #71, .T. ) ;
#960 = AXIS2_PLACEMENT_3D ( 'NONE', #1472, #543, #492 ) ;
#961 = CARTESIAN_POINT ( 'NONE',  ( 330.3646461959999669, 57.54289668739999541, -20.00000000000000000 ) ) ;
#962 = ORIENTED_EDGE ( 'NONE', *, *, #441, .F. ) ;
#963 = ORIENTED_EDGE ( 'NONE', *, *, #973, .F. ) ;
#964 = DIRECTION ( 'NONE',  ( 0.4226182545458440631, -0.9063077903916660905, 0.000000000000000000 ) ) ;
#965 = DIRECTION ( 'NONE',  ( -0.000000000000000000, 0.000000000000000000, 1.000000000000000000 ) ) ;
#966 = PRODUCT_DEFINITION_FORMATION_WITH_SPECIFIED_SOURCE ( 'ANY', '', #146, .NOT_KNOWN. ) ;
#967 = DIRECTION ( 'NONE',  ( -1.000000000000000000, 0.000000000000000000, 0.000000000000000000 ) ) ;
#968 = ORIENTED_EDGE ( 'NONE', *, *, #1180, .F. ) ;
#969 = EDGE_CURVE ( 'NONE', #1498, #797, #1521, .T. ) ;
#970 = EDGE_LOOP ( 'NONE', ( #1084, #1176, #608, #310 ) ) ;
#971 = EDGE_CURVE ( 'NONE', #1412, #553, #1329, .T. ) ;
#972 = LINE ( 'NONE', #1078, #1546 ) ;
#973 = EDGE_CURVE ( 'NONE', #85, #315, #1099, .T. ) ;
#974 = CARTESIAN_POINT ( 'NONE',  ( 65.83209919399999421, -54.99210628144000168, 0.000000000000000000 ) ) ;
#975 = MANIFOLD_SOLID_BREP ( '零件几何体', #1505 ) ;
#976 = CARTESIAN_POINT ( 'NONE',  ( 350.7163577740000164, -124.5647284148000011, 0.000000000000000000 ) ) ;
#977 = EDGE_CURVE ( 'NONE', #712, #1498, #282, .T. ) ;
#978 = VECTOR ( 'NONE', #1142, 1000.000000000000000 ) ;
#979 = CALENDAR_DATE ( 2025, 24, 10 ) ;
#980 = CARTESIAN_POINT ( 'NONE',  ( -13.59132443000002333, -47.92746572494999668, 4.500000000000000888 ) ) ;
#981 = VECTOR ( 'NONE', #1000, 1000.000000000000000 ) ;
#982 = ORIENTED_EDGE ( 'NONE', *, *, #1178, .F. ) ;
#983 = CARTESIAN_POINT ( 'NONE',  ( 10.96295506199998471, 10.28657456619999699, 0.000000000000000000 ) ) ;
#984 = DIRECTION ( 'NONE',  ( 0.8459707161212033366, 0.5332293572801282133, 0.000000000000000000 ) ) ;
#985 = APPROVAL ( #552, 'UNSPECIFIED' ) ;
#986 = CARTESIAN_POINT ( 'NONE',  ( 368.7394876009999507, -75.78802504909999982, -20.00000000000000000 ) ) ;
#987 = PERSON_AND_ORGANIZATION_ROLE ( 'creator' ) ;
#988 = CARTESIAN_POINT ( 'NONE',  ( 336.0079251159999671, -95.40649841779999463, 0.000000000000000000 ) ) ;
#989 = ORIENTED_EDGE ( 'NONE', *, *, #768, .F. ) ;
#990 = CARTESIAN_POINT ( 'NONE',  ( 189.1453876279998099, 68.72485468940000430, -20.00000000000000000 ) ) ;
#991 = ORIENTED_EDGE ( 'NONE', *, *, #1132, .F. ) ;
#992 = FACE_OUTER_BOUND ( 'NONE', #1185, .T. ) ;
#993 = DIRECTION ( 'NONE',  ( 0.7312459006883245127, 0.6821139440933026155, 0.000000000000000000 ) ) ;
#994 = ORIENTED_EDGE ( 'NONE', *, *, #342, .T. ) ;
#995 = DIRECTION ( 'NONE',  ( -0.000000000000000000, 0.000000000000000000, 1.000000000000000000 ) ) ;
#996 = LINE ( 'NONE', #1471, #1327 ) ;
#997 = ORIENTED_EDGE ( 'NONE', *, *, #125, .F. ) ;
#998 = DIRECTION ( 'NONE',  ( -0.000000000000000000, 0.000000000000000000, 1.000000000000000000 ) ) ;
#999 = ORIENTED_EDGE ( 'NONE', *, *, #953, .F. ) ;
#1000 = DIRECTION ( 'NONE',  ( -0.000000000000000000, 0.000000000000000000, 1.000000000000000000 ) ) ;
#1001 = VECTOR ( 'NONE', #214, 1000.000000000000000 ) ;
#1002 = DIRECTION ( 'NONE',  ( -0.4226182545458440631, 0.9063077903916659794, 0.000000000000000000 ) ) ;
#1003 = CARTESIAN_POINT ( 'NONE',  ( 189.1453876279999804, -165.7751453106000099, -20.00000000000000000 ) ) ;
#1004 = PERSON ( 'UNSPECIFIED', 'UNSPECIFIED', 'UNSPECIFIED', ('UNSPECIFIED'), ('UNSPECIFIED'), ('UNSPECIFIED') ) ;
#1005 = LINE ( 'NONE', #905, #349 ) ;
#1006 = EDGE_CURVE ( 'NONE', #1275, #1355, #765, .T. ) ;
#1007 = CARTESIAN_POINT ( 'NONE',  ( 9.551287654999990551, -75.78802504909999982, 4.500000000000000888 ) ) ;
#1008 = ORIENTED_EDGE ( 'NONE', *, *, #1342, .T. ) ;
#1009 = CARTESIAN_POINT ( 'NONE',  ( 11.88242043099999101, 58.46543029139999703, -20.00000000000000000 ) ) ;
#1010 = CARTESIAN_POINT ( 'NONE',  ( 189.1453876279999804, -51.87514531060000422, 0.000000000000000000 ) ) ;
#1011 = DIRECTION ( 'NONE',  ( 0.000000000000000000, 0.000000000000000000, -1.000000000000000000 ) ) ;
#1012 = ORIENTED_EDGE ( 'NONE', *, *, #954, .T. ) ;
#1013 = DIRECTION ( 'NONE',  ( -0.000000000000000000, 0.000000000000000000, 1.000000000000000000 ) ) ;
#1014 = ORIENTED_EDGE ( 'NONE', *, *, #179, .T. ) ;
#1015 = ADVANCED_FACE ( 'NONE', ( #1345 ), #1122, .T. ) ;
#1016 = DIRECTION ( 'NONE',  ( 0.4226182617411949338, 0.9063077870364188993, 0.000000000000000000 ) ) ;
#1017 = EDGE_LOOP ( 'NONE', ( #55, #828, #264, #991 ) ) ;
#1018 = EDGE_CURVE ( 'NONE', #174, #473, #389, .T. ) ;
#1019 = CARTESIAN_POINT ( 'NONE',  ( 0.000000000000000000, 0.000000000000000000, 4.500000000000000888 ) ) ;
#1020 = ORIENTED_EDGE ( 'NONE', *, *, #320, .F. ) ;
#1021 = AXIS2_PLACEMENT_3D ( 'NONE', #165, #527, #654 ) ;
#1022 = ADVANCED_FACE ( 'NONE', ( #1352 ), #259, .F. ) ;
#1023 = DIRECTION ( 'NONE',  ( -0.000000000000000000, 0.000000000000000000, 1.000000000000000000 ) ) ;
#1024 = ORIENTED_EDGE ( 'NONE', *, *, #1406, .T. ) ;
#1025 = VECTOR ( 'NONE', #783, 1000.000000000000000 ) ;
#1026 = ORIENTED_EDGE ( 'NONE', *, *, #1528, .F. ) ;
#1027 = CARTESIAN_POINT ( 'NONE',  ( 355.6278857829999538, -0.6272485393000043485, 0.000000000000000000 ) ) ;
#1028 = CARTESIAN_POINT ( 'NONE',  ( 54.42612905999999384, 57.54289668739999541, -20.00000000000000000 ) ) ;
#1029 = PRODUCT_DEFINITION ( 'UNKNOWN', '', #966, #1266 ) ;
#1030 = CALENDAR_DATE ( 2025, 24, 10 ) ;
#1031 = VERTEX_POINT ( 'NONE', #1115 ) ;
#1032 = ORIENTED_EDGE ( 'NONE', *, *, #695, .F. ) ;
#1033 = AXIS2_PLACEMENT_3D ( 'NONE', #1500, #197, #1382 ) ;
#1034 = CARTESIAN_POINT ( 'NONE',  ( 54.42612905999999384, 57.54289668739999541, 4.500000000000000888 ) ) ;
#1035 = CARTESIAN_POINT ( 'NONE',  ( 330.3646461959999669, 57.54289668739999541, -20.00000000000000000 ) ) ;
#1036 = DIRECTION ( 'NONE',  ( -1.000000000000000000, 0.000000000000000000, 0.000000000000000000 ) ) ;
#1037 = EDGE_LOOP ( 'NONE', ( #128, #1236, #881, #538 ) ) ;
#1038 = AXIS2_PLACEMENT_3D ( 'NONE', #271, #1137, #394 ) ;
#1039 = EDGE_CURVE ( 'NONE', #299, #150, #1214, .T. ) ;
#1040 = VERTEX_POINT ( 'NONE', #1517 ) ;
#1041 = DIRECTION ( 'NONE',  ( -0.000000000000000000, 0.000000000000000000, 1.000000000000000000 ) ) ;
#1042 = CARTESIAN_POINT ( 'NONE',  ( 90.15529823369998041, 46.80710277629999894, 0.000000000000000000 ) ) ;
#1043 = CARTESIAN_POINT ( 'NONE',  ( 47.92612905999998674, 57.54289668739999541, 4.500000000000000888 ) ) ;
#1044 = LINE ( 'NONE', #710, #603 ) ;
#1045 = ORIENTED_EDGE ( 'NONE', *, *, #122, .F. ) ;
#1046 = ORIENTED_EDGE ( 'NONE', *, *, #1178, .T. ) ;
#1047 = DIRECTION ( 'NONE',  ( -0.8459707161212033366, 0.5332293572801282133, 0.000000000000000000 ) ) ;
#1048 = CARTESIAN_POINT ( 'NONE',  ( 303.4471111869999618, -79.38045786309999130, 0.000000000000000000 ) ) ;
#1049 = CIRCLE ( 'NONE', #903, 438.0000000000000000 ) ;
#1050 = LINE ( 'NONE', #169, #111 ) ;
#1051 = VERTEX_POINT ( 'NONE', #1399 ) ;
#1052 = AXIS2_PLACEMENT_3D ( 'NONE', #1010, #1484, #1103 ) ;
#1053 = ORIENTED_EDGE ( 'NONE', *, *, #1018, .T. ) ;
#1054 = CARTESIAN_POINT ( 'NONE',  ( 1.200314576999983451, -79.64823859999999911, -20.00000000000000000 ) ) ;
#1055 = DIRECTION ( 'NONE',  ( -1.000000000000000000, 0.000000000000000000, 0.000000000000000000 ) ) ;
#1056 = DATE_AND_TIME ( #816, #1186 ) ;
#1057 = DIRECTION ( 'NONE',  ( -0.7312459006883245127, 0.6821139440933026155, 0.000000000000000000 ) ) ;
#1058 = ORIENTED_EDGE ( 'NONE', *, *, #1129, .T. ) ;
#1059 = VERTEX_POINT ( 'NONE', #84 ) ;
#1060 = VECTOR ( 'NONE', #1145, 1000.000000000000000 ) ;
#1061 = DIRECTION ( 'NONE',  ( -1.000000000000000000, 0.000000000000000000, 0.000000000000000000 ) ) ;
#1062 = CARTESIAN_POINT ( 'NONE',  ( 368.7394876009999507, -75.78802504909999982, 4.500000000000000888 ) ) ;
#1063 = CARTESIAN_POINT ( 'NONE',  ( 350.7163577740000164, -124.5647284148000011, -10.00000000000000000 ) ) ;
#1064 = EDGE_CURVE ( 'NONE', #937, #1256, #207, .T. ) ;
#1065 = ADVANCED_FACE ( 'NONE', ( #592 ), #774, .T. ) ;
#1066 = DIRECTION ( 'NONE',  ( -0.8459707161212033366, 0.5332293572801282133, 0.000000000000000000 ) ) ;
#1067 = ORIENTED_EDGE ( 'NONE', *, *, #1158, .T. ) ;
#1068 = AXIS2_PLACEMENT_3D ( 'NONE', #115, #1306, #133 ) ;
#1069 = ORIENTED_EDGE ( 'NONE', *, *, #103, .F. ) ;
#1070 = AXIS2_PLACEMENT_3D ( 'NONE', #5, #239, #344 ) ;
#1071 = CARTESIAN_POINT ( 'NONE',  ( 83.85522893899998564, -103.7688094272999990, -20.00000000000000000 ) ) ;
#1072 = DIRECTION ( 'NONE',  ( -1.000000000000000000, 0.000000000000000000, 0.000000000000000000 ) ) ;
#1073 = DATE_TIME_ROLE ( 'classification_date' ) ;
#1074 = DIRECTION ( 'NONE',  ( -0.000000000000000000, 0.000000000000000000, 1.000000000000000000 ) ) ;
#1075 = AXIS2_PLACEMENT_3D ( 'NONE', #817, #1488, #827 ) ;
#1076 = EDGE_LOOP ( 'NONE', ( #193, #671, #989, #117 ) ) ;
#1077 = ORIENTED_EDGE ( 'NONE', *, *, #907, .T. ) ;
#1078 = CARTESIAN_POINT ( 'NONE',  ( 336.8646461959999669, 57.54289668739999541, 4.500000000000000888 ) ) ;
#1079 = DIRECTION ( 'NONE',  ( -0.000000000000000000, 0.000000000000000000, 1.000000000000000000 ) ) ;
#1080 = DIRECTION ( 'NONE',  ( 0.9380135262632415261, -0.3465986505270888252, 0.000000000000000000 ) ) ;
#1081 = APPROVAL_DATE_TIME ( #114, #770 ) ;
#1082 = DIRECTION ( 'NONE',  ( -0.000000000000000000, 0.000000000000000000, 1.000000000000000000 ) ) ;
#1083 = VERTEX_POINT ( 'NONE', #1365 ) ;
#1084 = ORIENTED_EDGE ( 'NONE', *, *, #104, .T. ) ;
#1085 = EDGE_CURVE ( 'NONE', #1438, #547, #877, .T. ) ;
#1086 = CARTESIAN_POINT ( 'NONE',  ( 189.1453876279999804, -51.87514531060000422, 29.00000000000000000 ) ) ;
#1087 = DIRECTION ( 'NONE',  ( 0.000000000000000000, 0.000000000000000000, 1.000000000000000000 ) ) ;
#1088 = CARTESIAN_POINT ( 'NONE',  ( 294.4355463169999894, -103.7688094272999990, -20.00000000000000000 ) ) ;
#1089 = ORIENTED_EDGE ( 'NONE', *, *, #1064, .T. ) ;
#1090 = ADVANCED_FACE ( 'NONE', ( #1373 ), #658, .F. ) ;
#1091 = VERTEX_POINT ( 'NONE', #664 ) ;
#1092 = CC_DESIGN_PERSON_AND_ORGANIZATION_ASSIGNMENT ( #500, #987, ( #966 ) ) ;
#1093 = CARTESIAN_POINT ( 'NONE',  ( 1.200314576999983451, -79.64823859999999911, -20.00000000000000000 ) ) ;
#1094 = CARTESIAN_POINT ( 'NONE',  ( -10.96868851100002473, 10.23170916140000308, 0.000000000000000000 ) ) ;
#1095 = CIRCLE ( 'NONE', #1348, 7.500000000000007105 ) ;
#1096 = CARTESIAN_POINT ( 'NONE',  ( 378.2907752559999608, 0.000000000000000000, 0.000000000000000000 ) ) ;
#1097 = VECTOR ( 'NONE', #1218, 1000.000000000000000 ) ;
#1098 = DIRECTION ( 'NONE',  ( -1.000000000000000000, 0.000000000000000000, 0.000000000000000000 ) ) ;
#1099 = CIRCLE ( 'NONE', #573, 6.499999999999999112 ) ;
#1100 = ORIENTED_EDGE ( 'NONE', *, *, #1288, .F. ) ;
#1101 = CARTESIAN_POINT ( 'NONE',  ( 0.000000000000000000, 0.000000000000000000, 4.500000000000000888 ) ) ;
#1102 = VERTEX_POINT ( 'NONE', #943 ) ;
#1103 = DIRECTION ( 'NONE',  ( -1.000000000000000000, 0.000000000000000000, 0.000000000000000000 ) ) ;
#1104 = DIRECTION ( 'NONE',  ( -0.000000000000000000, 0.000000000000000000, 1.000000000000000000 ) ) ;
#1105 = VECTOR ( 'NONE', #1397, 1000.000000000000000 ) ;
#1106 = ORIENTED_EDGE ( 'NONE', *, *, #13, .F. ) ;
#1107 = CARTESIAN_POINT ( 'NONE',  ( 189.1453876279999804, -165.7751453106000099, 0.000000000000000000 ) ) ;
#1108 = DIRECTION ( 'NONE',  ( 0.7312459006883244017, -0.6821139440933026155, 0.000000000000000000 ) ) ;
#1109 = DIRECTION ( 'NONE',  ( -1.000000000000000000, 0.000000000000000000, 0.000000000000000000 ) ) ;
#1110 = LOCAL_TIME ( 19, 7, 0.000000000000000000, #792 ) ;
#1111 = CARTESIAN_POINT ( 'NONE',  ( 55.28285013999997943, -95.40649841779999463, 0.000000000000000000 ) ) ;
#1112 = ADVANCED_FACE ( 'NONE', ( #585 ), #1538, .F. ) ;
#1113 = EDGE_CURVE ( 'NONE', #1102, #42, #1050, .T. ) ;
#1114 = ORIENTED_EDGE ( 'NONE', *, *, #514, .T. ) ;
#1115 = CARTESIAN_POINT ( 'NONE',  ( 336.8646461959999669, 57.54289668739999541, 0.000000000000000000 ) ) ;
#1116 = EDGE_CURVE ( 'NONE', #1222, #735, #927, .T. ) ;
#1117 = DIRECTION ( 'NONE',  ( -1.000000000000000000, 0.000000000000000000, 0.000000000000000000 ) ) ;
#1118 = LINE ( 'NONE', #1094, #878 ) ;
#1119 = LINE ( 'NONE', #1377, #257 ) ;
#1120 = ORIENTED_EDGE ( 'NONE', *, *, #562, .F. ) ;
#1121 = VECTOR ( 'NONE', #95, 1000.000000000000000 ) ;
#1122 = CYLINDRICAL_SURFACE ( 'NONE', #364, 234.4999999999999432 ) ;
#1123 = AXIS2_PLACEMENT_3D ( 'NONE', #1281, #330, #574 ) ;
#1124 = CARTESIAN_POINT ( 'NONE',  ( 294.4355463169999894, -103.7688094272999990, -20.00000000000000000 ) ) ;
#1125 = CIRCLE ( 'NONE', #446, 7.500000000000007105 ) ;
#1126 = DIRECTION ( 'NONE',  ( -1.000000000000000000, 0.000000000000000000, 0.000000000000000000 ) ) ;
#1127 = VERTEX_POINT ( 'NONE', #929 ) ;
#1128 = DIRECTION ( 'NONE',  ( -0.5332293572801282133, -0.8459707161212033366, 0.000000000000000000 ) ) ;
#1129 = EDGE_CURVE ( 'NONE', #1430, #331, #851, .T. ) ;
#1130 = EDGE_CURVE ( 'NONE', #50, #150, #298, .T. ) ;
#1131 = ORIENTED_EDGE ( 'NONE', *, *, #360, .F. ) ;
#1132 = EDGE_CURVE ( 'NONE', #1040, #1205, #463, .T. ) ;
#1133 = LINE ( 'NONE', #49, #1324 ) ;
#1134 = EDGE_LOOP ( 'NONE', ( #624, #1301, #325, #487 ) ) ;
#1135 = PLANE ( 'NONE',  #549 ) ;
#1136 = ORIENTED_EDGE ( 'NONE', *, *, #86, .F. ) ;
#1137 = DIRECTION ( 'NONE',  ( -0.8459707161212032256, 0.5332293572801281023, 0.000000000000000000 ) ) ;
#1138 = AXIS2_PLACEMENT_3D ( 'NONE', #323, #558, #1036 ) ;
#1139 = ORIENTED_EDGE ( 'NONE', *, *, #367, .F. ) ;
#1140 = CARTESIAN_POINT ( 'NONE',  ( 355.6278857829999538, -0.6272485393000043485, 4.500000000000000888 ) ) ;
#1141 = ORIENTED_EDGE ( 'NONE', *, *, #1462, .F. ) ;
#1142 = DIRECTION ( 'NONE',  ( -0.000000000000000000, 0.000000000000000000, 1.000000000000000000 ) ) ;
#1143 = ORIENTED_EDGE ( 'NONE', *, *, #562, .T. ) ;
#1144 = CIRCLE ( 'NONE', #945, 6.499999999999999112 ) ;
#1145 = DIRECTION ( 'NONE',  ( -0.7312459006883245127, 0.6821139440933026155, 0.000000000000000000 ) ) ;
#1146 = AXIS2_PLACEMENT_3D ( 'NONE', #1071, #1549, #474 ) ;
#1147 = ORIENTED_EDGE ( 'NONE', *, *, #692, .T. ) ;
#1148 = CIRCLE ( 'NONE', #65, 438.0000000000000000 ) ;
#1149 = ORIENTED_EDGE ( 'NONE', *, *, #1458, .F. ) ;
#1150 = FACE_OUTER_BOUND ( 'NONE', #1539, .T. ) ;
#1151 = DIRECTION ( 'NONE',  ( -0.000000000000000000, 0.000000000000000000, 1.000000000000000000 ) ) ;
#1152 = LINE ( 'NONE', #915, #1060 ) ;
#1153 = ORIENTED_EDGE ( 'NONE', *, *, #741, .F. ) ;
#1154 = ORIENTED_EDGE ( 'NONE', *, *, #534, .F. ) ;
#1155 = VECTOR ( 'NONE', #450, 1000.000000000000000 ) ;
#1156 = DIRECTION ( 'NONE',  ( -0.5332293572801282133, -0.8459707161212033366, 0.000000000000000000 ) ) ;
#1157 = CARTESIAN_POINT ( 'NONE',  ( 366.4083548250000035, 58.46543029139999703, -20.00000000000000000 ) ) ;
#1158 = EDGE_CURVE ( 'NONE', #797, #232, #1289, .T. ) ;
#1159 = PERSON_AND_ORGANIZATION ( #1004, #1537 ) ;
#1160 = VERTEX_POINT ( 'NONE', #1300 ) ;
#1161 = SECURITY_CLASSIFICATION ( '', '', #1332 ) ;
#1162 = EDGE_LOOP ( 'NONE', ( #386, #67, #1198, #1024 ) ) ;
#1163 = EDGE_CURVE ( 'NONE', #4, #233, #1044, .T. ) ;
#1164 = LINE ( 'NONE', #80, #978 ) ;
#1165 = LINE ( 'NONE', #90, #1155 ) ;
#1166 = CARTESIAN_POINT ( 'NONE',  ( 378.2907752559999608, 0.000000000000000000, 4.500000000000000888 ) ) ;
#1167 = DIRECTION ( 'NONE',  ( -1.000000000000000000, 0.000000000000000000, 0.000000000000000000 ) ) ;
#1168 = DIRECTION ( 'NONE',  ( -0.000000000000000000, 0.000000000000000000, 1.000000000000000000 ) ) ;
#1169 = ORIENTED_EDGE ( 'NONE', *, *, #1458, .T. ) ;
#1170 = ORIENTED_EDGE ( 'NONE', *, *, #529, .T. ) ;
#1171 = VECTOR ( 'NONE', #1263, 1000.000000000000000 ) ;
#1172 = DIRECTION ( 'NONE',  ( 0.000000000000000000, 0.000000000000000000, -1.000000000000000000 ) ) ;
#1173 = DIRECTION ( 'NONE',  ( -0.000000000000000000, 0.000000000000000000, 1.000000000000000000 ) ) ;
#1174 = VECTOR ( 'NONE', #646, 999.9999999999998863 ) ;
#1175 = DIRECTION ( 'NONE',  ( -0.000000000000000000, 0.000000000000000000, 1.000000000000000000 ) ) ;
#1176 = ORIENTED_EDGE ( 'NONE', *, *, #788, .T. ) ;
#1177 = EDGE_LOOP ( 'NONE', ( #593, #891, #963, #1153 ) ) ;
#1178 = EDGE_CURVE ( 'NONE', #395, #1438, #1133, .T. ) ;
#1179 = DIRECTION ( 'NONE',  ( -0.000000000000000000, 0.000000000000000000, 1.000000000000000000 ) ) ;
#1180 = EDGE_CURVE ( 'NONE', #931, #1252, #412, .T. ) ;
#1181 = DIRECTION ( 'NONE',  ( 0.8459707161212032256, 0.5332293572801281023, 0.000000000000000000 ) ) ;
#1182 = EDGE_CURVE ( 'NONE', #1555, #662, #176, .T. ) ;
#1183 = CARTESIAN_POINT ( 'NONE',  ( 378.2907752559999608, 0.000000000000000000, 4.500000000000000888 ) ) ;
#1184 = ORIENTED_EDGE ( 'NONE', *, *, #1443, .T. ) ;
#1185 = EDGE_LOOP ( 'NONE', ( #92, #647, #215, #1020 ) ) ;
#1186 = LOCAL_TIME ( 19, 7, 0.000000000000000000, #572 ) ;
#1187 = FACE_OUTER_BOUND ( 'NONE', #587, .T. ) ;
#1188 = DIRECTION ( 'NONE',  ( -0.000000000000000000, 0.000000000000000000, 1.000000000000000000 ) ) ;
#1189 = DIRECTION ( 'NONE',  ( -1.000000000000000000, 0.000000000000000000, 0.000000000000000000 ) ) ;
#1190 = EDGE_LOOP ( 'NONE', ( #812, #1489 ) ) ;
#1191 = ORIENTED_EDGE ( 'NONE', *, *, #480, .T. ) ;
#1192 = DIRECTION ( 'NONE',  ( -1.000000000000000000, 0.000000000000000000, 0.000000000000000000 ) ) ;
#1193 = CARTESIAN_POINT ( 'NONE',  ( -21.20039767200002245, -0.7369793489000048270, 0.000000000000000000 ) ) ;
#1194 = DIRECTION ( 'NONE',  ( -0.000000000000000000, 0.000000000000000000, 1.000000000000000000 ) ) ;
#1195 = AXIS2_PLACEMENT_3D ( 'NONE', #345, #589, #838 ) ;
#1196 = CARTESIAN_POINT ( 'NONE',  ( 1.200314477999980811, -79.64823839119999604, 29.00000000000000000 ) ) ;
#1197 = CIRCLE ( 'NONE', #1396, 438.0000000000000000 ) ;
#1198 = ORIENTED_EDGE ( 'NONE', *, *, #579, .F. ) ;
#1199 = VECTOR ( 'NONE', #716, 1000.000000000000000 ) ;
#1200 = ORIENTED_EDGE ( 'NONE', *, *, #977, .T. ) ;
#1201 = DIRECTION ( 'NONE',  ( -0.000000000000000000, 0.000000000000000000, 1.000000000000000000 ) ) ;
#1202 = DIRECTION ( 'NONE',  ( -1.000000000000000000, 0.000000000000000000, 0.000000000000000000 ) ) ;
#1203 = PERSON_AND_ORGANIZATION_ROLE ( 'classification_officer' ) ;
#1204 = CARTESIAN_POINT ( 'NONE',  ( 189.1453876279999236, -475.2751453106000099, 29.00000000000000000 ) ) ;
#1205 = VERTEX_POINT ( 'NONE', #702 ) ;
#1206 = EDGE_LOOP ( 'NONE', ( #357, #209, #1089, #1261 ) ) ;
#1207 = DIRECTION ( 'NONE',  ( 1.000000000000000000, -9.251858538542969855E-16, 0.000000000000000000 ) ) ;
#1208 = APPROVAL_PERSON_ORGANIZATION ( #868, #770, #847 ) ;
#1209 = DIRECTION ( 'NONE',  ( 0.000000000000000000, 0.000000000000000000, -1.000000000000000000 ) ) ;
#1210 = DIRECTION ( 'NONE',  ( -1.000000000000000000, 0.000000000000000000, 0.000000000000000000 ) ) ;
#1211 = LINE ( 'NONE', #980, #134 ) ;
#1212 = ORIENTED_EDGE ( 'NONE', *, *, #40, .T. ) ;
#1213 = AXIS2_PLACEMENT_3D ( 'NONE', #231, #718, #1189 ) ;
#1214 = LINE ( 'NONE', #442, #1245 ) ;
#1215 = ORIENTED_EDGE ( 'NONE', *, *, #1085, .F. ) ;
#1216 = DIRECTION ( 'NONE',  ( -0.000000000000000000, 0.000000000000000000, 1.000000000000000000 ) ) ;
#1217 = AXIS2_PLACEMENT_3D ( 'NONE', #588, #1179, #1061 ) ;
#1218 = DIRECTION ( 'NONE',  ( 0.6821139440933026155, 0.7312459006883245127, 0.000000000000000000 ) ) ;
#1219 = AXIS2_PLACEMENT_3D ( 'NONE', #1389, #311, #555 ) ;
#1220 = COORDINATED_UNIVERSAL_TIME_OFFSET ( 8, 0, .AHEAD. ) ;
#1221 = CARTESIAN_POINT ( 'NONE',  ( 62.64066339799997962, 90.45919172840000044, 0.000000000000000000 ) ) ;
#1222 = VERTEX_POINT ( 'NONE', #56 ) ;
#1223 = CARTESIAN_POINT ( 'NONE',  ( 399.4911729279999690, -0.7369793489000048270, 0.000000000000000000 ) ) ;
#1224 = DIRECTION ( 'NONE',  ( -0.000000000000000000, 0.000000000000000000, 1.000000000000000000 ) ) ;
#1225 = EDGE_CURVE ( 'NONE', #560, #712, #566, .T. ) ;
#1226 = EDGE_CURVE ( 'NONE', #1244, #14, #2, .T. ) ;
#1227 = CARTESIAN_POINT ( 'NONE',  ( 22.66288947299999279, -0.6272485393000043485, 0.000000000000000000 ) ) ;
#1228 = EDGE_CURVE ( 'NONE', #519, #1547, #525, .T. ) ;
#1229 = ORIENTED_EDGE ( 'NONE', *, *, #514, .F. ) ;
#1230 = LINE ( 'NONE', #1335, #1174 ) ;
#1231 = FACE_OUTER_BOUND ( 'NONE', #413, .T. ) ;
#1232 = CARTESIAN_POINT ( 'NONE',  ( 55.28285013999997943, -95.40649841779999463, -20.00000000000000000 ) ) ;
#1233 = ORIENTED_EDGE ( 'NONE', *, *, #320, .T. ) ;
#1234 = LOCAL_TIME ( 19, 7, 0.000000000000000000, #1321 ) ;
#1235 = CARTESIAN_POINT ( 'NONE',  ( 0.000000000000000000, 0.000000000000000000, 0.000000000000000000 ) ) ;
#1236 = ORIENTED_EDGE ( 'NONE', *, *, #907, .F. ) ;
#1237 = CARTESIAN_POINT ( 'NONE',  ( 189.1453876279999236, -475.2751453106000099, 0.000000000000000000 ) ) ;
#1238 = CARTESIAN_POINT ( 'NONE',  ( 41.42612905999997963, 57.54289668739999541, -20.00000000000000000 ) ) ;
#1239 = ORIENTED_EDGE ( 'NONE', *, *, #858, .F. ) ;
#1240 = EDGE_CURVE ( 'NONE', #678, #1252, #1197, .T. ) ;
#1241 = EDGE_CURVE ( 'NONE', #736, #762, #1552, .T. ) ;
#1242 = CARTESIAN_POINT ( 'NONE',  ( 42.28285013999999364, -95.40649841779999463, -20.00000000000000000 ) ) ;
#1243 = EDGE_CURVE ( 'NONE', #1083, #1256, #861, .T. ) ;
#1244 = VERTEX_POINT ( 'NONE', #1221 ) ;
#1245 = VECTOR ( 'NONE', #1175, 1000.000000000000000 ) ;
#1246 = EDGE_CURVE ( 'NONE', #519, #797, #869, .T. ) ;
#1247 = DIRECTION ( 'NONE',  ( -0.000000000000000000, 0.000000000000000000, 1.000000000000000000 ) ) ;
#1248 = FACE_BOUND ( 'NONE', #363, .T. ) ;
#1249 = VECTOR ( 'NONE', #941, 1000.000000000000000 ) ;
#1250 = DIRECTION ( 'NONE',  ( -1.000000000000000000, 0.000000000000000000, 0.000000000000000000 ) ) ;
#1251 = VECTOR ( 'NONE', #161, 1000.000000000000000 ) ;
#1252 = VERTEX_POINT ( 'NONE', #1196 ) ;
#1253 = CARTESIAN_POINT ( 'NONE',  ( 189.1453876279999236, -475.2751453106000099, -20.00000000000000000 ) ) ;
#1254 = EDGE_LOOP ( 'NONE', ( #804, #1374, #968, #224, #1393, #1485, #1269, #408 ) ) ;
#1255 = DIRECTION ( 'NONE',  ( -0.000000000000000000, 0.000000000000000000, 1.000000000000000000 ) ) ;
#1256 = VERTEX_POINT ( 'NONE', #361 ) ;
#1257 = CARTESIAN_POINT ( 'NONE',  ( 336.0079251159999671, -95.40649841779999463, -20.00000000000000000 ) ) ;
#1258 = ORIENTED_EDGE ( 'NONE', *, *, #1554, .F. ) ;
#1259 = LINE ( 'NONE', #452, #97 ) ;
#1260 = LOCAL_TIME ( 19, 7, 0.000000000000000000, #1339 ) ;
#1261 = ORIENTED_EDGE ( 'NONE', *, *, #717, .T. ) ;
#1262 = ORIENTED_EDGE ( 'NONE', *, *, #129, .T. ) ;
#1263 = DIRECTION ( 'NONE',  ( 0.8459707161212033366, 0.5332293572801282133, 0.000000000000000000 ) ) ;
#1264 = PLANE ( 'NONE',  #444 ) ;
#1265 = EDGE_CURVE ( 'NONE', #1376, #553, #1469, .T. ) ;
#1266 = DESIGN_CONTEXT ( 'detailed design', #415, 'design' ) ;
#1267 = AXIS2_PLACEMENT_3D ( 'NONE', #876, #410, #149 ) ;
#1268 = DATE_AND_TIME ( #1030, #1110 ) ;
#1269 = ORIENTED_EDGE ( 'NONE', *, *, #1163, .F. ) ;
#1270 = ORIENTED_EDGE ( 'NONE', *, *, #456, .F. ) ;
#1271 = FACE_OUTER_BOUND ( 'NONE', #26, .T. ) ;
#1272 = LINE ( 'NONE', #814, #223 ) ;
#1273 = VECTOR ( 'NONE', #1435, 1000.000000000000000 ) ;
#1274 =( NAMED_UNIT ( * ) SI_UNIT ( $, .STERADIAN. ) SOLID_ANGLE_UNIT ( ) );
#1275 = VERTEX_POINT ( 'NONE', #1088 ) ;
#1276 = EDGE_CURVE ( 'NONE', #918, #22, #597, .T. ) ;
#1277 = ORIENTED_EDGE ( 'NONE', *, *, #509, .F. ) ;
#1278 = DIRECTION ( 'NONE',  ( -0.000000000000000000, 0.000000000000000000, 1.000000000000000000 ) ) ;
#1279 = CARTESIAN_POINT ( 'NONE',  ( 90.15529823369998041, 46.80710277629999894, -20.00000000000000000 ) ) ;
#1280 = DIRECTION ( 'NONE',  ( -0.000000000000000000, 0.000000000000000000, 1.000000000000000000 ) ) ;
#1281 = CARTESIAN_POINT ( 'NONE',  ( 329.5079251159999671, -95.40649841779999463, 4.500000000000000888 ) ) ;
#1282 = EDGE_LOOP ( 'NONE', ( #512, #1191, #57, #1184 ) ) ;
#1283 = VERTEX_POINT ( 'NONE', #848 ) ;
#1284 = PLANE ( 'NONE',  #947 ) ;
#1285 = FACE_OUTER_BOUND ( 'NONE', #758, .T. ) ;
#1286 = ADVANCED_FACE ( 'NONE', ( #1333 ), #105, .F. ) ;
#1287 = DIRECTION ( 'NONE',  ( 0.4226182617411949338, 0.9063077870364188993, 0.000000000000000000 ) ) ;
#1288 = EDGE_CURVE ( 'NONE', #1430, #1325, #1428, .T. ) ;
#1289 = LINE ( 'NONE', #289, #393 ) ;
#1290 = VERTEX_POINT ( 'NONE', #988 ) ;
#1291 = AXIS2_PLACEMENT_3D ( 'NONE', #845, #605, #1317 ) ;
#1292 = EDGE_CURVE ( 'NONE', #835, #233, #607, .T. ) ;
#1293 = ORIENTED_EDGE ( 'NONE', *, *, #78, .F. ) ;
#1294 = VECTOR ( 'NONE', #542, 1000.000000000000000 ) ;
#1295 = DIRECTION ( 'NONE',  ( 0.000000000000000000, 0.000000000000000000, -1.000000000000000000 ) ) ;
#1296 = DIRECTION ( 'NONE',  ( 0.000000000000000000, 0.000000000000000000, 1.000000000000000000 ) ) ;
#1297 = CIRCLE ( 'NONE', #1451, 6.499999999999999112 ) ;
#1298 = CYLINDRICAL_SURFACE ( 'NONE', #370, 437.9999999999998863 ) ;
#1299 = PERSON_AND_ORGANIZATION_ROLE ( 'creator' ) ;
#1300 = CARTESIAN_POINT ( 'NONE',  ( 62.64066339799997962, 90.45919172840000044, -20.00000000000000000 ) ) ;
#1301 = ORIENTED_EDGE ( 'NONE', *, *, #601, .T. ) ;
#1302 = ORIENTED_EDGE ( 'NONE', *, *, #676, .T. ) ;
#1303 = FACE_OUTER_BOUND ( 'NONE', #879, .T. ) ;
#1304 = CARTESIAN_POINT ( 'NONE',  ( 90.15529823369998041, 46.80710277629999894, 4.500000000000000888 ) ) ;
#1305 = LINE ( 'NONE', #1450, #852 ) ;
#1306 = DIRECTION ( 'NONE',  ( -0.000000000000000000, 0.000000000000000000, 1.000000000000000000 ) ) ;
#1307 = ORIENTED_EDGE ( 'NONE', *, *, #1158, .F. ) ;
#1308 = ORIENTED_EDGE ( 'NONE', *, *, #1180, .T. ) ;
#1309 = CC_DESIGN_APPROVAL ( #985, ( #1029 ) ) ;
#1310 = CARTESIAN_POINT ( 'NONE',  ( 375.3600582049999730, -23.24673950400000422, -20.00000000000000000 ) ) ;
#1311 = CARTESIAN_POINT ( 'NONE',  ( 37.26154191399999860, 74.46231100940001113, 0.000000000000000000 ) ) ;
#1312 = DIRECTION ( 'NONE',  ( -0.000000000000000000, 0.000000000000000000, 1.000000000000000000 ) ) ;
#1313 = EDGE_CURVE ( 'NONE', #1547, #524, #1211, .T. ) ;
#1314 = CARTESIAN_POINT ( 'NONE',  ( 379.0277546049999273, 21.20039767169999578, -10.00000000000000000 ) ) ;
#1315 = ORIENTED_EDGE ( 'NONE', *, *, #1241, .T. ) ;
#1316 = ORIENTED_EDGE ( 'NONE', *, *, #179, .F. ) ;
#1317 = DIRECTION ( 'NONE',  ( 0.8645488787142462384, 0.5025487402371431322, 0.000000000000000000 ) ) ;
#1318 = FACE_BOUND ( 'NONE', #1353, .T. ) ;
#1319 = EDGE_CURVE ( 'NONE', #1031, #1439, #1344, .T. ) ;
#1320 = CC_DESIGN_PERSON_AND_ORGANIZATION_ASSIGNMENT ( #826, #1299, ( #1029 ) ) ;
#1321 = COORDINATED_UNIVERSAL_TIME_OFFSET ( 8, 0, .AHEAD. ) ;
#1322 = CIRCLE ( 'NONE', #725, 6.500000000000005329 ) ;
#1323 = DIRECTION ( 'NONE',  ( -0.000000000000000000, 0.000000000000000000, 1.000000000000000000 ) ) ;
#1324 = VECTOR ( 'NONE', #1016, 1000.000000000000114 ) ;
#1325 = VERTEX_POINT ( 'NONE', #723 ) ;
#1326 = VECTOR ( 'NONE', #1011, 1000.000000000000000 ) ;
#1327 = VECTOR ( 'NONE', #1002, 1000.000000000000227 ) ;
#1328 = EDGE_LOOP ( 'NONE', ( #1120, #1445 ) ) ;
#1329 = LINE ( 'NONE', #273, #1372 ) ;
#1330 = DIRECTION ( 'NONE',  ( 0.7312459006883244017, 0.6821139440933026155, 0.000000000000000000 ) ) ;
#1331 = LINE ( 'NONE', #254, #318 ) ;
#1332 = SECURITY_CLASSIFICATION_LEVEL ( 'unclassified' ) ;
#1333 = FACE_OUTER_BOUND ( 'NONE', #304, .T. ) ;
#1334 = ORIENTED_EDGE ( 'NONE', *, *, #280, .T. ) ;
#1335 = CARTESIAN_POINT ( 'NONE',  ( 322.5759519859999500, -114.1667688990000045, -20.00000000000000000 ) ) ;
#1336 = AXIS2_PLACEMENT_3D ( 'NONE', #64, #1516, #1167 ) ;
#1337 = LINE ( 'NONE', #1062, #950 ) ;
#1338 = CARTESIAN_POINT ( 'NONE',  ( 189.1453876279999804, -165.7751453106000099, -20.00000000000000000 ) ) ;
#1339 = COORDINATED_UNIVERSAL_TIME_OFFSET ( 8, 0, .AHEAD. ) ;
#1340 = CARTESIAN_POINT ( 'NONE',  ( 74.84366406899998481, -79.38045786309999130, 0.000000000000000000 ) ) ;
#1341 = ORIENTED_EDGE ( 'NONE', *, *, #1502, .F. ) ;
#1342 = EDGE_CURVE ( 'NONE', #744, #309, #1543, .T. ) ;
#1343 = ADVANCED_FACE ( 'NONE', ( #142 ), #750, .F. ) ;
#1344 = CIRCLE ( 'NONE', #1068, 6.500000000000005329 ) ;
#1345 = FACE_OUTER_BOUND ( 'NONE', #726, .T. ) ;
#1346 = VERTEX_POINT ( 'NONE', #1544 ) ;
#1347 = CARTESIAN_POINT ( 'NONE',  ( 27.57441748199998699, -124.5647284148000011, -20.00000000000000000 ) ) ;
#1348 = AXIS2_PLACEMENT_3D ( 'NONE', #210, #706, #822 ) ;
#1349 = AXIS2_PLACEMENT_3D ( 'NONE', #110, #119, #1072 ) ;
#1350 = LINE ( 'NONE', #898, #1409 ) ;
#1351 = ORIENTED_EDGE ( 'NONE', *, *, #745, .T. ) ;
#1352 = FACE_OUTER_BOUND ( 'NONE', #237, .T. ) ;
#1353 = EDGE_LOOP ( 'NONE', ( #124, #505 ) ) ;
#1354 = DIRECTION ( 'NONE',  ( -1.000000000000000000, 0.000000000000000000, 0.000000000000000000 ) ) ;
#1355 = VERTEX_POINT ( 'NONE', #951 ) ;
#1356 = CARTESIAN_POINT ( 'NONE',  ( 323.8646461959999669, 57.54289668739999541, 0.000000000000000000 ) ) ;
#1357 = ORIENTED_EDGE ( 'NONE', *, *, #205, .F. ) ;
#1358 = DIRECTION ( 'NONE',  ( -0.000000000000000000, 0.000000000000000000, 1.000000000000000000 ) ) ;
#1359 = LINE ( 'NONE', #36, #1529 ) ;
#1360 = DIRECTION ( 'NONE',  ( -1.000000000000000000, 0.000000000000000000, 0.000000000000000000 ) ) ;
#1361 = DIRECTION ( 'NONE',  ( -0.7312459006883245127, -0.6821139440933026155, 0.000000000000000000 ) ) ;
#1362 = EDGE_CURVE ( 'NONE', #465, #1325, #58, .T. ) ;
#1363 = FACE_OUTER_BOUND ( 'NONE', #1411, .T. ) ;
#1364 = ORIENTED_EDGE ( 'NONE', *, *, #205, .T. ) ;
#1365 = CARTESIAN_POINT ( 'NONE',  ( 379.0277546049999273, 21.20039767169999578, -20.00000000000000000 ) ) ;
#1366 = CARTESIAN_POINT ( 'NONE',  ( 377.0904607780000219, -79.64823839119999604, 4.500000000000000888 ) ) ;
#1367 = EDGE_CURVE ( 'NONE', #1275, #614, #599, .T. ) ;
#1368 = ORIENTED_EDGE ( 'NONE', *, *, #247, .T. ) ;
#1369 = DIRECTION ( 'NONE',  ( -1.000000000000000000, 0.000000000000000000, 0.000000000000000000 ) ) ;
#1370 = CIRCLE ( 'NONE', #1448, 234.5000000000000000 ) ;
#1371 = ORIENTED_EDGE ( 'NONE', *, *, #1558, .F. ) ;
#1372 = VECTOR ( 'NONE', #130, 1000.000000000000000 ) ;
#1373 = FACE_OUTER_BOUND ( 'NONE', #281, .T. ) ;
#1374 = ORIENTED_EDGE ( 'NONE', *, *, #1240, .T. ) ;
#1375 = CARTESIAN_POINT ( 'NONE',  ( -21.20039767200002245, -0.7369793489000048270, -20.00000000000000000 ) ) ;
#1376 = VERTEX_POINT ( 'NONE', #1242 ) ;
#1377 = CARTESIAN_POINT ( 'NONE',  ( -6.195504927000023088, -63.78785216250000900, 29.00000000000000000 ) ) ;
#1378 = EDGE_LOOP ( 'NONE', ( #910, #644, #1316, #1136 ) ) ;
#1379 = AXIS2_PLACEMENT_3D ( 'NONE', #1414, #1390, #799 ) ;
#1380 = ORIENTED_EDGE ( 'NONE', *, *, #1503, .F. ) ;
#1381 = FACE_OUTER_BOUND ( 'NONE', #1134, .T. ) ;
#1382 = DIRECTION ( 'NONE',  ( -1.000000000000000000, 0.000000000000000000, 0.000000000000000000 ) ) ;
#1383 = APPROVAL_ROLE ( '' ) ;
#1384 = AXIS2_PLACEMENT_3D ( 'NONE', #1235, #1104, #1486 ) ;
#1385 = EDGE_LOOP ( 'NONE', ( #829, #184, #1334, #982 ) ) ;
#1386 = ORIENTED_EDGE ( 'NONE', *, *, #62, .F. ) ;
#1387 = ADVANCED_FACE ( 'NONE', ( #47 ), #183, .T. ) ;
#1388 = EDGE_CURVE ( 'NONE', #454, #195, #661, .T. ) ;
#1389 = CARTESIAN_POINT ( 'NONE',  ( 330.3646461959999669, 57.54289668739999541, 4.500000000000000888 ) ) ;
#1390 = DIRECTION ( 'NONE',  ( -0.000000000000000000, 0.000000000000000000, 1.000000000000000000 ) ) ;
#1391 = EDGE_CURVE ( 'NONE', #553, #1376, #1144, .T. ) ;
#1392 = ORIENTED_EDGE ( 'NONE', *, *, #13, .T. ) ;
#1393 = ORIENTED_EDGE ( 'NONE', *, *, #1388, .T. ) ;
#1394 = AXIS2_PLACEMENT_3D ( 'NONE', #823, #1296, #433 ) ;
#1395 = DIRECTION ( 'NONE',  ( 1.000000000000000000, -9.251858538542969855E-16, 0.000000000000000000 ) ) ;
#1396 = AXIS2_PLACEMENT_3D ( 'NONE', #1204, #1074, #1098 ) ;
#1397 = DIRECTION ( 'NONE',  ( -0.000000000000000000, 0.000000000000000000, 1.000000000000000000 ) ) ;
#1398 = CIRCLE ( 'NONE', #729, 234.5000000000000000 ) ;
#1399 = CARTESIAN_POINT ( 'NONE',  ( 385.7907752559999608, 0.000000000000000000, -20.00000000000000000 ) ) ;
#1400 = EDGE_LOOP ( 'NONE', ( #719, #567, #633, #391 ) ) ;
#1401 = EDGE_LOOP ( 'NONE', ( #202, #893, #1481, #326 ) ) ;
#1402 = EDGE_CURVE ( 'NONE', #1555, #1102, #875, .T. ) ;
#1403 = LINE ( 'NONE', #659, #1025 ) ;
#1404 = CARTESIAN_POINT ( 'NONE',  ( 76.39798081599998625, 68.63314725239999348, -20.00000000000000000 ) ) ;
#1405 = EDGE_CURVE ( 'NONE', #331, #1430, #187, .T. ) ;
#1406 = EDGE_CURVE ( 'NONE', #657, #232, #25, .T. ) ;
#1407 = FACE_OUTER_BOUND ( 'NONE', #11, .T. ) ;
#1408 = ADVANCED_FACE ( 'NONE', ( #1363 ), #763, .F. ) ;
#1409 = VECTOR ( 'NONE', #537, 1000.000000000000000 ) ;
#1410 = CARTESIAN_POINT ( 'NONE',  ( 341.0292333419999977, 74.46231100940001113, 0.000000000000000000 ) ) ;
#1411 = EDGE_LOOP ( 'NONE', ( #99, #669, #1422, #79 ) ) ;
#1412 = VERTEX_POINT ( 'NONE', #1111 ) ;
#1413 = CARTESIAN_POINT ( 'NONE',  ( 41.42612905999997963, 57.54289668739999541, 4.500000000000000888 ) ) ;
#1414 = CARTESIAN_POINT ( 'NONE',  ( 47.92612905999998674, 57.54289668739999541, 4.500000000000000888 ) ) ;
#1415 = CARTESIAN_POINT ( 'NONE',  ( 336.0079251159999671, -95.40649841779999463, 4.500000000000000888 ) ) ;
#1416 = DIRECTION ( 'NONE',  ( -0.000000000000000000, 0.000000000000000000, 1.000000000000000000 ) ) ;
#1417 = EDGE_CURVE ( 'NONE', #918, #547, #1350, .T. ) ;
#1418 = AXIS2_PLACEMENT_3D ( 'NONE', #1452, #347, #470 ) ;
#1419 = DIRECTION ( 'NONE',  ( -1.000000000000000000, 0.000000000000000000, 0.000000000000000000 ) ) ;
#1420 = ORIENTED_EDGE ( 'NONE', *, *, #1276, .T. ) ;
#1421 = VECTOR ( 'NONE', #830, 1000.000000000000000 ) ;
#1422 = ORIENTED_EDGE ( 'NONE', *, *, #1265, .F. ) ;
#1423 = CIRCLE ( 'NONE', #1495, 234.5000000000000000 ) ;
#1424 = VECTOR ( 'NONE', #1188, 1000.000000000000000 ) ;
#1425 = CARTESIAN_POINT ( 'NONE',  ( 2.930717050999981588, -23.24673950400000422, 0.000000000000000000 ) ) ;
#1426 = CARTESIAN_POINT ( 'NONE',  ( 39.45037820199998180, 14.72874426789999625, -20.00000000000000000 ) ) ;
#1427 = CARTESIAN_POINT ( 'NONE',  ( 323.0079251159999671, -95.40649841779999463, 0.000000000000000000 ) ) ;
#1428 = LINE ( 'NONE', #256, #819 ) ;
#1429 = ORIENTED_EDGE ( 'NONE', *, *, #583, .F. ) ;
#1430 = VERTEX_POINT ( 'NONE', #1494 ) ;
#1431 = EDGE_CURVE ( 'NONE', #621, #1091, #51, .T. ) ;
#1432 = DIRECTION ( 'NONE',  ( -1.000000000000000000, 0.000000000000000000, 0.000000000000000000 ) ) ;
#1433 = DIRECTION ( 'NONE',  ( 0.5332293572801281023, -0.8459707161212032256, 0.000000000000000000 ) ) ;
#1434 = CIRCLE ( 'NONE', #426, 6.500000000000005329 ) ;
#1435 = DIRECTION ( 'NONE',  ( 0.000000000000000000, 0.000000000000000000, -1.000000000000000000 ) ) ;
#1436 = PERSON_AND_ORGANIZATION_ROLE ( 'design_supplier' ) ;
#1437 = CARTESIAN_POINT ( 'NONE',  ( 288.1354770222999946, 46.80710277629999894, 4.500000000000000888 ) ) ;
#1438 = VERTEX_POINT ( 'NONE', #771 ) ;
#1439 = VERTEX_POINT ( 'NONE', #1356 ) ;
#1440 = CC_DESIGN_PERSON_AND_ORGANIZATION_ASSIGNMENT ( #1159, #942, ( #146 ) ) ;
#1441 = DIRECTION ( 'NONE',  ( 0.7312459006883245127, -0.6821139440933026155, 0.000000000000000000 ) ) ;
#1442 = CARTESIAN_POINT ( 'NONE',  ( 9.551287654999990551, -75.78802504909999982, 0.000000000000000000 ) ) ;
#1443 = EDGE_CURVE ( 'NONE', #150, #762, #294, .T. ) ;
#1444 = CARTESIAN_POINT ( 'NONE',  ( -0.7369793489999942881, 21.20039767169999578, -20.00000000000000000 ) ) ;
#1445 = ORIENTED_EDGE ( 'NONE', *, *, #808, .F. ) ;
#1446 = ORIENTED_EDGE ( 'NONE', *, *, #1482, .T. ) ;
#1447 = LINE ( 'NONE', #358, #548 ) ;
#1448 = AXIS2_PLACEMENT_3D ( 'NONE', #417, #170, #798 ) ;
#1449 = CARTESIAN_POINT ( 'NONE',  ( 189.1453876279999804, -51.87514531060000422, 0.000000000000000000 ) ) ;
#1450 = CARTESIAN_POINT ( 'NONE',  ( 359.7279226880000351, -100.1763767319999943, -20.00000000000000000 ) ) ;
#1451 = AXIS2_PLACEMENT_3D ( 'NONE', #504, #1477, #754 ) ;
#1452 = CARTESIAN_POINT ( 'NONE',  ( 48.78285014000000075, -95.40649841779999463, -20.00000000000000000 ) ) ;
#1453 = CIRCLE ( 'NONE', #855, 438.0000000000000000 ) ;
#1454 = ORIENTED_EDGE ( 'NONE', *, *, #1367, .F. ) ;
#1455 = DIRECTION ( 'NONE',  ( 0.3465986505270888252, 0.9380135262632416371, 0.000000000000000000 ) ) ;
#1456 = DIRECTION ( 'NONE',  ( 0.6821139440933026155, -0.7312459006883244017, 0.000000000000000000 ) ) ;
#1457 = LINE ( 'NONE', #269, #1097 ) ;
#1458 = EDGE_CURVE ( 'NONE', #1355, #1127, #283, .T. ) ;
#1459 = APPROVAL_STATUS ( 'not_yet_approved' ) ;
#1460 = DIRECTION ( 'NONE',  ( -0.6821139440933026155, -0.7312459006883244017, -0.000000000000000000 ) ) ;
#1461 = ADVANCED_FACE ( 'NONE', ( #384 ), #173, .T. ) ;
#1462 = EDGE_CURVE ( 'NONE', #630, #937, #518, .T. ) ;
#1463 = ORIENTED_EDGE ( 'NONE', *, *, #789, .F. ) ;
#1464 = DIRECTION ( 'NONE',  ( -0.000000000000000000, 0.000000000000000000, 1.000000000000000000 ) ) ;
#1465 = PLANE ( 'NONE',  #371 ) ;
#1466 = CC_DESIGN_PERSON_AND_ORGANIZATION_ASSIGNMENT ( #733, #1203, ( #1161 ) ) ;
#1467 = CARTESIAN_POINT ( 'NONE',  ( 48.78285014000000075, -95.40649841779999463, 4.500000000000000888 ) ) ;
#1468 = ORIENTED_EDGE ( 'NONE', *, *, #973, .T. ) ;
#1469 = CIRCLE ( 'NONE', #1418, 6.499999999999999112 ) ;
#1470 = DIRECTION ( 'NONE',  ( -0.000000000000000000, 0.000000000000000000, 1.000000000000000000 ) ) ;
#1471 = CARTESIAN_POINT ( 'NONE',  ( -6.195504927000023088, -63.78785216250000900, -20.00000000000000000 ) ) ;
#1472 = CARTESIAN_POINT ( 'NONE',  ( 189.1453876279999804, -51.87514531060000422, 0.000000000000000000 ) ) ;
#1473 = DIRECTION ( 'NONE',  ( -0.000000000000000000, 0.000000000000000000, 1.000000000000000000 ) ) ;
#1474 = VECTOR ( 'NONE', #1255, 1000.000000000000000 ) ;
#1475 = ORIENTED_EDGE ( 'NONE', *, *, #103, .T. ) ;
#1476 = VECTOR ( 'NONE', #490, 1000.000000000000000 ) ;
#1477 = DIRECTION ( 'NONE',  ( -0.000000000000000000, 0.000000000000000000, 1.000000000000000000 ) ) ;
#1478 = PLANE ( 'NONE',  #268 ) ;
#1479 = EDGE_LOOP ( 'NONE', ( #464, #1012, #437, #1357 ) ) ;
#1480 = DIRECTION ( 'NONE',  ( -1.000000000000000000, 0.000000000000000000, 0.000000000000000000 ) ) ;
#1481 = ORIENTED_EDGE ( 'NONE', *, *, #1391, .F. ) ;
#1482 = EDGE_CURVE ( 'NONE', #782, #1059, #544, .T. ) ;
#1483 = FACE_OUTER_BOUND ( 'NONE', #1401, .T. ) ;
#1484 = DIRECTION ( 'NONE',  ( 0.000000000000000000, 0.000000000000000000, 1.000000000000000000 ) ) ;
#1485 = ORIENTED_EDGE ( 'NONE', *, *, #313, .F. ) ;
#1486 = DIRECTION ( 'NONE',  ( -1.000000000000000000, 0.000000000000000000, 0.000000000000000000 ) ) ;
#1487 = ORIENTED_EDGE ( 'NONE', *, *, #741, .T. ) ;
#1488 = DIRECTION ( 'NONE',  ( -0.000000000000000000, 0.000000000000000000, 1.000000000000000000 ) ) ;
#1489 = ORIENTED_EDGE ( 'NONE', *, *, #1405, .F. ) ;
#1490 = AXIS2_PLACEMENT_3D ( 'NONE', #123, #355, #613 ) ;
#1491 = DIRECTION ( 'NONE',  ( -0.000000000000000000, 0.000000000000000000, 1.000000000000000000 ) ) ;
#1492 = ORIENTED_EDGE ( 'NONE', *, *, #245, .T. ) ;
#1493 = AXIS2_PLACEMENT_3D ( 'NONE', #1086, #94, #948 ) ;
#1494 = CARTESIAN_POINT ( 'NONE',  ( -7.500000000000007105, 0.000000000000000000, 0.000000000000000000 ) ) ;
#1495 = AXIS2_PLACEMENT_3D ( 'NONE', #813, #1491, #1524 ) ;
#1496 = ORIENTED_EDGE ( 'NONE', *, *, #1402, .T. ) ;
#1497 = AXIS2_PLACEMENT_3D ( 'NONE', #1101, #1464, #1207 ) ;
#1498 = VERTEX_POINT ( 'NONE', #1227 ) ;
#1499 = CARTESIAN_POINT ( 'NONE',  ( 62.64066339799997962, 90.45919172840000044, -20.00000000000000000 ) ) ;
#1500 = CARTESIAN_POINT ( 'NONE',  ( 0.000000000000000000, 0.000000000000000000, -20.00000000000000000 ) ) ;
#1501 = PERSON_AND_ORGANIZATION ( #1004, #1537 ) ;
#1502 = EDGE_CURVE ( 'NONE', #547, #524, #1511, .T. ) ;
#1503 = EDGE_CURVE ( 'NONE', #1252, #524, #1119, .T. ) ;
#1504 = ORIENTED_EDGE ( 'NONE', *, *, #108, .F. ) ;
#1505 = CLOSED_SHELL ( 'NONE', ( #297, #1523, #691, #793, #1090, #127, #409, #1112, #406, #175, #255, #559, #387, #627, #1461, #250, #1065, #539, #429, #160, #10, #63, #1519, #932, #679, #883, #1408, #392, #645, #401, #1343, #226, #1022, #727, #200, #388, #862, #1387, #1286, #841, #1015, #462, #743, #839 ) ) ;
#1506 = VERTEX_POINT ( 'NONE', #302 ) ;
#1507 = EDGE_CURVE ( 'NONE', #1059, #1083, #1259, .T. ) ;
#1508 = DIRECTION ( 'NONE',  ( 0.000000000000000000, 0.000000000000000000, -1.000000000000000000 ) ) ;
#1509 = CARTESIAN_POINT ( 'NONE',  ( 27.57441748199998699, -124.5647284148000011, 0.000000000000000000 ) ) ;
#1510 =( LENGTH_UNIT ( ) NAMED_UNIT ( * ) SI_UNIT ( .MILLI., .METRE. ) );
#1511 = CIRCLE ( 'NONE', #715, 234.5000000000000000 ) ;
#1512 = ORIENTED_EDGE ( 'NONE', *, *, #360, .T. ) ;
#1513 = ORIENTED_EDGE ( 'NONE', *, *, #1391, .T. ) ;
#1514 = CARTESIAN_POINT ( 'NONE',  ( 301.8927944399999888, 68.63314725239999348, -20.00000000000000000 ) ) ;
#1515 = LINE ( 'NONE', #439, #523 ) ;
#1516 = DIRECTION ( 'NONE',  ( -0.000000000000000000, 0.000000000000000000, 1.000000000000000000 ) ) ;
#1517 = CARTESIAN_POINT ( 'NONE',  ( 39.45037820199998180, 14.72874426789999625, 0.000000000000000000 ) ) ;
#1518 = ORIENTED_EDGE ( 'NONE', *, *, #1313, .T. ) ;
#1519 = ADVANCED_FACE ( 'NONE', ( #70 ), #700, .F. ) ;
#1520 = EDGE_CURVE ( 'NONE', #872, #909, #314, .T. ) ;
#1521 = CIRCLE ( 'NONE', #216, 234.5000000000000000 ) ;
#1522 = ORIENTED_EDGE ( 'NONE', *, *, #34, .T. ) ;
#1523 = ADVANCED_FACE ( 'NONE', ( #75 ), #82, .F. ) ;
#1524 = DIRECTION ( 'NONE',  ( -1.000000000000000000, 0.000000000000000000, 0.000000000000000000 ) ) ;
#1525 = AXIS2_PLACEMENT_3D ( 'NONE', #262, #1323, #967 ) ;
#1526 = DIRECTION ( 'NONE',  ( -1.000000000000000000, 0.000000000000000000, 0.000000000000000000 ) ) ;
#1527 = AXIS2_PLACEMENT_3D ( 'NONE', #708, #1312, #220 ) ;
#1528 = EDGE_CURVE ( 'NONE', #519, #657, #1152, .T. ) ;
#1529 = VECTOR ( 'NONE', #895, 1000.000000000000000 ) ;
#1530 =( NAMED_UNIT ( * ) PLANE_ANGLE_UNIT ( ) SI_UNIT ( $, .RADIAN. ) );
#1531 = DIRECTION ( 'NONE',  ( -0.000000000000000000, 0.000000000000000000, 1.000000000000000000 ) ) ;
#1532 = ORIENTED_EDGE ( 'NONE', *, *, #1064, .F. ) ;
#1533 = ORIENTED_EDGE ( 'NONE', *, *, #1228, .T. ) ;
#1534 = DIRECTION ( 'NONE',  ( 0.9063077903916660905, 0.4226182545458440631, 0.000000000000000000 ) ) ;
#1535 = DIRECTION ( 'NONE',  ( 0.5332293572801282133, 0.8459707161212033366, 0.000000000000000000 ) ) ;
#1536 = APPROVAL_DATE_TIME ( #1056, #985 ) ;
#1537 = ORGANIZATION ( 'UNSPECIFIED', 'UNSPECIFIED', '' ) ;
#1538 = CYLINDRICAL_SURFACE ( 'NONE', #317, 7.500000000000007105 ) ;
#1539 = EDGE_LOOP ( 'NONE', ( #1067, #667, #1026, #787 ) ) ;
#1540 = ORIENTED_EDGE ( 'NONE', *, *, #626, .T. ) ;
#1541 = LINE ( 'NONE', #466, #1421 ) ;
#1542 = FACE_OUTER_BOUND ( 'NONE', #1282, .T. ) ;
#1543 = CIRCLE ( 'NONE', #385, 6.500000000000005329 ) ;
#1544 = CARTESIAN_POINT ( 'NONE',  ( 42.28285013999999364, -95.40649841779999463, 0.000000000000000000 ) ) ;
#1545 = ORIENTED_EDGE ( 'NONE', *, *, #1085, .T. ) ;
#1546 = VECTOR ( 'NONE', #1172, 1000.000000000000000 ) ;
#1547 = VERTEX_POINT ( 'NONE', #336 ) ;
#1548 = AXIS2_PLACEMENT_3D ( 'NONE', #102, #1087, #475 ) ;
#1549 = DIRECTION ( 'NONE',  ( 0.9380135262632416371, 0.3465986505270888807, 0.000000000000000000 ) ) ;
#1550 = FACE_OUTER_BOUND ( 'NONE', #615, .T. ) ;
#1551 = VECTOR ( 'NONE', #1066, 1000.000000000000000 ) ;
#1552 = LINE ( 'NONE', #1437, #728 ) ;
#1553 = ORIENTED_EDGE ( 'NONE', *, *, #1246, .F. ) ;
#1554 = EDGE_CURVE ( 'NONE', #1160, #1244, #461, .T. ) ;
#1555 = VERTEX_POINT ( 'NONE', #684 ) ;
#1556 = CARTESIAN_POINT ( 'NONE',  ( 329.5079251159999671, -95.40649841779999463, 4.500000000000000888 ) ) ;
#1557 = DIRECTION ( 'NONE',  ( -1.000000000000000000, 0.000000000000000000, 0.000000000000000000 ) ) ;
#1558 = EDGE_CURVE ( 'NONE', #820, #1040, #935, .T. ) ;
#1559 = DIRECTION ( 'NONE',  ( -0.000000000000000000, 0.000000000000000000, 1.000000000000000000 ) ) ;
ENDSEC;
END-ISO-10303-21;
